Date,portfolio_return,portfolio_pnl,SPY_contrib,QQQ_contrib,TLT_contrib,GLD_contrib,HYG_contrib,cumulative_pnl
2020-01-01,0.0054718011214580356,5471.801121458036,2086.199442647177,1409.7604596895046,476.2134966072116,1362.7897241131739,136.83799840096873,5471.801121458036
2020-01-02,0.0014512201219925027,1451.2201219925028,-983.3752191865583,1412.3077308476138,1294.2473159869014,-278.84685491322176,6.887149257767475,6923.021243450538
2020-01-03,-0.006253312016389685,-6253.312016389686,-1946.3543098123414,-2131.0531132525257,536.4685842384564,-1390.1562966990316,-1322.2168808642425,669.7092270608528
2020-01-06,-0.006756952268465909,-6756.95226846591,-2361.607622812085,-3199.880730797161,622.2552369639077,-593.0983214058108,-1224.62083041476,-6087.243041405057
2020-01-07,0.009505890276551672,9505.890276551672,6155.724829470527,4409.688465892435,-866.7529803658736,-897.3420819518029,704.5720435063861,3418.6472351466155
2020-01-08,-0.0009259924224826938,-925.9924224826939,465.87487678143754,-1221.6635598011692,257.8172269742085,-273.7101759728326,-154.310790464338,2492.654812663922
2020-01-09,-0.002286567937206183,-2286.567937206183,-2527.1677713634667,603.3011003133281,587.2465556489504,-969.8114572090507,19.863635404055834,206.08687545773864
2020-01-10,-0.012488546308762744,-12488.546308762745,-5127.543329878293,-3644.6153820879103,-1643.971085011994,-1621.9898533970959,-450.42665838744966,-12282.459433305006
2020-01-13,0.004667923080014854,4667.923080014854,3101.5596359807237,2612.930701912623,-588.3248516732297,-194.90866385725727,-263.33374234800556,-7614.536353290152
2020-01-14,-0.005400770989479106,-5400.770989479106,-3023.3456752577763,-2949.7631200037413,1712.9609121287829,484.4410623940007,-1625.0641687403722,-13015.307342769258
2020-01-15,0.0020249540201135994,2024.9540201135994,1361.152671458139,515.3275276871392,-1093.2547573447237,342.9592457076525,898.7693326053924,-10990.35332265566
2020-01-16,0.006227020931786052,6227.020931786052,3911.3765002880336,1847.5553430994157,-1073.3939059757674,311.9246156237665,1229.5583787506034,-4763.3323908696075
2020-01-17,-0.005855125656051006,-5855.125656051006,-2012.5317989502178,-1797.612110898273,-1097.3113877874089,-1211.651008557547,263.98065014244037,-10618.458046920614
2020-01-20,0.011456011081423875,11456.011081423874,5696.2081199974555,4268.315581652996,385.54566236053125,659.6086676602081,446.33304975268254,837.5530345032603
2020-01-21,0.004685504525565631,4685.504525565631,1517.8615431353383,3273.4405341440483,-85.4580411249046,1104.2944396801,-1124.6339502689507,5523.057560068892
2020-01-22,0.004960387320548977,4960.387320548977,3451.9905183759397,2765.92976852992,-879.2892070832,66.8042457239336,-445.04800499761495,10483.44488061787
2020-01-23,-1.1870067744514947e-05,-11.870067744514946,-922.6219289175501,-217.4870735120981,2020.749024600313,-58.719281285296525,-833.7908086298835,10471.574812873354
2020-01-24,-0.0021807974777688283,-2180.7974777688282,-2107.3795830550534,-359.98754555559896,836.3598502862542,-419.431003806599,-130.35919563783114,8290.777335104525
2020-01-27,0.0007290123004800771,729.0123004800771,407.7257072617696,1641.2938513775175,-817.0965925430193,-474.0580840176731,-28.85258159851777,9019.789635584602
2020-01-28,-0.01045372835618692,-10453.728356186919,-6146.762782154898,-4306.325727457538,1282.8174175530266,-89.0722290329754,-1194.3850350945365,-1433.9387206023166
2020-01-29,-0.012501281420882918,-12501.281420882919,-5944.557116611739,-5134.498975341874,414.14574023181433,-798.3914650251353,-1037.9796041359837,-13935.220141485235
2020-01-30,0.006165287333547456,6165.287333547456,1697.0135986210614,3888.351849021379,191.7643659601275,159.11973700464932,229.03778294023886,-7769.932807937779
2020-01-31,-0.012740582668815718,-12740.582668815718,-8058.839104255973,-6214.812774197315,1280.5517118601738,1681.0559862456123,-1428.5384884682153,-20510.5154767535
2020-02-03,0.0019555402073430576,1955.5402073430575,1266.4988378011724,923.3678129599988,-1648.4080005559683,593.3643037877226,820.7172533501325,-18554.975269410443
2020-02-04,0.005815623715410754,5815.623715410754,3322.334177580797,1299.7031335467793,1136.7356790175957,-565.107633664162,621.9583589297437,-12739.351553999688
2020-02-05,0.014246399794555947,14246.399794555948,9199.91362840191,5694.5343168815425,-2204.9509008702844,203.43547419898593,1353.4672759437926,1507.0482405562598
2020-02-06,-0.013220954699213167,-13220.954699213167,-6512.786410477756,-4899.087438060591,-336.6076839349998,-66.16203193247269,-1406.3111348073473,-11713.906458656907
2020-02-07,0.010162734349230297,10162.734349230297,6509.724501073665,3916.3890770323683,-1472.3375624003227,726.4746285521079,482.48370497248067,-1551.1721094266104
2020-02-10,0.0017382207086747497,1738.2207086747496,955.3317253373435,2525.447340047466,-1984.776540116796,-326.9085429618342,569.1267263685706,187.04859924813923
2020-02-11,0.0029506452633216236,2950.6452633216236,3283.6560614647033,820.7267230933751,-2285.860287143724,209.81928236325058,922.303483544019,3137.693862569763
2020-02-12,0.0018256797467752024,1825.6797467752024,1052.0699714526813,1281.8149260320486,-961.9059448944386,5.001148065272479,448.69964611963843,4963.373609344965
2020-02-13,-0.002662628027898241,-2662.628027898241,-3000.2759557107447,259.0979292965077,1266.249880608317,-958.5708081677549,-229.1290739245659,2300.7455814467244
2020-02-14,-0.0048247897133246315,-4824.7897133246315,-4093.66301495475,-2058.8198065329443,2151.3153442650823,-465.48918040534755,-358.13305569667244,-2524.044131877907
2020-02-17,0.006252416853763513,6252.416853763513,1733.6798931332928,2456.7862254555575,2200.0205703425886,283.76006901416343,-421.8299041820901,3728.372721885606
2020-02-18,-0.007614944333798183,-7614.944333798183,-3735.9606044271977,-3983.2950614389083,365.3710609743229,201.74586177847098,-462.8055906848699,-3886.571611912577
2020-02-19,0.009501579014023941,9501.57901402394,3474.1696459513,2681.364942339354,1289.1249575629477,247.28598962833092,1809.63347854201,5615.007402111363
2020-02-20,0.0023338066636382536,2333.8066636382537,2627.802860613026,838.8736200644848,-1830.8156660779816,204.70338586191136,493.24246317681275,7948.814065749617
2020-02-21,0.00453695528619806,4536.95528619806,2998.802075186786,2948.228387060042,-482.96673323620166,-614.6505954003715,-312.4578474121958,12485.769351947678
2020-02-24,-0.00272951738704623,-2729.51738704623,-1875.3627986814884,-263.0437106965614,651.7199285810742,-976.7016289133896,-266.12917733586454,9756.251964901448
2020-02-25,0.0012872840903295894,1287.2840903295894,1618.3329948611147,28.322117254759544,-158.81359706635052,174.35968777321946,-374.9171124931537,11043.536055231038
2020-02-26,0.005028338215216918,5028.338215216918,1502.7069134627898,1921.3114296617596,1190.3730008582743,1063.9775340761698,-650.030662842075,16071.874270447955
2020-02-27,-0.0032189890329047685,-3218.9890329047685,-3938.865167643515,-2313.315410175141,1292.7003810350443,394.319394748245,1346.171769130598,12852.885237543187
2020-02-28,0.00756457325101007,7564.57325101007,2397.740144911301,3395.939021644456,965.3476904243303,714.1945885283965,91.35180550158675,20417.458488553257
2020-03-02,0.004006163193698836,4006.1631936988356,3187.6707260717226,1383.7855258428863,-866.692936794743,-303.23387245806236,604.6337510370321,24423.62168225209
2020-03-03,0.01431184758061401,14311.84758061401,9721.565980028736,4891.846300355355,-831.0895901661562,-698.6845080177955,1228.2093984138723,38735.4692628661
2020-03-04,0.006736485707583352,6736.4857075833515,4573.592507262938,3594.5947408014545,-2019.298431727789,-708.5314656298438,1296.1283568765923,45471.95497044945
2020-03-05,-0.004511288349045489,-4511.288349045489,-3067.539853211974,-2054.8612209748985,543.1269681681414,-560.9869464297375,628.9727034029793,40960.66662140396
2020-03-06,0.002104357724925603,2104.3577249256027,2662.459893735647,-736.6977046030767,-413.32029740142076,-262.9611477336596,854.8769809281127,43065.02434632956
2020-03-09,-0.005490545305410025,-5490.545305410024,-3328.5871014173426,-2709.3023901913984,1113.7220396379485,708.2926696969998,-1274.6705231362325,37574.47904091954
2020-03-10,-0.002526823478091471,-2526.823478091471,-1404.9051905319832,-1728.5832335280209,-659.9031795530317,1157.0569717263018,109.51115379526267,35047.65556282807
2020-03-11,-0.00544617877930146,-5446.17877930146,-5295.71260820719,-2801.00201518191,3546.4904098080224,1132.9773719842783,-2028.9319377046616,29601.47678352661
2020-03-12,-0.0020427437579696324,-2042.7437579696325,-2033.7831060382555,178.6063697428278,-421.63329372400136,29.120855707896055,204.9454163419005,27558.733025556976
2020-03-13,-0.012365915927348328,-12365.915927348327,-3893.1079806279486,-3066.3678979824085,-3456.4589092888273,-1672.9863610094787,-276.9947784396649,15192.817098208649
2020-03-16,0.03100635997268258,31006.35997268258,23583.102139135655,8893.29994367929,-2385.5911348123436,-1368.98701606007,2284.536040740042,46199.17707089123
2020-03-17,-0.03985500519361498,-39855.005193614976,-27240.06516334958,-13356.537042143511,1094.8876246584996,793.57506544387,-1146.865678224258,6344.171877276254
2020-03-18,-0.021543410334227478,-21543.41033422748,-8733.755663575817,-8805.131046663177,-3041.4435313706213,-100.91179467609248,-862.1682979417699,-15199.238456951225
2020-03-19,-0.007250422453433379,-7250.422453433379,-2145.477825248588,-6368.899686285044,5947.276463947378,-837.4202617502874,-3845.9011440968384,-22449.660910384606
2020-03-20,0.08266045543570644,82660.45543570643,36894.45941097529,32469.64246582397,5830.317721026939,272.2922210859667,7193.743616794282,60210.79452532183
2020-03-23,0.008828015991052663,8828.015991052664,3933.510531752501,6732.050282114257,-1986.3664807479252,748.8382135517195,-600.016555617888,69038.81051637449
2020-03-24,0.022438023814117768,22438.02381411777,13095.991350426364,4985.874614744771,2784.5217886524765,847.9046046944305,723.7314555997216,91476.83433049226
2020-03-25,0.04074857379435346,40748.57379435346,15668.005706427166,17188.861269624813,4152.324287574477,903.0302848754555,2836.352245851555,132225.4081248457
2020-03-26,-0.014876546451878362,-14876.546451878363,-2217.4875445359794,-10651.926630725467,-1964.5409676751208,289.556897881332,-332.1482068231257,117348.86167296735
2020-03-27,0.0033323073325917637,3332.3073325917635,4114.174740994464,-4031.3719879823475,3893.0323919740467,1094.9035761080145,-1738.4313885024137,120681.16900555912
2020-03-30,-0.00618557223288548,-6185.57223288548,-396.97260685914597,-5015.384913380491,-949.439421742564,186.82765785830736,-10.602948761586983,114495.59677267364
2020-03-31,-0.00724679567099882,-7246.79567099882,-1833.2237383623735,-5643.56191801135,-3020.871557868625,2003.609301156846,1247.252242086684,107248.80110167482
2020-04-01,0.04345293778078299,43452.93778078299,22948.164781688134,11605.450690079058,5672.048711605009,719.9158304585578,2507.357766952229,150701.7388824578
2020-04-02,0.003944678607631254,3944.6786076312546,231.46400680668637,6351.056105776677,-20.80172780121357,-651.7187772818282,-1965.3209998690672,154646.41749008905
2020-04-03,0.011402962488559324,11402.962488559324,2779.3845103904205,8029.355207655098,-1222.567987587405,398.6396137643168,1418.1511443368938,166049.3799786484
2020-04-06,-0.006202836483984044,-6202.836483984043,-3453.3256613790118,-2313.28045172566,852.4140504415573,-412.56206968049054,-876.0823516404382,159846.54349466434
2020-04-07,-0.0028627698433023206,-2862.7698433023206,974.6097369020723,-1239.1571367706827,-2073.4116688842087,-782.6161220220401,257.8053474725383,156983.77365136202
2020-04-08,0.005491721959938913,5491.721959938913,1305.811775511619,3024.889516632394,1050.5247268024168,34.992950649019505,75.50299034346345,162475.49561130092
2020-04-09,-0.008219086009652614,-8219.086009652614,-4210.623331478797,-3253.5392866970055,270.1593536302979,74.1326588105257,-1099.2154039176348,154256.4096016483
2020-04-10,0.00667642862855431,6676.42862855431,2181.2553598129234,3774.7755934846678,-276.3643943684217,228.70425730924381,768.0578123158971,160932.83823020261
2020-04-13,-0.0030480649930123434,-3048.0649930123436,-1685.1259819205122,-984.5390675199054,295.65485625924555,24.054135327574766,-698.1089351587459,157884.77323719027
2020-04-14,0.004733012280172629,4733.012280172629,102.94273188755939,762.0341166581917,1850.7391576979367,1057.9533363797402,959.342937549201,162617.7855173629
2020-04-15,-0.0030888323604760463,-3088.8323604760462,-3222.859764129808,-1274.2844993429003,817.5130332936297,1561.7383279946707,-970.9394582916385,159528.95315688686
2020-04-16,-0.010880108620888188,-10880.108620888188,-3526.8317371592593,-3526.099768494391,-2186.5939702652113,-974.6066769680867,-665.9764680012391,148648.84453599868
2020-04-17,0.004552133114557243,4552.133114557243,631.653903200072,953.0595364859532,2281.3289847315204,1180.490833581999,-494.4001434423016,153200.97765055593
2020-04-20,-0.005839309718905743,-5839.3097189057435,-3773.3416196631033,-2218.1227014069054,-1017.0547131020603,923.9395007874746,245.26981447885194,147361.66793165018
2020-04-21,-0.003633008913116525,-3633.008913116525,-1970.5377388397599,-3860.676655705994,1772.1734041173156,317.4126000573583,108.61947725455525,143728.65901853365
2020-04-22,-0.013159470309727087,-13159.470309727087,-6696.596166936342,-5956.228324969054,938.217886683809,-79.29281789753837,-1365.5708866079647,130569.18870880657
2020-04-23,0.003371569673318549,3371.569673318549,2615.9697158594945,541.1066192222214,-699.2286823918698,180.33567658125804,733.386344047445,133940.75838212512
2020-04-24,0.002889909309199479,2889.909309199479,2988.782487973337,748.7123172211418,-2493.848740637237,709.2197624344759,937.0434822077609,136830.6676913246
2020-04-27,-0.0023599102887907498,-2359.9102887907497,-3143.6434535375256,-282.3893697295444,803.8769598379394,746.0527324332273,-483.8071577948468,134470.75740253387
2020-04-28,0.018916029841867226,18916.029841867225,8655.141284504345,9043.434375765686,-1394.8709999844664,755.0557579819477,1857.2694235997126,153386.7872444011
2020-04-29,0.009774570639687114,9774.570639687114,5748.252541635864,3083.394348467547,-125.7594110105039,1158.8491285988498,-90.16596800464283,163161.3578840882
2020-04-30,-0.01090988567714974,-10909.88567714974,-4969.685753196255,-6607.336260226786,162.55011083319314,483.31237878126086,21.273846658847624,152251.47220693846
2020-05-01,-0.0002714721887052758,-271.47218870527576,311.1980777630558,2472.580354287577,-1566.1751621207434,-1720.8750314152194,231.79957278005412,151980.00001823317
2020-05-04,-0.0006652839470234722,-665.2839470234723,1613.0748855450906,1191.8428935289273,-2818.5055604596882,-550.3773185502395,-101.31884708756196,151314.7160712097
2020-05-05,0.0033893828515386385,3389.3828515386385,2812.6247050861616,2659.2136476131823,-1546.8864525804804,-581.5501096060523,45.98106102582811,154704.09892274832
2020-05-06,-0.00032103322727615295,-321.03322727615296,-263.2522085473219,1108.3556442812937,-1071.0716879732104,63.871016124581864,-158.93599116149645,154383.06569547218
2020-05-07,-0.008621351111862468,-8621.351111862468,-3330.0658955018453,-2699.8655904547936,-801.6690386230679,-746.5125907500534,-1043.2379965327086,145761.71458360972
2020-05-08,0.01412730467160751,14127.30467160751,8251.845558248835,6374.786444946129,-2104.1810774589244,170.18714348824315,1434.6666023832267,159889.01925521722
2020-05-11,-0.0004983213456815389,-498.32134568153884,-928.0723180395365,130.9391074876251,1156.390843812633,-266.00033756118137,-591.578641381079,159390.6979095357
2020-05-12,-0.005486878214330673,-5486.878214330673,-1155.217128036905,-4043.2445425888736,-1991.6873641192792,759.2687607473035,944.0020596670811,153903.81969520502
2020-05-13,0.0023085625700010612,2308.5625700010614,-1045.951366136789,-11.02464177575927,614.2146577201712,2329.3250192279374,421.99890096550075,156212.38226520608
2020-05-14,-0.004741361082388385,-4741.361082388385,-537.2538842192195,-1722.6230890846145,-2034.410061006736,-206.22513462154623,-240.84891345626707,151471.0211828177
2020-05-15,-0.01140182343686251,-11401.823436862509,-5973.465580310231,-5466.570187736241,-528.308007452822,896.3154374474867,-329.79509881070294,140069.1977459552
2020-05-18,0.0023329412496024583,2332.9412496024584,-33.485093529792955,2004.3885682982846,281.0391533966243,-719.3515864354011,800.3502078727439,142402.13899555765
2020-05-19,0.0009306539858937939,930.6539858937939,2263.4221834755667,312.48500383678794,-702.3343842510873,-589.0501572868295,-353.8686598806436,143332.79298145144
2020-05-20,0.007982062326750663,7982.062326750663,3889.9456996328936,5601.465729349301,-2091.8608075876523,39.483158718302185,543.0285466378174,151314.8553082021
2020-05-21,-0.006112319195575472,-6112.319195575472,-2045.9266118117237,-2381.138926744025,-840.146331670705,-191.90692635890338,-653.2003989901158,145202.53611262664
2020-05-22,0.0006570217583895527,657.0217583895527,1135.918668275323,801.9586480872924,-473.8188496162731,-712.3233646137662,-94.71334374302347,145859.55787101618
2020-05-25,0.0056271405307287345,5627.140530728734,3172.643148468175,3119.4749944779765,-1631.4562435502744,-131.03700931640924,1097.5156406492665,151486.6984017449
2020-05-26,-0.012747819575153137,-12747.819575153137,-7011.502180709761,-4630.150083202864,293.1980821574447,66.75957091975509,-1466.1249643177134,138738.87882659177
2020-05-27,-0.016258869825167797,-16258.869825167798,-7580.504822790979,-8044.243528361667,999.2377850104169,134.76985297161426,-1768.1291119971834,122480.00900142397
2020-05-28,0.001094341078289244,1094.341078289244,2682.0883268649704,-222.86303871237496,-686.3361430867234,-761.0238321622242,82.47576538559635,123574.35007971321
2020-05-29,-0.0009329277071024307,-932.9277071024308,199.07441952893888,-1027.6175575384411,-612.8744275742863,715.8852630458857,-207.39540456452787,122641.42237261079
2020-06-01,0.005193219516623331,5193.2195166233305,3509.9068706735957,1141.2936032617752,-4.443806977310778,1365.9395416349626,-819.4766919696921,127834.64188923412
2020-06-02,-0.005531389783038068,-5531.389783038067,-3346.9600729760023,-1774.4246590450462,319.4768550315658,114.88741132513155,-844.369317373716,122303.25210619604
2020-06-03,0.0023692404874067555,2369.2404874067556,363.6771073861796,65.27443254720279,1379.6432411691071,503.96334018487124,56.68236611939511,124672.4925936028
2020-06-04,-0.004329427885204254,-4329.4278852042535,-1729.8832577143628,-1995.100239768718,-337.98287877500655,177.41191583074945,-443.8734247769159,120343.06470839855
2020-06-05,0.0067427317858916565,6742.731785891657,1217.054398964934,3779.93190153622,1153.4710267180155,-125.49706799423805,717.7715266667257,127085.7964942902
2020-06-08,-0.008988530352795092,-8988.530352795091,-1713.9165666905158,-4109.727181451811,-1244.8393415157832,-1571.2500881787653,-348.7971749582176,118097.26614149511
2020-06-09,0.003264850719984689,3264.850719984689,77.35719259611714,2358.9001414592467,598.8106775111955,-184.06396134984098,413.84666976797064,121362.11686147981
2020-06-10,-0.015922018700752973,-15922.018700752973,-9286.768297833118,-6796.65984673649,2380.839693409353,-1141.6246563881753,-1077.8055932045395,105440.09816072683
2020-06-11,0.0046485112731039935,4648.5112731039935,1421.6849114765394,520.3020803069853,523.6963173265349,1922.0638496139945,260.7641143799395,110088.60943383083
2020-06-12,0.0002607840137026506,260.78401370265055,1042.5264624614117,169.15839335777238,-1269.6541739799122,460.6716329270093,-141.91830106363028,110349.39344753348
2020-06-15,0.001310810750470598,1310.810750470598,300.5781963214484,-424.7662453460431,492.9073169931061,407.91639860117294,534.1750839009137,111660.20419800408
2020-06-16,-0.005700498743792145,-5700.498743792145,-2142.0688751899374,-2012.444100380102,-929.3688562525488,-612.9224852004013,-3.694426769154918,105959.70545421193
2020-06-17,0.006838444295144563,6838.4442951445635,3179.352189910478,1172.5560240729194,493.1704999731758,1366.884797963549,626.4807832244414,112798.1497493565
2020-06-18,0.010916292385405854,10916.292385405854,7882.542412743876,4981.8648409198295,-2825.1181425454247,-1421.0456105301873,2298.0488848177615,123714.44213476236
2020-06-19,0.005719275210710481,5719.275210710482,2748.3357566870422,2030.811127959429,-70.62889733134348,-707.545560358445,1718.3027837537982,129433.71734547283
2020-06-22,0.002594885127181293,2594.8851271812932,542.7289642959554,566.150605247425,834.9678706278223,549.9485132173835,101.08917379270731,132028.60247265414
2020-06-23,-0.0009210233914098253,-921.0233914098253,-3319.99271287031,-1898.6078798170884,2897.1139094517,1379.998893639511,20.464398186361688,131107.5790812443
2020-06-24,-0.004836085049240142,-4836.085049240141,-2147.105841010977,-3003.5695178224396,45.35452020754777,22.363567957115393,246.87222142861071,126271.49403200416
2020-06-25,-0.011727809598589788,-11727.809598589787,-7108.351444802241,-3351.6301292715957,1055.4090684825003,-617.6439307442396,-1705.5931622542128,114543.68443341438
2020-06-26,-0.012959820752012498,-12959.820752012498,-6950.39802183623,-4199.483658301471,1233.7684582254635,-1159.3956090449276,-1884.3119210553327,101583.86368140188
2020-06-29,-0.001776903907687103,-1776.9039076871031,-1410.2957370185386,1208.1938880269804,91.23702604001885,-1329.3423044093315,-336.696780326232,99806.95977371479
2020-06-30,-0.00581714899962664,-5817.14899962664,-1145.438992940216,-4577.5277494147285,-223.29201368282824,-45.83989877454046,174.94965518567304,93989.81077408814
2020-07-01,0.015832455920341708,15832.455920341708,7765.61559877045,7498.963937019069,-1362.6020405737877,-790.6772797621072,2721.155704888085,109822.26669442985
2020-07-02,0.0005105008046432325,510.50080464323247,248.7174228608507,209.79036581904904,-65.6353373139809,147.3656193084606,-29.737266031147044,110332.76749907309
2020-07-03,-0.005981649570219495,-5981.649570219495,-2409.3804288969923,-2597.325867852222,254.23316260675372,-437.1938586154194,-791.9825774616158,104351.1179288536
2020-07-06,0.0010147525813044484,1014.7525813044484,447.0069563059667,-7.0505509129296655,1773.4396332530982,-1583.1940852254365,384.5506278837498,105365.87051015804
2020-07-07,0.0049762555393665295,4976.25553936653,5233.557808490041,1168.2953798828346,-1463.2702576848246,-117.03029663007045,154.7029053085492,110342.12604952457
2020-07-08,-0.0037573365390194966,-3757.3365390194967,-3266.8300878816763,-4027.962453591349,2535.537696668991,1139.1332346631405,-137.21492887860214,106584.78951050507
2020-07-09,0.002867978855196209,2867.978855196209,3031.0226689815877,775.0476359252594,-1244.4556800019648,374.0286177913788,-67.66438750005216,109452.76836570128
2020-07-10,0.005346780835084327,5346.780835084327,2994.59340672403,1966.1971704326538,-944.7770016752077,522.148845466763,808.6184141360878,114799.54920078561
2020-07-13,-0.0017271111310118185,-1727.1111310118185,-1516.0578964401357,427.9581646949586,-976.982200947893,82.43554536843608,255.53525631281542,113072.4380697738
2020-07-14,-0.002945444927317784,-2945.444927317784,-1300.0950451187593,-549.3782186426789,-1322.169665604866,327.2953960359854,-101.0973939874653,110126.993142456
2020-07-15,-0.005314817784607263,-5314.817784607263,-2195.436686179966,-244.2272163587732,-419.71193703771013,-1350.1461650278507,-1105.295780002963,104812.17535784874
2020-07-16,0.004427999950411573,4427.999950411573,2545.241795651686,194.968846765995,1646.2379042835917,-981.2262317985292,1022.7776355088292,109240.17530826031
2020-07-17,0.0010189443210483194,1018.9443210483194,886.2733622509973,546.8134901016971,-822.7445595803839,188.0768409563537,220.52518731965517,110259.11962930863
2020-07-20,0.008428381763849073,8428.381763849073,4633.86790446939,3709.319754187547,-494.18229991638026,-136.04419049536685,715.4205956038844,118687.5013931577
2020-07-21,-0.0012621577492329464,-1262.1577492329463,1292.7674293466484,-1354.7406684644325,-2079.2048071027216,352.75001154020936,526.2702854473503,117425.34364392475
2020-07-22,-0.0017372364910100875,-1737.2364910100875,-772.7300126812522,-567.1402542764408,550.6535738319653,-336.0098927367167,-612.0099051476432,115688.10715291466
2020-07-23,-0.00011896255505824331,-118.96255505824331,822.5500714102625,-711.426165281798,265.7901405470612,-1094.932550073523,599.0559483397541,115569.14459785642
2020-07-24,0.0070847784108888,7084.7784108888,1984.9094261347802,1872.9635298776298,956.1480250888537,1527.5446560869532,743.2127737005836,122653.92300874522
2020-07-27,-0.0163421323104347,-16342.132310434701,-7731.671771592909,-7682.8289917554985,226.86275134952638,-235.62216601222116,-918.8721324235989,106311.79069831052
2020-07-28,-0.007472941803714928,-7472.941803714928,-3048.1240152445553,-2080.7044449816926,-460.0410101794744,-731.0084784711282,-1153.0638548380784,98838.84889459559
2020-07-29,-0.009958306291452893,-9958.306291452893,-3877.579633665798,-4826.936095560787,-796.8355295957263,539.3058017638156,-996.2608343943979,88880.5426031427
2020-07-30,0.020652507166152027,20652.507166152027,11056.004672317042,9152.961446134277,-1368.4888089427868,-375.30274298363014,2187.332599627121,109533.04976929474
2020-07-31,-0.00022722085115936728,-227.22085115936727,-2417.6788701986507,-1686.1911983697262,3563.051962115759,511.967716314026,-198.37046102077596,109305.82891813538
2020-08-03,-0.002522207269223616,-2522.207269223616,-2953.340985528727,-2312.2223001145117,2642.206187331145,-88.35778446838657,189.50761355686407,106783.62164891177
2020-08-04,0.006484757004038884,6484.757004038884,2972.558128912997,1507.4175371694048,272.72435658592934,992.4399687035352,739.6170126670171,113268.37865295065
2020-08-05,-0.01301210414370278,-13012.10414370278,-6594.9438235399175,-6053.548028163702,592.9339029619828,-224.01718563957465,-732.5290093215705,100256.27450924787
2020-08-06,0.00070579674529212,705.79674529212,746.3442039196661,-1259.513670451436,198.95597470432614,654.1686719062532,365.84156521331056,100962.07125453999
2020-08-07,0.009062809664298132,9062.809664298133,4539.279047329412,4624.016844040308,-8.238750390639614,115.38096369437066,-207.62844037531997,110024.88091883811
2020-08-10,0.0023632465940812055,2363.2465940812053,1804.3965203568605,1668.258826875632,92.49779523679898,-861.0820123928687,-340.8245359952175,112388.12751291932
2020-08-11,0.008882286553268844,8882.286553268843,4423.241983998194,3336.893819290141,179.71909586186615,297.0087651807078,645.4228889379342,121270.41406618817
2020-08-12,0.00591944928765952,5919.4492876595195,3940.7919850991907,2313.40794483467,-534.1887752267776,-200.50147356321528,399.9396065156511,127189.86335384769
2020-08-13,-0.002190081716291348,-2190.0817162913477,-1298.5229185682854,-690.8301762892073,-373.9622535452853,777.8725774323941,-604.638945320964,124999.78163755634
2020-08-14,0.0005892581520597983,589.2581520597982,-784.860905477708,-1204.9120556220148,1864.8353272149586,522.4627355066772,191.73305043788514,125589.03978961614
2020-08-17,-0.009063223548770058,-9063.223548770058,-6239.353566755282,-4417.187744428659,2075.3286823308226,127.35191759219788,-609.3628375091354,116525.81624084609
2020-08-18,0.0006523441432083254,652.3441432083255,-2172.6114904215633,267.5531659780931,3357.64275541532,171.500315203462,-971.7406029669867,117178.16038405441
2020-08-19,0.012126518395175803,12126.518395175803,6104.214803894343,6846.619646932899,-1374.3957729786555,-405.9140460914372,955.9937634186531,129304.67877923022
2020-08-20,-0.013467295720725863,-13467.295720725864,-5646.692146343963,-5589.258616786845,-514.0491843417152,-901.9359908775523,-815.3597823757885,115837.38305850436
2020-08-21,0.003307466470426742,3307.466470426742,983.7018766533871,2881.015068631469,-1201.5195995403922,412.6322931311959,231.63683155108194,119144.84952893111
2020-08-24,-0.0005235138608503094,-523.5138608503094,-207.7475805402184,766.3863725228254,-1283.9114244976201,-43.35648099462446,245.11525265932826,118621.3356680808
2020-08-25,0.006657867458045698,6657.867458045698,2068.2953088342265,1982.3498213308046,2780.0718958333264,171.18284959984683,-344.0324175525058,125279.20312612651
2020-08-26,-0.004703755194148381,-4703.755194148381,-2617.19021098401,-2768.468378298665,-468.0041385568584,705.8197073731819,444.0878263179696,120575.44793197812
2020-08-27,-0.00497724510276055,-4977.24510276055,-2397.1344337478004,-2979.5570715269578,845.0723302526668,-298.40650026851904,-147.21942746994003,115598.20282921757
2020-08-28,0.002469342212445242,2469.3422124452422,852.2766875754587,-1425.7556837858385,1613.6675676887994,1852.1718049604,-423.018163993577,118067.54504166282
2020-08-31,-0.0004975959429326081,-497.59594293260807,-1628.3465517311333,-856.2733912513474,695.1449564707187,523.7176678864777,768.1613756926763,117569.94909873021
2020-09-01,-0.004907429065587848,-4907.4290655878485,-743.1783554750074,-1664.8057833566884,-1701.803289010248,-864.4592422968856,66.81760455098147,112662.52003314237
2020-09-02,0.013800777742059907,13800.777742059907,7537.143026774708,5068.461522594121,-914.9720222422618,248.62045938275685,1861.5247555505841,126463.29777520227
2020-09-03,0.018922974109930442,18922.97410993044,10613.116188669212,7408.52214745502,-2265.46606401481,935.3847918729786,2231.4170459480392,145386.2718851327
2020-09-04,0.015420771329667947,15420.771329667947,7756.170768091341,6747.380205137677,-1539.5820242397488,493.4848344309837,1963.3175462476938,160807.04321480065
2020-09-07,0.010017209784226511,10017.20978422651,3446.0251610289292,3337.7876436029683,871.9984241542709,1194.244000228649,1167.1545552116922,170824.25299902717
2020-09-08,0.005358698211391721,5358.698211391721,2724.5815278764994,1859.6075848395894,-246.42460760207064,1015.0710913471872,5.862614930515538,176182.9512104189
2020-09-09,0.0033498502230516597,3349.8502230516597,1548.427897266185,647.5795982794849,-244.26875323870416,1026.402305412051,371.7091753326433,179532.80143347054
2020-09-10,0.0010548765631760782,1054.8765631760782,195.033502255825,-1715.8083695721762,734.1684323491436,761.770805991823,1079.7121921514627,180587.6779966466
2020-09-11,-0.0005346981737652609,-534.6981737652609,-1292.6685868026034,-690.4342878940439,530.831721031126,1203.5746337157163,-286.0016538154562,180052.97982288135
2020-09-14,0.0030036171530081653,3003.617153008165,1171.8904082354247,1732.3096215061323,130.25053630545275,-298.78335698460893,267.9499439457638,183056.59697588952
2020-09-15,0.006959649112485751,6959.649112485751,4509.253349411042,2049.008564386725,-635.604537450478,-324.997527932089,1361.9892640705502,190016.24608837528
2020-09-16,-0.010697479020689123,-10697.479020689123,-6397.385000091853,-5671.342899272897,1361.0993416744614,1158.5257396636582,-1148.3762026624927,179318.76706768616
2020-09-17,-0.004885372254722531,-4885.372254722531,-2331.8380121114333,792.6674938968223,-1223.5528698295293,-2185.879714327362,63.23084764897116,174433.39481296364
2020-09-18,-0.004448848343129433,-4448.848343129433,-2108.6277422809667,-3017.4542163263486,1073.6883339475924,377.10749487657233,-773.5622133462819,169984.5464698342
2020-09-21,-0.006672957378984047,-6672.957378984047,-5377.278474417756,-2925.818008802871,1721.6177788160294,-87.17616488416351,-4.302509695284273,163311.58909085015
2020-09-22,-0.011138986824854008,-11138.986824854008,-4494.356018569841,-5538.257572351325,-372.0872189490584,-217.1023526812963,-517.183662302488,152172.60226599613
2020-09-23,-0.001938242925503194,-1938.242925503194,-1013.1914429965855,-293.8607000115709,-1362.586727139069,722.1432140359398,9.252730608091483,150234.35934049293
2020-09-24,0.01025682479400494,10256.824794004939,4692.642492670136,4067.81382121841,-93.92082552337352,628.9535035518062,961.3358020879583,160491.18413449786
2020-09-25,0.007541782404444393,7541.782404444393,2699.4355914436846,3892.7847606995633,1.0519154327281957,560.9092633325552,387.6008735358619,168032.96653894224
2020-09-28,0.01155863331968484,11558.633319684839,6048.492304887785,3709.3604703919614,1251.533975671085,605.1516848210734,-55.90511608706379,179591.59985862707
2020-09-29,0.0003774226251242129,377.4226251242129,538.0385426253149,-521.712051589772,882.6130821998654,-222.74913858588275,-298.7678095253126,179969.0224837513
2020-09-30,-0.01902367162840396,-19023.67162840396,-7936.07106997123,-6704.756179818722,-1880.6214759104012,-1954.3406280512847,-547.8822746523259,160945.35085534732
2020-10-01,0.00524414467123714,5244.14467123714,3300.360666333495,3113.882713661494,-1646.6148757836534,-231.10225404886455,707.6184210746696,166189.49552658445
2020-10-02,-0.005612347777662554,-5612.347777662554,-4865.13169460868,-1667.7014162820687,2004.088622192272,-148.6118993077962,-934.9913896562819,160577.14774892188
2020-10-05,-0.0027429553182947864,-2742.9553182947866,875.2077933797203,-2129.684184314195,-686.8271818589391,-427.50936294710533,-374.1423825542671,157834.1924306271
2020-10-06,0.0011782188466833534,1178.2188466833534,-1180.6212301210105,1560.7692935313812,1192.847052246762,-405.2178790121355,10.441610038356314,159012.41127731046
2020-10-07,0.011909007502100803,11909.007502100803,5877.292833661209,5774.257710197857,-695.0939272940344,-393.4267304637013,1345.9776159994715,170921.41877941127
2020-10-08,0.005632631841255381,5632.631841255381,1652.6386187713483,2494.9722428075397,651.1901224784576,930.2943248596079,-96.46346766157154,176554.05062066665
2020-10-09,0.013461867964714299,13461.867964714298,5533.055075664167,4513.059086070874,1776.3435062607928,121.42520707475516,1517.9850896437108,190015.91858538095
2020-10-12,-9.609087967391852e-05,-96.09087967391852,831.2252905431206,-256.2866393962904,-805.9130961147378,-303.2316021978421,438.11516749183096,189919.82770570702
2020-10-13,0.005677739272426291,5677.739272426291,2195.9090497490984,896.5777974282669,-429.3695107351145,1687.1780834280935,1327.443852555947,195597.5669781333
2020-10-14,0.003442437676917121,3442.437676917121,1832.5594126309347,1457.0921291297145,-120.91005680090143,530.2364763575719,-256.5402844001986,199040.00465505043
2020-10-15,-0.0035834881232874997,-3583.4881232874995,-1080.9814571780494,-3117.5730119065047,456.2552256134952,665.3592537437438,-506.5481335601846,195456.51653176293
2020-10-16,0.008962924995601558,8962.92499560156,6610.744405818137,3386.8371433890743,-2962.6464151605433,25.574138054901905,1902.4157234999884,204419.44152736448
2020-10-19,0.013436435579881001,13436.435579881001,7072.4963041230485,4792.789081281968,225.623657772707,433.7973902091496,911.7291464941285,217855.8771072455
2020-10-20,0.007408695013760635,7408.6950137606345,3711.3717374440234,3740.185590514708,-2439.02548942551,754.0112820285715,1642.1518931988414,225264.57212100615
2020-10-21,-0.0036161954779729156,-3616.195477972916,-2627.363346340024,-1471.3825494858127,1056.9113271918645,235.82366243427055,-810.1845717732143,221648.37664303323
2020-10-22,-0.003351752741715396,-3351.752741715396,-2820.818145339816,-2197.680128237269,1879.2771219729877,641.3476869416334,-853.8792770529321,218296.62390131783
2020-10-23,0.001773903210779281,1773.903210779281,3241.1345847230477,-1422.5166731362165,597.3031405464444,-764.3487930673709,122.33095171337635,220070.5271120971
2020-10-26,-0.008975942168260228,-8975.942168260228,-4702.613557429804,-5381.270097868041,1992.595738487251,-84.78917969956264,-799.8650717500702,211094.58494383688
2020-10-27,-1.0219020029698825e-05,-10.219020029698825,-197.06643129257307,503.27943938525675,183.0899484668853,-977.4404973851446,477.9185207958768,211084.36592380717
2020-10-28,-0.0049503229061304615,-4950.322906130462,-2073.777649277512,-3725.08177873808,-410.7013718384367,1067.1709504771554,192.0669432464122,206134.0430176767
2020-10-29,-0.0017854539981492206,-1785.4539981492205,-1464.3389645130085,-1601.7416448102617,-222.98693861605707,1465.3035396613539,38.31001012875278,204348.58901952748
2020-10-30,0.004758526024522058,4758.526024522058,1806.1749182024923,2797.988605528968,151.33739962133768,-156.69445631441116,159.719557483671,209107.11504404954
2020-11-02,0.0008097468094709761,809.7468094709761,-300.7252895390686,-281.6143277724976,945.9968841789737,218.27330964340064,227.816232960168,209916.8618535205
2020-11-03,-0.0022816263360522426,-2281.6263360522426,-339.0096364560457,-152.04237637303757,-2426.0124880178546,170.06962593770555,465.3685388569899,207635.23551746825
2020-11-04,0.006692156505899869,6692.156505899869,4191.642461410539,-759.2422374169106,1618.112640212488,698.4765483348342,943.1670933589186,214327.39202336813
2020-11-05,-0.007861133496245506,-7861.133496245506,-4367.604893927229,-2507.9463840904737,-581.2286266691011,-872.1034631486494,467.7498715899463,206466.2585271226
2020-11-06,0.0004869539250358909,486.9539250358909,-800.8660832060557,-315.74155860331626,1229.1864914099592,560.0058520756317,-185.63077664032798,206953.2124521585
2020-11-09,0.006865378179362292,6865.378179362292,1532.836210358147,4471.97384920562,-9.717924209410432,22.239040378360155,848.0470036295749,213818.5906315208
2020-11-10,0.01095546746114489,10955.46746114489,4643.208918423532,5188.059896516751,242.4771574105919,-663.834885759676,1545.5563745536915,224774.0580926657
2020-11-11,-0.00914264984220661,-9142.649842206609,-4814.65065067849,-3276.102783493136,-179.6117410435567,-367.54817277732985,-504.73649421409954,215631.4082504591
2020-11-12,0.005414202902749609,5414.202902749609,1349.700304891147,1613.5249472192156,1856.772893634343,752.7492292962143,-158.54447229131083,221045.6111532087
2020-11-13,0.008219127658526044,8219.127658526044,4049.1661068111007,4735.974308588462,-1990.4543185136524,156.83254618527167,1267.6090154548624,229264.73881173474
2020-11-16,-0.0004794108145049837,-479.4108145049837,-1249.766714111966,928.9221670197226,167.83174388891427,-57.618526641896416,-268.77948465975817,228785.32799722976
2020-11-17,-0.002619414995822708,-2619.414995822708,65.43199984216365,-1453.6116319340535,-1934.8554232331219,902.1529085046518,-198.5328490023484,226165.91300140705
2020-11-18,-0.011594045470262297,-11594.045470262297,-4163.847867716489,-6146.11928271979,-432.03754361255017,-1115.8348701883,263.79409397483374,214571.86753114476
2020-11-19,0.010256218550348101,10256.218550348101,4241.231775239064,2307.6653889601807,2083.0027461570007,1445.4981792057831,178.82046078607283,224828.08608149286
2020-11-20,-0.018234575519254444,-18234.575519254446,-10497.504002469008,-4905.567815487763,123.78729927859752,-1967.9136656212643,-987.3773349550086,206593.5105622384
2020-11-23,0.02216893654806863,22168.93654806863,10246.960106624947,9754.829507699298,-667.231550575437,737.1036446203993,2097.2748396994252,228762.44711030702
2020-11-24,0.005847437480998943,5847.437480998943,3187.5000771044133,2829.46434402547,-314.31300918444055,34.768420627059356,110.01764842644185,234609.88459130598
2020-11-25,-0.006043158726629443,-6043.158726629443,-1178.835322840451,-3226.0267442650434,-151.1574764862902,-688.5684643430528,-798.5707186946063,228566.72586467653
2020-11-26,0.0028585130839181285,2858.5130839181284,755.5554348446095,2488.6885472200247,1198.4166245258482,-1015.5576373589877,-568.5898853133664,231425.23894859466
2020-11-27,0.005324750594261962,5324.750594261962,3951.2389895505066,1681.5912613059688,-991.529769312061,507.27464393683783,176.1754687807091,236749.98954285664
2020-11-30,-0.002535072743043362,-2535.0727430433617,442.57712581303156,-1490.5926594015098,-976.7069443241448,180.90501164604376,-691.2552767767825,234214.91679981328
2020-12-01,0.0049586317663594965,4958.631766359496,1849.9938994336756,1391.391207489108,407.5938351246792,351.13048581812785,958.5223384939063,239173.54856617277
2020-12-02,0.0009377435017877912,937.7435017877913,525.9429111212105,-185.7988038228562,21.13364955053852,477.25566533563705,99.21007960326122,240111.29206796057
2020-12-03,-0.0017128933695730853,-1712.8933695730852,170.485103056306,-832.2267600524497,-935.6976871557499,-1172.54572480452,1057.0916993833282,238398.3986983875
2020-12-04,-0.01086917761158599,-10869.177611585988,-5224.225588643398,-4955.707555804383,-194.4555254061464,413.6020805700366,-908.391022302095,227529.2210868015
2020-12-07,0.00939218041247673,9392.18041247673,5240.516705229682,3093.8927834796655,-520.7156584261744,-394.76444787978863,1973.2510300733436,236921.40149927823
2020-12-08,-0.007504050565543109,-7504.050565543109,-4987.913359923954,-3399.081424265406,1574.441427529796,337.41881737662663,-1028.9160262601713,229417.3509337351
2020-12-09,0.0008096284601761863,809.6284601761863,-545.2469388803898,-357.92583245335777,-95.81040338214756,670.9598998358093,1137.6517350562722,230226.9793939113
2020-12-10,-0.00478013246579509,-4780.13246579509,-2341.465497032901,-3674.1018226683836,75.00024578641222,1944.9647365014066,-784.5301283816244,225446.8469281162
2020-12-11,0.015421193618417602,15421.193618417601,6884.290582865083,7579.282237431866,-1517.7249717331397,340.32640140719536,2135.019368446596,240868.0405465338
2020-12-14,-0.005070967945436685,-5070.967945436685,-1592.3365121474458,-1500.0454081652995,-509.6762422869995,-932.2064896052076,-536.7032932317317,235797.0726010971
2020-12-15,-0.010927268461995581,-10927.268461995582,-5140.549120401477,-3894.334879670774,-182.87631943726234,-138.73947460698446,-1570.7686678790847,224869.80413910153
2020-12-16,0.001993325549106366,1993.325549106366,1389.6969753007195,2208.7979071238656,-2588.077741559032,-243.04798133194532,1225.9563895727588,226863.1296882079
2020-12-17,-0.006784600659052149,-6784.600659052149,-5080.492278503062,-1600.752693037736,1486.6107698784915,-643.0714001656789,-946.8950572241635,220078.52902915576
2020-12-18,0.004453761874092611,4453.761874092611,2344.973032591234,1902.0703372500627,327.87366471536586,-505.84890904693293,384.693748582882,224532.29090324836
2020-12-21,-0.01198901380005224,-11989.01380005224,-5937.600887000917,-4704.7310540201715,-247.6251227460314,-909.148886832267,-189.90784945285088,212543.27710319613
2020-12-22,0.008109956086947444,8109.9560869474435,4583.50250649593,4349.582032609743,-1972.7371434999434,-446.4692172119424,1596.0779085536562,220653.23319014357
2020-12-23,0.004912508310360606,4912.508310360606,595.2110372875999,3637.7858561792377,681.8257771452966,113.1772183163342,-115.49157856786312,225565.74150050417
2020-12-24,0.002046350555515955,2046.350555515955,560.8718000855857,220.8566652320849,778.4697180125617,919.1066992533187,-432.9543270675958,227612.09205602013
2020-12-25,-0.014064415445380535,-14064.415445380535,-5591.178404942668,-6805.319197609581,1247.7696945861835,-713.451568877636,-2202.2359685368324,213547.6766106396
2020-12-28,0.007206179622196623,7206.179622196623,1632.030139030049,4670.906084750123,50.42571212735061,510.26520921109915,342.5524770780009,220753.85623283623
2020-12-29,0.0005599802456032718,559.9802456032718,-415.3365434027992,942.2856307551158,-187.2704943318372,60.776525475453994,159.5251271073385,221313.8364784395
2020-12-30,-0.00416550377336967,-4165.50377336967,-2805.9799053008046,-790.4526273567245,323.67726656347014,-737.0095538699047,-155.73895340570616,217148.33270506983
2020-12-31,-0.0057042564920302555,-5704.256492030256,-3773.565523522356,-2854.4104060544946,558.1105279686197,724.5399774204395,-358.93106784246436,211444.07621303957
2021-01-01,0.0032729152837286195,3272.9152837286197,-105.11322672960445,1041.1548834961598,1844.9602469432195,716.7054323820986,-224.79205236325353,214716.9914967682
2021-01-04,-0.01245815017332667,-12458.15017332667,-5509.712175870671,-5685.144264024267,317.29540200438663,-594.3384527354956,-986.2506827006271,202258.84132344153
2021-01-05,0.001502854799768938,1502.854799768938,237.92968456785007,908.9998605977788,-59.07973213713318,319.8216008010047,95.18338593943744,203761.69612321048
2021-01-06,-0.017131655531359074,-17131.655531359072,-8296.959578686257,-7649.5020944871185,951.1660273691526,-1075.5071616739665,-1060.8527238808847,186630.0405918514
2021-01-07,0.014299412590453186,14299.412590453185,6429.153495843529,6600.810686738391,-1081.9423503612345,1136.0174705320267,1215.3732877004736,200929.4531823046
2021-01-08,-0.004047399365697703,-4047.399365697703,-1415.7610786957653,-1926.8300052221578,-238.50707286244466,-362.0086520929255,-104.2925568244099,196882.0538166069
2021-01-11,0.003227420501187386,3227.420501187386,674.4107204094313,521.2264882489399,442.9021775905694,1019.0814781425381,569.799636795907,200109.4743177943
2021-01-12,-0.014853395797706195,-14853.395797706195,-6236.571467489595,-8284.621487747616,1787.9013439320483,-773.678690259627,-1346.4254961414035,185256.0785200881
2021-01-13,-0.0104758809698314,-10475.880969831402,-4914.47470944931,-6239.566199098131,1192.0702496194688,705.9685680155169,-1219.8788789189464,174780.1975502567
2021-01-14,-0.02095245408591071,-20952.45408591071,-10882.37762700862,-9092.44747761277,2053.5453323573915,-1225.6038106426645,-1805.5705030040474,153827.743464346
2021-01-15,0.0007782743267872116,778.2743267872115,-64.30136652658133,745.3246940213911,228.7994436564178,-737.3831626998453,605.8347183358293,154606.0177911332
2021-01-18,-0.0033041221063663103,-3304.12210636631,-665.824206713274,-547.9192512450013,-1064.7328588667706,-581.977623758452,-443.6681657828123,151301.8956847669
2021-01-19,-0.0011236845829185622,-1123.6845829185622,-726.3734516783766,1791.0886113030238,-1390.2436032010578,-1680.2742561326704,882.1181167905191,150178.21110184834
2021-01-20,-0.0006382670354557367,-638.2670354557367,-879.1594440378376,-1591.7988543220656,1344.5936227590557,-170.26154485457988,658.3591849996908,149539.9440663926
2021-01-21,0.0072620107558373495,7262.010755837349,2847.2886596249296,1513.646271514161,2198.0442030367662,185.94379441911386,517.087827242378,156801.95482222995
2021-01-22,0.005844567191476894,5844.567191476895,1257.0288377072661,2749.3391931471383,1912.5772752512403,366.53267752788383,-440.9107921566347,162646.52201370685
2021-01-25,0.005112651063468754,5112.651063468754,1931.883000344289,551.4784660927511,2133.217925300282,697.4099333788147,-201.33826164738323,167759.1730771756
2021-01-26,-0.001269411622906051,-1269.411622906051,775.6572846326153,-1253.2017510394646,-1488.9675879078636,756.595275775036,-59.49484436637454,166489.76145426955
2021-01-27,-0.004503448365017223,-4503.448365017223,-4397.026127264146,-2634.919133094755,2200.135819235317,705.2949613129773,-376.9338852066158,161986.31308925233
2021-01-28,-0.006161814297472845,-6161.814297472844,-3178.5393719917347,-4387.198146037424,2172.2460650246785,152.7976401551875,-921.1204846235511,155824.49879177948
2021-01-29,0.01279195133779521,12791.95133779521,5578.415395766044,5039.773770240827,-201.9326930734137,1832.7817153342191,542.9131495275325,168616.4501295747
2021-02-01,0.008921800668207129,8921.800668207128,3896.9285379411963,3065.8509286196613,-243.39826985830868,1300.3510730947346,902.0683984098448,177538.2507977818
2021-02-02,0.003933820760449532,3933.8207604495315,2260.843532008458,3204.486978747851,-662.9867957630651,-736.8280373683965,-131.69491717531636,181472.07155823134
2021-02-03,-0.01375821784118186,-13758.21784118186,-8258.697675379206,-3511.1395844479107,115.7873225005617,-761.1510795050249,-1343.0168243502803,167713.85371704947
2021-02-04,0.004118380905092674,4118.380905092674,1291.1081307982229,2108.8079305013716,976.118362635141,-241.2197635193808,-16.43375532268124,171832.23462214213
2021-02-05,0.004704668412996803,4704.6684129968025,1186.8357920508586,568.7742774559595,1791.8331629527504,817.127215321128,340.09796521610684,176536.90303513894
2021-02-08,0.006183094671966337,6183.094671966337,2784.101328403133,3744.1485044163956,-49.84230176337545,-936.5718048599738,641.2589457701571,182719.99770710527
2021-02-09,-0.003962063045393683,-3962.063045393683,-2735.698953925682,-2822.4802363033505,1075.7807128798318,1047.630925159905,-527.2954932043873,178757.9346617116
2021-02-10,0.0074015429855054495,7401.54298550545,1297.0986529156478,3329.3948068305635,311.7514000304403,1937.1313033408899,526.1668223879087,186159.47764721705
2021-02-11,-0.010421684318960997,-10421.684318960997,-7395.203588454434,-4636.286643205699,1675.062349489219,848.3486298541172,-913.6050666441998,175737.79332825606
2021-02-12,-0.0040510065616876515,-4051.0065616876514,-581.51513273185,-2125.2156126908203,-321.561706339981,-628.358084128197,-394.35602579680324,171686.7867665684
2021-02-15,0.0067190819310878796,6719.08193108788,2472.02929856656,4185.854276942633,323.1122895865741,-844.7740538046754,582.8601197967885,178405.8686976563
2021-02-16,0.0076129109752743245,7612.910975274324,5025.852243911734,3016.705484104274,-994.6994679231108,129.87433750272285,435.17837767870327,186018.7796729306
2021-02-17,0.00439220338655987,4392.20338655987,2722.7778221442077,1921.5566973001355,98.92913157301939,-490.2180694741916,139.15780501669886,190410.98305949048
2021-02-18,0.007068208617108256,7068.2086171082565,3034.0017028766397,1814.6474223871735,1648.5249620114462,228.97055456544348,342.06397526755325,197479.19167659874
2021-02-19,0.0022036171514737395,2203.6171514737393,3916.8814938669775,1057.3499826039706,-2950.8196602415096,-1412.2160037057745,1592.4213389500758,199682.80882807248
2021-02-22,-0.00029322995665700046,-293.22995665700046,-2317.8042127482763,1732.1351999605179,-43.73453119676714,-215.81282132501278,551.9864086525378,199389.57887141546
2021-02-23,0.02089893240009842,20898.932400098423,8425.590130268316,9287.412944654125,490.1414352541943,1138.4379839922403,1557.349905929545,220288.51127151388
2021-02-24,0.0039273137789908345,3927.3137789908346,3269.1165198998788,1750.2533604879825,-1575.4178381303889,-100.34898398332184,583.7107207166845,224215.8250505047
2021-02-25,-0.0002984688953632152,-298.4688953632152,-1903.5578071745554,-504.1497294868435,1558.8244052098212,221.0030281072198,329.41120798114264,223917.3561551415
2021-02-26,-0.011368168123759206,-11368.168123759206,-4795.094279360721,-3941.884388605106,-196.21770721181912,-1679.3431932658643,-755.6285553156946,212549.18803138228
2021-03-01,0.002311004903988942,2311.0049039889423,-511.3395352097908,1683.99361148791,1045.4510805600387,-714.749562177172,807.6493093279566,214860.19293537122
2021-03-02,0.008865804240291958,8865.804240291958,5128.341521206481,4730.200217800286,-980.3734247910539,-696.0843393032853,683.7202653795302,223725.9971756632
2021-03-03,0.01205275959686689,12052.75959686689,4572.744202757581,6090.884457882299,1463.2778035051383,10.69323643002141,-84.8401037081499,235778.7567725301
2021-03-04,-0.0014039999060402458,-1403.9999060402458,591.7222370270565,-1972.1397734868326,98.58408417637348,94.16182971420034,-216.32828347104353,234374.75686648986
2021-03-05,-0.01451644448471013,-14516.44448471013,-6697.752882520541,-4430.4312885555555,404.1877684981311,-1197.4598447747073,-2594.9882373574555,219858.31238177972
2021-03-08,0.003882079336425426,3882.079336425426,-115.56260121267226,2342.424786034194,2299.730409823026,-35.8497739902698,-608.6634842288527,223740.39171820515
2021-03-09,0.0037723666498801073,3772.366649880107,1968.8518755150994,139.9535646855297,-41.05783163010581,758.0721532279861,946.5468880815976,227512.75836808525
2021-03-10,-0.002978487104742784,-2978.487104742784,-420.6471212158017,-601.8783129477383,-1054.1370788613424,-839.3081060012338,-62.516485716667766,224534.27126334247
2021-03-11,0.004020729599075835,4020.729599075835,1542.9351286279477,2436.0939877768324,-1119.8989044525683,895.7278536467427,265.87153347688036,228555.0008624183
2021-03-12,-0.00340078376885838,-3400.78376885838,-89.74263626343185,-1093.7636003077819,-3093.83725652552,95.13797939750198,781.4217448408514,225154.2170935599
2021-03-15,-0.0028276592554561755,-2827.6592554561753,-1181.575739896496,-813.9826120864003,827.3695913325962,-1073.316611635006,-586.1538831708693,222326.55783810373
2021-03-16,0.003832917252822262,3832.917252822262,3335.9116544116737,837.0055855229605,-287.44307261972125,-789.707228838936,737.1503143462843,226159.475090926
2021-03-17,-0.0020331219788934296,-2033.1219788934295,-149.694225649431,-2330.2649101277525,1275.6064176275097,-160.1207144013745,-668.648546342381,224126.35311203255
2021-03-18,0.0020938553574355737,2093.8553574355738,842.3906283699599,2221.4350422214816,-1250.8663678385533,-262.41663582585556,543.3126905085414,226220.2084694681
2021-03-19,0.004437285455866449,4437.2854558664485,2911.043550505205,2473.827452104598,-871.9295665507566,-658.1673047403488,582.5113245477512,230657.49392533457
2021-03-22,-0.01233364894167336,-12333.64894167336,-4502.9838503395495,-7459.545723454696,863.8612905025041,866.969597559266,-2101.9502559408857,218323.8449836612
2021-03-23,-0.0044014039019772255,-4401.403901977225,-4240.868959781737,-2402.03014270767,3271.5255891526112,400.1366936354415,-1430.16708227587,213922.44108168397
2021-03-24,-0.0011457770159883458,-1145.7770159883457,-768.1650526403286,1297.0110439692633,-521.5816661971032,-865.802791663352,-287.2385494568251,212776.66406569563
2021-03-25,-0.0047773891074004825,-4777.389107400482,-4003.9801546865915,-2901.4494973600495,2637.126606525822,553.8279615452903,-1062.9140234249542,207999.27495829514
2021-03-26,-0.003437384576571854,-3437.384576571854,-1225.6073294452851,-3083.8834029806776,1092.8626143015358,233.72396853172316,-454.4804269791502,204561.8903817233
2021-03-29,0.02394843671948212,23948.43671948212,13411.051784948415,10691.609991874751,-2910.8467550196556,-221.89782651209222,2978.5195241907045,228510.32710120542
2021-03-30,0.0005211286000583099,521.12860005831,475.73572425861073,-1608.1756849576152,897.7763347486307,-168.9736522166345,924.7658782253184,229031.45570126374
2021-03-31,0.00977527140437347,9775.27140437347,4536.2018760015235,2864.1569503236433,859.2436182092524,506.04816300744113,1009.6207968316097,238806.7271056372
2021-04-01,0.0022085343401910223,2208.5343401910222,2035.877832636794,399.8801824118104,-1208.9612078308483,709.3146038529514,272.4229291203145,241015.26144582822
2021-04-02,-0.0028705641818808484,-2870.5641818808485,-1695.3235456163861,-2609.9033099206667,665.3908328398601,1675.2530924112843,-905.9812515949399,238144.69726394737
2021-04-05,0.0018785912162277334,1878.5912162277334,101.72171802558388,2015.1497189073684,57.16147872303632,234.0232508373527,-529.4649502656077,240023.2884801751
2021-04-06,0.006600693894215321,6600.693894215321,1798.889808272124,1122.4403967809988,934.0072955268472,1192.8082390094214,1552.5481546259298,246623.9823743904
2021-04-07,0.005038849583250333,5038.849583250333,2434.4593274970175,2313.3182697422662,-83.72209858058811,-180.46771071364367,555.2617953052804,251662.83195764074
2021-04-08,-0.00039349021130443004,-393.49021130443003,-1240.6859225839237,-720.112217925945,1846.0849303543844,-461.1815110778576,182.40450992891166,251269.34174633631
2021-04-09,0.007226504048974052,7226.504048974052,5531.8832828274335,4079.1542351806734,-3484.403094648901,-858.4848998637884,1958.3545254786336,258495.84579531036
2021-04-12,-0.0013466380038844874,-1346.6380038844875,-96.0458616553049,-1444.3922786525616,-735.067157016092,563.0618783831192,365.805415056352,257149.20779142587
2021-04-13,-0.002696104819090769,-2696.104819090769,-1003.5148165127163,-1272.5396344462433,-381.50014889372744,-791.3321087825439,752.7818895444619,254453.1029723351
2021-04-14,0.0018638228487835654,1863.8228487835654,-1353.7459706876275,631.7217839172768,2243.9046999895113,1027.057500318977,-685.1151647545719,256316.92582111867
2021-04-15,0.0014335813907357625,1433.5813907357624,1695.6663794137594,1266.8214326659004,-1381.7889689936235,55.308149838436314,-202.42560218871003,257750.50721185442
2021-04-16,0.008689895215536703,8689.895215536702,4988.253431538567,3187.0054605770842,-554.3592493463354,406.2540751234073,662.7414976439787,266440.40242739115
2021-04-19,0.003973793285426436,3973.793285426436,2464.1139661961533,1237.7219247544099,656.8825183665206,-704.0588275259437,319.1337036352957,270414.1957128176
2021-04-20,0.01285956521635291,12859.56521635291,8143.501796044795,4871.182638324281,-2186.3555450803583,462.5904056108686,1568.6459214533231,283273.76092917053
2021-04-21,0.005279199398209039,5279.199398209039,1472.6464169489486,1800.0538799158758,628.3175818193198,996.3944627792098,381.7870567456841,288552.9603273796
2021-04-22,0.0010459335185845917,1045.9335185845916,-1013.2821493978782,145.72928625090583,2597.75283410176,315.63889653483926,-999.9053489050348,289598.89384596416
2021-04-23,0.005684256774302371,5684.256774302371,4649.738811005285,3399.6711963600146,-3415.59232504545,200.65663816245365,849.7824538200671,295283.15062026656
2021-04-26,0.0003510914852295153,351.0914852295153,-380.23978567747525,163.86498311996138,334.40010214691057,551.2096565101111,-318.14347086999254,295634.24210549606
2021-04-27,0.004472477326005085,4472.477326005085,2155.0443523395475,1296.176792398442,564.542013781319,713.8127297324701,-257.09856224669346,300106.7194315011
2021-04-28,0.009821405751027683,9821.405751027683,4561.124887935135,2761.673715747991,256.2243348325136,617.3019421567554,1625.0808703552864,309928.1251825288
2021-04-29,-0.0020234310551079937,-2023.4310551079936,-938.5571259617789,-1198.7232923184722,74.19335912145233,-232.18653276614197,271.8425368169472,307904.69412742084
2021-04-30,-0.013556231394315981,-13556.23139431598,-6788.504555433669,-6649.871354761791,-438.3938155603714,353.50840458398784,-32.97007314413776,294348.4627331049
2021-05-03,-0.0005547247617998455,-554.7247617998455,-438.6867178573803,-567.901648105889,132.466734236444,890.0122576680083,-570.6153877410284,293793.73797130503
2021-05-04,0.00456357669734693,4563.57669734693,1001.1497274860974,2105.240615555584,591.7939228312639,231.24558047147977,634.1468510025048,298357.31466865196
2021-05-05,-0.021533571023708876,-21533.571023708875,-11353.575630596795,-7774.556743894521,971.4830809740772,-1840.5366863745926,-1536.3850438170448,276823.7436449431
2021-05-06,0.013438418813185329,13438.418813185328,5769.365889684422,4234.6404284495875,303.58871227180384,1591.0113742623448,1539.8124085171703,290262.1624581284
2021-05-07,0.012255281521872084,12255.281521872084,6887.85102335985,6298.672643817973,-849.1793087116511,-1071.6547157566529,989.5918791625659,302517.4439800005
2021-05-10,-0.0031231121665612274,-3123.1121665612272,-3541.6357003280054,262.65903754307294,576.0553277348224,-167.65791241651462,-252.53291909460302,299394.33181343926
2021-05-11,0.0016825938892732744,1682.5938892732745,183.13027476430565,2465.525554055588,-596.3782696354978,-112.29795204541831,-257.385717865703,301076.92570271256
2021-05-12,-0.011645866947023659,-11645.866947023658,-5544.094547126964,-5089.644869480272,711.2265848493953,-420.2624239776441,-1303.0916912881733,289431.0587556889
2021-05-13,-0.012175334842845262,-12175.334842845261,-5906.533347421702,-4642.3393317476875,-996.4772417459084,60.27641710356714,-690.2613390335317,277255.7239128436
2021-05-14,-0.01154196268961695,-11541.96268961695,-6121.716297752708,-5117.46232733817,-55.22549797647497,-71.28680543437781,-176.27176111522024,265713.76122322667
2021-05-17,-0.013649916757732477,-13649.916757732477,-7875.724372512128,-5880.272439685766,996.0715034427665,276.1505563049226,-1166.142005282273,252063.84446549418
2021-05-18,-0.0063944430638907136,-6394.443063890713,-3158.2711933030396,-2858.9920801725893,-555.5258896336047,553.8951530541426,-375.549053835622,245669.40140160348
2021-05-19,0.011264925747541652,11264.925747541653,7985.000880162631,6038.624705037119,-2086.6070831918337,-1128.5988671247737,456.5061126585073,256934.32714914513
2021-05-20,-0.01168163019837955,-11681.630198379551,-6653.370960623057,-4734.496301138754,1663.469342541168,-1226.6192004734473,-730.6130786854625,245252.6969507656
2021-05-21,-0.0007616927873758522,-761.6927873758523,-2028.8564170704458,-1354.0985192049984,2328.2862297101346,1024.873047226024,-731.8971280365671,244491.00416338973
2021-05-24,-0.011507740882279698,-11507.740882279699,-3743.0073467442066,-5821.3148280318655,-594.7568811713513,-292.1721819833956,-1056.4896443488794,232983.26328111003
2021-05-25,-0.001591110936785237,-1591.110936785237,-551.2792617876797,-317.22861058541866,-187.76845621168712,-561.9420952594845,27.10748705903297,231392.1523443248
2021-05-26,0.0036061063812935206,3606.106381293521,1856.1507281915178,-72.66706759893808,1344.80505136856,392.62464789356324,85.19302143881737,234998.25872561833
2021-05-27,0.006870730534677152,6870.730534677152,2974.5005776775397,2600.356334859767,768.1632849525932,509.8106429434281,17.899694243823927,241868.9892602955
2021-05-28,0.0011073437407013483,1107.3437407013485,1518.3148058656268,-404.82419233154235,-231.57344947524174,108.17223761010875,117.25433903239707,242976.33300099685
2021-05-31,-0.004254561530785703,-4254.561530785703,-539.857548043509,-2995.2499501045145,-830.3722688827822,35.45421767790409,75.46401856719847,238721.77147021116
2021-06-01,-0.006165898144790156,-6165.898144790156,-4316.235591889023,-1572.9244645889223,-276.64404835337547,331.4076684582471,-331.5017084170804,232555.873325421
2021-06-02,-0.00270582123590691,-2705.8212359069103,-2714.1547013439726,354.36732245397263,-862.5326132159696,215.91382065878014,300.5849355402799,229850.0520895141
2021-06-03,-0.0030613471501356594,-3061.3471501356594,-2816.604878121908,-249.33257020091563,280.4714696891334,2.663977228261738,-278.54514873023123,226788.70493937843
2021-06-04,0.0005740261330492032,574.0261330492032,-564.0967141763007,679.7231196072673,1170.449514967984,-1174.790450916804,462.74066356705686,227362.73107242762
2021-06-07,-0.010681356221625301,-10681.356221625301,-6982.466349749832,-3936.8658530435,2574.765975971963,-757.6275236004368,-1579.1624712034954,216681.37485080233
2021-06-08,-0.007808300504284734,-7808.300504284734,-4643.95960764093,-3855.1792736770767,287.1956639932862,414.4047994707042,-10.762086430716646,208873.0743465176
2021-06-09,0.007783617001231737,7783.617001231737,5861.872005317815,3722.9679744420996,-1207.8986467733023,-1147.2321583159476,553.907826561074,216656.69134774932
2021-06-10,0.007527316909683158,7527.316909683158,4052.376859009322,5322.940249316737,-1947.5710177281155,-764.1022838674695,863.6731029526836,224184.0082574325
2021-06-11,0.001159557198949303,1159.557198949303,1176.6768670423485,-208.42575855163392,252.839475992971,-171.2783896640612,109.7450041296786,225343.5654563818
2021-06-14,0.0034403169126811296,3440.3169126811295,2294.3938416155383,1767.8447976271884,-886.3856856859136,-140.47146083176773,404.935419956084,228783.88236906292
2021-06-15,-0.0007756550950563341,-775.6550950563341,-1554.0463255049362,-1546.4297647668657,2190.9145386733526,805.3933093096175,-671.4868527675022,228008.22727400658
2021-06-16,0.006599898802309341,6599.898802309342,2927.20849894509,1786.2882295094307,980.1253767910099,661.4237181385113,244.8529789252999,234608.12607631594
2021-06-17,-0.0011986001583900808,-1198.6001583900807,1880.4110884031659,-713.144711028624,-1874.9175018020221,-1040.1623316969626,549.2132977343622,233409.52591792584
2021-06-18,0.016614906947250437,16614.906947250438,7276.562997837386,8639.404518196894,-26.54039266491623,564.9127648166108,160.5670590644618,250024.4328651763
2021-06-21,-0.006461665602500703,-6461.665602500703,-2279.2299588828914,-2828.0238382486186,-526.3321373573771,-286.2611675112174,-541.8185005005989,243562.7672626756
2021-06-22,-0.014075767885983567,-14075.767885983567,-8313.059203578308,-5347.426228915983,2.9526742219585467,-327.9556843346226,-90.2794433766115,229486.99937669202
2021-06-23,-0.009096595044439104,-9096.595044439104,-3861.415284662978,-6431.249851533544,-83.98360220117434,822.6350677831,457.41862617549117,220390.40433225292
2021-06-24,-0.007892307268877685,-7892.307268877686,-5164.10829670015,-3277.8202886996924,255.9440563373312,-345.9361748584636,639.61343504329,212498.09706337523
2021-06-25,-0.009533676114148525,-9533.676114148526,-6312.475379259643,-4491.506146458182,1559.652075009751,772.9100030078334,-1062.2566664482852,202964.4209492267
2021-06-28,0.002207495445749932,2207.495445749932,1293.8122659172298,454.69281394498364,93.24276838370797,-135.64911434210686,501.3967118461174,205171.91639497664
2021-06-29,-0.0014700141489348774,-1470.0141489348773,-1552.3634113832627,-672.8712958172764,242.24231192873899,778.7003235968868,-265.72207725996446,203701.90224604175
2021-06-30,-0.013670798005780617,-13670.798005780616,-7446.736366468902,-3978.1688351961316,143.24880731900907,-967.9587684141126,-1421.182843020478,190031.10424026113
2021-07-01,0.012478035407612933,12478.035407612933,5772.639991317432,1496.1558946123216,2779.102416673747,1849.7745344374755,580.3625705719568,202509.13964787408
2021-07-02,0.0014818692629492032,1481.8692629492032,-230.55480258840282,214.93991334486927,717.711423057837,592.8514930867847,186.92123604811513,203991.0089108233
2021-07-05,0.0006569232438277568,656.9232438277568,376.23886127204497,17.75786925799593,-268.63673051300447,-163.6357684148943,695.1990122256146,204647.93215465106
2021-07-06,0.0012941762989205127,1294.1762989205126,2492.93823357962,-2122.120362483202,85.0925511113146,551.3048805677699,286.9609961450103,205942.10845357156
2021-07-07,-0.00043823565563278464,-438.23565563278464,-1631.7775029733205,290.93202436297713,1560.3269457247618,-447.5921830319319,-210.1249397152714,205503.8727979388
2021-07-08,-0.009019457772583075,-9019.457772583075,-4080.9582850734005,-5021.17658964333,-335.2571989737706,481.1043810861568,-63.17007997873172,196484.4150253557
2021-07-09,0.00536756827582816,5367.56827582816,2154.9587644086305,2646.759280468185,407.1163013517505,-346.67246271554905,505.40639231514336,201851.98330118385
2021-07-12,0.009475174605437153,9475.174605437152,3361.720005956265,3611.9908414843717,1066.7502601374895,861.9520903369495,572.7614075220791,211327.157906621
2021-07-13,0.006378233607417963,6378.233607417963,4494.631000928995,3409.504177980988,-1774.755941989163,-240.81597711400087,489.6703476111451,217705.39151403896
2021-07-14,-0.007645547514931503,-7645.5475149315025,-2835.7487548924023,-2372.3123662901685,-578.2193104107788,-487.16942049215464,-1372.0976628459973,210059.84399910746
2021-07-15,0.0015379641477349553,1537.9641477349553,895.833570966342,688.4593054804319,-1150.9538331292515,308.63107034835036,795.9940340690825,211597.8081468424
2021-07-16,-0.014591228372123993,-14591.228372123993,-6751.751430349692,-6222.583215400224,-36.937527553935595,-1006.6372948211318,-573.318903999009,197006.5797747184
2021-07-19,-0.004710165529783765,-4710.165529783765,-814.0697828457749,-986.9589455868137,-2403.4753436451265,-31.71770330221316,-473.9437544038375,192296.41424493465
2021-07-20,4.262474844438395e-05,42.62474844438395,251.71704711857862,573.464969528967,1689.0347769162072,-649.7738596297706,-1821.818185489598,192339.03899337904
2021-07-21,0.005531172631658738,5531.172631658738,772.1680879655185,3061.7823897981616,1644.5078691023264,376.30471796538626,-323.590433172654,197870.21162503777
2021-07-22,0.006319690930885074,6319.6909308850745,3389.9149058767034,1263.5075602032216,-33.98349059376421,637.5621701888534,1062.6897852100594,204189.90255592286
2021-07-23,0.01985067294203895,19850.67294203895,11590.572163426525,9424.38790173856,-2324.242421353959,92.78075322775257,1067.1745450000747,224040.5754979618
2021-07-26,-0.0068866363211319325,-6886.636321131932,-2917.795150574044,-2798.3948371799975,-264.176853321006,-59.39602673871821,-846.8734533181665,217153.93917682988
2021-07-27,0.008327642900275293,8327.642900275294,4708.32880276278,3610.0027826849982,-717.7968095730733,-140.79302903263968,867.9011534332286,225481.58207710518
2021-07-28,0.0031784464212949656,3178.4464212949656,3465.4127116040654,1467.3615335667037,-1444.0401490067845,-261.188031450441,-49.09964341857808,228660.02849840015
2021-07-29,-0.005428108052531762,-5428.108052531762,-3440.883010830291,-3291.2492695294795,1546.3193967478037,368.8668828678628,-611.1620517876585,223231.9204458684
2021-07-30,0.006845037948652791,6845.037948652791,3573.771441105483,2551.4565976668932,-66.88420937316074,111.41672228143396,675.2773969721421,230076.95839452118
2021-08-02,-0.006519271856582296,-6519.271856582295,-2447.5863619686447,-5221.843141193464,-96.15296700085617,1129.080061562443,117.23055201822709,223557.6865379389
2021-08-03,0.009037193021389257,9037.193021389257,4054.6694352829168,4804.198033713528,-347.7485513624257,186.43749246526377,339.6366112899747,232594.87955932814
2021-08-04,-0.0002552461552323801,-255.24615523238012,-1327.505995313609,-173.09253185801973,1771.939245788655,131.00463376123773,-657.591507610644,232339.63340409577
2021-08-05,-0.003110360209232791,-3110.360209232791,2.2174271977086293,826.3838958028207,-1723.9408413112928,-2125.1225363902936,-89.89815453173415,229229.273194863
2021-08-06,-0.009752750708127294,-9752.750708127294,-5126.9921888394665,-4627.717164582017,523.4462388962737,-463.1108986100617,-58.37669499202273,219476.5224867357
2021-08-09,0.0034329979833923707,3432.9979833923708,1372.328011329744,1464.2831046476686,604.8735387976924,-684.6283437729185,676.1416723901841,222909.52047012805
2021-08-10,-0.001788120083470299,-1788.120083470299,-318.2100034489315,675.7468183694982,-1204.5766192992678,-1485.642247159196,544.5619680675982,221121.40038665774
2021-08-11,0.000616533371833298,616.533371833298,1580.9200096095697,-25.31830268778916,-1428.8406501444658,716.8800822392786,-227.1077671832952,221737.93375849104
2021-08-12,0.012097758767169682,12097.758767169682,6899.226403675046,4054.012608555832,-349.89970720345565,128.3002402986413,1366.1192218436197,233835.69252566074
2021-08-13,-0.00467347603696459,-4673.476036964589,-2285.278808879609,-1975.3524368359924,373.93681631346965,-783.8256312584307,-2.9559763040267923,229162.21648869614
2021-08-16,-0.007609734282961674,-7609.734282961674,-2155.496979180658,-1966.1214468213325,-941.7352814466518,-2209.0865026715105,-337.2940728415218,221552.48220573447
2021-08-17,0.01921981101148199,19219.81101148199,10132.984770774246,8844.874544589538,-1448.6206961726177,-19.214076381449686,1709.7864686722726,240772.29321721647
2021-08-18,0.004876775577281007,4876.775577281007,2297.9002837358817,141.9857784864483,898.480922427003,944.1796899719761,594.2289026596985,245649.0687944975
2021-08-19,0.004514762143157144,4514.762143157144,1841.5981030008547,1438.8003279804275,563.4020107297168,654.9868365340168,15.974864912128503,250163.83093765462
2021-08-20,-0.0038749540511331675,-3874.9540511331675,-2409.127446166984,-1707.279976458028,2301.22710484043,-599.7939992141779,-1459.9797341344074,246288.87688652147
2021-08-23,0.001620654975169855,1620.654975169855,691.9955331933703,600.3332948704538,118.07484089520977,239.5194570327413,-29.26815082191983,247909.53186169133
2021-08-24,0.006933671161642196,6933.671161642196,6257.426442128745,2601.377462601661,-2163.970920390022,-44.45719048774981,283.29536778956094,254843.2030233335
2021-08-25,0.0005768670668704491,576.8670668704491,-738.588498614699,1712.8111299077173,338.56986559026507,58.41093443915949,-794.3363644519939,255420.07009020395
2021-08-26,-0.004361055893077353,-4361.055893077353,-2588.7179137658054,-2499.345957561519,-52.60274468519579,845.5648164461138,-65.95409351094673,251059.0141971266
2021-08-27,-0.00569138259605433,-5691.38259605433,-4668.123419135534,-3240.760502600151,1350.1080998798413,859.4513777197494,7.9418480817656185,245367.6316010723
2021-08-30,-0.010474007429746957,-10474.007429746956,-4263.3956056770485,-4380.868105364052,-1023.8101572886162,-540.5035759952746,-265.42998542196614,234893.62417132533
2021-08-31,0.00662105267628511,6621.0526762851105,4146.804969674227,3075.034041531813,-1029.240106872965,132.55580950962076,295.8979624424142,241514.67684761045
2021-09-01,0.015341032095463948,15341.032095463948,8776.062631118048,4523.063134210317,-1281.7884057661208,1865.532486642972,1458.162249258733,256855.7089430744
2021-09-02,-0.0023413675414513005,-2341.3675414513004,-798.1639470062768,-1102.2386749010175,-148.15472425059792,988.5282883447339,-1281.3384836381422,254514.3414016231
2021-09-03,0.009223645136628066,9223.645136628065,6440.4215454445675,2984.39419228412,-1470.8109488290595,-153.90723335737977,1423.547581085818,263737.98653825116
2021-09-06,-0.009697540874290218,-9697.540874290218,-6712.122277911739,-4511.991578286682,3581.853530151094,-693.5095863262372,-1361.7709619166515,254040.44566396094
2021-09-07,-0.004612290287132045,-4612.290287132046,-2780.325146745758,-1547.387060339723,492.6005107131877,-566.505674672727,-210.67291608702487,249428.1553768289
2021-09-08,0.012875197583063887,12875.197583063888,7578.262061104321,5548.13546088443,-264.31128146891626,-603.5276259409848,616.6389684850344,262303.35295989277
2021-09-09,0.005952274533882276,5952.274533882276,1984.1063670975848,3556.9313286142287,325.1348627206985,-191.80331878554867,277.9052942353135,268255.62749377504
2021-09-10,-0.008039953273621774,-8039.953273621773,-5251.712482672813,-3197.0906122753813,1959.0881916345688,-273.84786579744843,-1276.3905045107,260215.67422015328
2021-09-13,0.002771473877020892,2771.473877020892,1116.6885645386035,257.0732116942434,-302.835163866139,1611.5255243612303,89.0217402929541,262987.1480971742
2021-09-14,-0.003144105830568839,-3144.105830568839,-1505.0286384891333,-2042.0976156272434,1073.1257864568158,57.83536121413271,-727.9407241234107,259843.04226660533
2021-09-15,0.010382121021533504,10382.121021533503,5549.476935546651,6201.888663012087,-1407.1283461281064,-1513.595667436725,1551.4794365395971,270225.16328813887
2021-09-16,-0.00666197736184905,-6661.97736184905,-2875.4452681920166,-1119.9956334498493,-1924.111473434864,57.20478553872994,-799.6297723110508,263563.1859262898
2021-09-17,0.004351021934897264,4351.021934897264,3069.2093000794025,2372.6390340217094,-1645.6601739084542,-477.21013133913374,1032.043906043739,267914.2078611871
2021-09-20,0.003960672002530689,3960.6720025306895,444.75670308398384,1142.627755712404,2463.6035183462836,-700.4840509019526,610.1680762899704,271874.8798637178
2021-09-21,-0.0019232343233485387,-1923.2343233485387,438.29493759749425,-896.8487732882542,-1830.2498140200003,-412.2669384183525,777.8362647805743,269951.64554036927
2021-09-22,-0.0014195846801460582,-1419.5846801460582,-535.7063055856438,1662.1645931667194,-1541.8451154854545,-481.77226337861873,-522.4255888630606,268532.0608602232
2021-09-23,0.0015906762580141977,1590.6762580141979,1527.2539070248652,2387.4507384787617,-644.9373213903651,-2080.621806959167,401.53074086010315,270122.7371182374
2021-09-24,0.005094362817199611,5094.362817199611,1834.3019172807399,1960.875015572142,1311.674661161997,-474.6120912370326,462.1233144217648,275217.099935437
2021-09-27,0.006491602170391937,6491.602170391937,5008.531552407494,1400.1602457264125,-569.5447671723177,-72.71340634234414,725.1685457726915,281708.70210582897
2021-09-28,0.0004754825207640051,475.48252076400513,1460.2412308610126,451.17990968865473,-1119.0135878475662,-81.49907209575633,-235.4259598423397,282184.18462659296
2021-09-29,-0.00803924361288543,-8039.24361288543,-4560.465541317779,-2564.4508976614798,-662.8927577539118,63.32032472329896,-314.75474087555904,274144.94101370755
2021-09-30,-0.013473642606295773,-13473.642606295773,-7248.388260920506,-6486.522759648158,2490.8276158563235,-558.1616795198429,-1671.39752206359,260671.29840741178
2021-10-01,0.0046066495826643265,4606.649582664327,1940.6557516579649,2562.424005836695,-508.94911070217756,-516.1793915792009,1128.6983274510449,265277.9479900761
2021-10-04,0.013650024285815033,13650.024285815034,7303.37858794983,6941.970460245421,-870.4570497132298,-478.7642442373697,753.8965315703822,278927.9722758911
2021-10-05,0.006123575367728999,6123.5753677289995,2194.5592421161814,2256.418223216453,1465.6787595860499,866.4459741880604,-659.5268313777462,285051.5476436201
2021-10-06,0.007302930756651586,7302.930756651586,4418.179994436257,2018.217338269655,-1261.7310303850516,253.6463314614052,1874.618122869319,292354.4784002717
2021-10-07,0.025111847855813597,25111.847855813598,13061.657935222514,10846.188419973163,-2113.5162745523767,615.7006174160205,2701.8171577542735,317466.3262560853
2021-10-08,0.0011922213672462428,1192.2213672462428,-1346.804027340205,1429.9672550695066,706.339154890132,289.4523860090424,113.26659861776682,318658.54762333154
2021-10-11,0.002560339334845212,2560.339334845212,1770.6637645807136,2508.29553057374,-931.7716233517367,-586.4991079744066,-200.34922898309827,321218.88695817674
2021-10-12,0.006340618439347993,6340.618439347993,1845.9051686049506,2483.672268951226,387.33807868619374,1366.0497175532878,257.6532055523349,327559.50539752474
2021-10-13,0.00397803171295972,3978.0317129597197,2808.714953488553,655.8464759651216,-1035.5770341698924,556.0559126100609,992.9914050658768,331537.53711048444
2021-10-14,-0.004152880436305016,-4152.880436305016,-1234.6611801895656,-1044.787285968346,-1712.2276725844326,-675.2257612948051,514.0214637321332,327384.6566741794
2021-10-15,0.0047996424181610195,4799.642418161019,2415.8610676475787,2538.9304593515353,-239.63664414820468,42.02845193468824,42.459083375422374,332184.29909234046
2021-10-18,0.005001575732203478,5001.575732203478,2935.079364850646,2827.6821022439467,223.09908083403482,-229.44362627956758,-754.8411894455816,337185.87482454395
2021-10-19,0.006803051173583001,6803.051173583001,4608.041389365522,2876.003567153233,-1822.9377957593651,437.41406677846476,704.5299460451478,343988.925998127
2021-10-20,0.009452970755360394,9452.970755360393,4451.732812995811,4259.3510136757395,257.7614024287839,-788.8095744691238,1272.9351007291857,353441.89675348735
2021-10-21,0.0005077620471210427,507.76204712104266,1097.2522311821956,334.6839942693982,-31.01587136307409,-1248.6437464732892,355.48543950581217,353949.6588006084
2021-10-22,-0.01127717055513466,-11277.17055513466,-4323.360334364701,-5170.053371049414,-1410.0951819022755,435.3995411434215,-809.0612089616911,342672.48824547377
2021-10-25,0.008402234880463651,8402.234880463651,6441.656381649296,4203.636720698826,-3155.8347247487663,-1088.758588841629,2001.5350917059234,351074.7231259374
2021-10-26,-0.0007712036330132855,-771.2036330132855,-654.7723473340036,-1254.0856339132154,230.7391923660497,436.02353760718063,470.891618260703,350303.5194929241
2021-10-27,0.00852820765981177,8528.207659811771,6083.69676555029,4170.667739979422,-2606.2863608655553,-483.94539554033923,1364.0749106879537,358831.72715273587
2021-10-28,-0.008248405738256226,-8248.405738256226,-4047.7874900845654,-4416.241297463494,918.7028873460902,17.234044794078198,-720.3138828483333,350583.32141447964
2021-10-29,-0.006082795731126656,-6082.795731126656,-3185.680405740292,-2758.398921993313,-700.1789833120647,375.9428305053071,185.51974941370653,344500.52568335296
2021-11-01,-0.017884032865666553,-17884.032865666555,-7753.989021399994,-7219.748214400913,-811.965657302706,-985.4695133920209,-1112.8604591709172,326616.4928176864
2021-11-02,-0.013469396028614671,-13469.396028614672,-6088.509922733827,-5932.3858550885725,-447.9379228028881,-180.10973861653684,-820.4525893728471,313147.09678907174
2021-11-03,-0.00525739554573041,-5257.39554573041,-3031.2977240164637,-2081.4472106813146,-204.07839325669067,-422.24185530733587,481.6696375313949,307889.7012433413
2021-11-04,0.009412594504322427,9412.594504322427,5629.936417519461,2533.6304772950502,30.128580187133586,1027.8494119552554,191.04961736552653,317302.29574766377
2021-11-05,0.0067716456444534365,6771.645644453437,3438.866103770414,4746.067150070878,-1725.8546220742803,-988.962074738561,1301.5290874249856,324073.9413921172
2021-11-08,0.0028900415555706237,2890.0415555706236,1140.2803054677215,1630.682769427578,319.74113875284826,371.07707225510296,-571.7397303326273,326963.9829476878
2021-11-09,0.008461969422412554,8461.969422412554,4398.734367810082,4976.706281560728,-803.1959580778055,-62.622117614800764,-47.65315126564739,335425.95237010036
2021-11-10,0.00531909859081985,5319.09859081985,2159.869975274906,2440.599662403914,-331.887851686908,841.8599239013638,208.65688092657396,340745.0509609202
2021-11-11,0.0027763175214139835,2776.3175214139837,2371.3448887531213,419.3429717008403,-508.8504800740307,-19.3088048330735,513.7889458671262,343521.3684823342
2021-11-12,-0.003089629367789627,-3089.629367789627,-1552.013101100106,-1370.2195445941195,1244.7066682799878,-146.3342746453467,-1265.7691157300421,340431.7391145446
2021-11-15,0.013789949916822232,13789.949916822232,7348.252397662767,7528.620425233321,-2542.4519068783184,273.25678605159567,1182.2722147528682,354221.68903136684
2021-11-16,0.0011382094483513927,1138.2094483513927,1106.64630439045,1252.0202655808175,-421.9421742919847,-640.3235327906822,-158.19141453720812,355359.89847971825
2021-11-17,-0.008415346405489339,-8415.34640548934,-3848.006045021218,-4091.1603493022485,392.58114283276285,-590.410942566567,-278.35021143206615,346944.55207422894
2021-11-18,0.01140766009637615,11407.66009637615,6246.433852410893,3993.2653197794148,-709.5173725186771,614.2218867878497,1263.25640991667,358352.2121706051
2021-11-19,0.0018112722542742198,1811.27225427422,319.0121252475671,1263.3240236036265,642.4250845704139,-845.6700394537273,432.1810603063396,360163.4844248793
2021-11-22,0.006095636060917205,6095.636060917205,3726.6215165203166,1810.0660655220638,-604.4902140868121,654.8944779674198,508.54421499421784,366259.12048579653
2021-11-23,0.009597664441771795,9597.664441771794,4506.50780061725,6697.546913944306,-1366.8981290968566,-1278.6072165811781,1039.1150728882733,375856.78492756834
2021-11-24,0.006436153001098021,6436.153001098021,3030.562521529803,2006.74857028185,1325.7070663196675,-553.6709734197974,626.805816386498,382292.93792866636
2021-11-25,-0.0003479090863269575,-347.9090863269575,-2544.615447187352,407.62334248112563,3069.8574833335197,-236.67928564160547,-1044.0951793126453,381945.0288423394
2021-11-26,0.004889747691157852,4889.747691157852,3610.269125315168,2236.8403648401772,-645.0652743752402,114.12006072968853,-426.41658535194154,386834.77653349726
2021-11-29,-0.001330049871846701,-1330.049871846701,-58.11853359579645,-990.6669628378495,-688.6582235439043,1000.1573169848397,-592.7634688539905,385504.7266616506
2021-11-30,0.006183009021849455,6183.009021849455,3415.461784341505,2235.863272908365,-894.3134438549536,617.7761997905983,808.2212086639396,391687.7356835
2021-12-01,0.0042256145464927095,4225.614546492709,2396.5745883220297,3165.4465523002336,-654.1522878825364,-548.4323840482547,-133.82192219876302,395913.3502299927
2021-12-02,-0.002108934228143114,-2108.934228143114,-3466.7242259116115,1387.4929588317175,2426.9756005164395,-961.5694416041852,-1495.1091199754749,393804.4160018496
2021-12-03,0.004913330851015415,4913.330851015415,2023.837459217664,2302.2996430811836,445.8826230467285,-40.32506680843221,181.63619247827097,398717.746852865
2021-12-06,-0.0009870934819803015,-987.0934819803015,1377.094001469301,1173.5927290128323,-2957.6667912572257,-707.0661976182295,126.95277641302093,397730.65337088465
2021-12-07,0.006366788080804853,6366.788080804853,735.8879594157507,4659.103100485197,709.4553055568291,-310.84059915011215,573.182314497188,404097.4414516895
2021-12-08,0.006036617344662335,6036.617344662335,2027.2891262786934,2130.504598216111,502.04913259621077,1716.81969170092,-340.04520412960005,410134.05879635183
2021-12-09,0.0020784852517462416,2078.485251746242,1989.254722608109,254.36508488618932,280.3384445426979,-446.05261925391596,0.5796189631611925,412212.5440480981
2021-12-10,-0.0005320557747808718,-532.0557747808717,-1239.3776397992065,388.3521812818112,1447.2807548953563,-791.581122737109,-336.72994842172375,411680.4882733172
2021-12-13,-0.00640875479216247,-6408.75479216247,-2980.2353899465247,-4011.156259459571,24.144909073926662,-276.3432202181214,834.8351683878209,405271.7334811548
2021-12-14,0.002458080169507486,2458.0801695074856,1818.4312665149237,-495.5669273811748,-1142.8450397306403,750.779715526326,1527.2811545780514,407729.81365066225
2021-12-15,-0.012407459393898132,-12407.459393898132,-6661.129911399425,-7685.5853446256215,3098.937340595881,729.5205347695103,-1889.2020132384766,395322.3542567641
2021-12-16,0.0010234587774372317,1023.4587774372317,2245.4421617142284,-1893.9870914058035,-652.7378450353414,461.72925196918925,863.0123001949589,396345.81303420133
2021-12-17,-0.009094160402320077,-9094.160402320076,-4258.362999628658,-3147.20666553236,-502.3690922258003,-144.8500859796498,-1041.371558953609,387251.65263188124
2021-12-20,-0.003128907424086484,-3128.907424086484,-1714.0235244729265,-2680.0588754326886,946.3841155351514,831.3192559479779,-512.5283956639979,384122.74520779477
2021-12-21,-0.0008159379467985086,-815.9379467985086,160.59957883211902,-1863.9271507407473,-572.9226221153166,-19.834052727731905,1480.1462999531682,383306.80726099625
2021-12-22,-0.003840104019448702,-3840.1040194487023,-4670.261508251487,-1572.1010313460195,2118.787209763403,264.866845433471,18.604464951930627,379466.70324154757
2021-12-23,0.00483713695583873,4837.13695583873,1562.842984948824,1731.9948383291705,-253.26100611905048,916.3054107038265,879.2547279759593,384303.8401973863
2021-12-24,-0.00755899546185704,-7558.99546185704,-2627.8446074840917,-3824.3110497022963,-18.625209904753387,-629.831404898463,-458.3831898674361,376744.8447355292
2021-12-27,0.009177418135106018,9177.418135106018,5197.240165673385,3357.263594126926,-888.4133561072075,179.89043588803332,1331.4372955248818,385922.26287063526
2021-12-28,-0.016987994084354984,-16987.994084354985,-9436.935202735342,-8067.20309885426,1604.7601253028927,775.8618265168564,-1864.47773458513,368934.2687862803
2021-12-29,-0.01544243660525365,-15442.43660525365,-7881.521365375871,-5192.432688442381,466.8961657710521,-1271.8626338916235,-1563.5160833148286,353491.83218102664
2021-12-30,-0.0038419949102000994,-3841.994910200099,-775.006502154568,-1423.7085292137908,-2701.6423553375757,135.6595124342179,922.7029640716165,349649.8372708265
2021-12-31,0.003358217867837101,3358.217867837101,2736.3923636259233,537.3211591916934,-799.3564752757466,77.3373162090009,806.5235040862298,353008.0551386636
2022-01-03,0.0037104294225934935,3710.4294225934937,2107.030052615939,394.97970753649224,-208.1934935215438,373.57649018910115,1043.0366657735049,356718.4845612571
2022-01-04,0.006339084646051046,6339.084646051046,2258.927467263837,2600.87136506806,-43.69742254426343,998.2453372759527,524.7378989874588,363057.5692073082
2022-01-05,-0.005732630353975873,-5732.630353975873,-4316.569222728996,-1597.6804763540067,1781.3497744963124,-425.8585618279187,-1173.8718675612631,357324.9388533323
2022-01-06,0.0027838468449650367,2783.846844965037,545.6172895911996,840.330442165055,314.90902638280716,183.18385014679703,899.806236679178,360108.7856982973
2022-01-07,0.007538215711467548,7538.215711467548,3800.48123938652,2961.866508427659,719.3791406900415,-545.9072496010862,602.3960725644141,367647.00140976487
2022-01-10,0.009648273947582546,9648.273947582546,6899.086668879061,4776.869782977643,-2021.079054082707,-616.2776811361928,609.6742309447409,377295.2753573474
2022-01-11,-0.009415573731569662,-9415.573731569662,-3996.000014136354,-3785.164584955255,-1099.5842220196653,-495.7847721246125,-39.04013833377505,367879.7016257777
2022-01-12,-0.005141316993893004,-5141.316993893004,-4512.5759566170655,-1588.9514831649835,1592.0015386171701,620.983178879904,-1252.7742716080293,362738.3846318847
2022-01-13,0.004983913303089502,4983.913303089502,2889.0059536797858,503.7499334177961,636.7882556467897,403.6875090730982,550.681651272032,367722.2979349742
2022-01-14,-0.011432859265889763,-11432.859265889763,-5637.497343624376,-5763.194692841438,1575.06193173528,-718.0383717891889,-889.1907893700409,356289.43866908445
2022-01-17,-0.01159226038827394,-11592.26038827394,-6441.978787133032,-3988.7310777506787,-369.3508242447129,-180.8711059912595,-611.3285931542571,344697.17828081053
2022-01-18,-0.006608460735001283,-6608.460735001283,-3626.441637404215,-2195.231115926479,1033.73088691492,-541.5402990654501,-1278.9785695200587,338088.7175458092
2022-01-19,-0.018099133536616484,-18099.133536616482,-8943.02790502483,-6590.0347727081235,-468.205346583366,-633.958375384847,-1463.907136915318,319989.58400919277
2022-01-20,0.0034688728919367263,3468.8728919367263,2152.399656840421,1022.519619312613,-674.4852219917515,449.88474787990646,518.5540898955373,323458.4569011295
2022-01-21,0.0003805235595100778,380.5235595100778,627.8550201676687,911.7232249282246,-1852.937296117805,81.10968100812319,612.7729295238662,323838.9804606396
2022-01-24,-0.009590345240093492,-9590.345240093493,-4970.069140021288,-4358.528339356346,761.9547459124159,-293.3127701203983,-730.3897365078752,314248.6352205461
2022-01-25,0.010304536991783214,10304.536991783214,5311.740483690971,5342.875879466892,-2203.205711160417,105.50727078439347,1747.6190690013746,324553.17221232934
2022-01-26,0.006555725947010043,6555.7259470100435,924.5957868946508,1992.0368388185761,2592.7362837809737,1146.0770458370823,-99.72000832123972,331108.8981593394
2022-01-27,0.007195160616218406,7195.160616218406,3689.3715911559643,2813.9295927268586,-411.0653559655401,-266.32045751344094,1369.2452458145635,338304.0587755578
2022-01-28,-0.005761195245587319,-5761.195245587319,-4137.4003969564055,-1283.3696510214613,1523.7163244333053,-1197.378774254583,-666.7627477881747,332542.86352997046
2022-01-31,-0.01578975706292078,-15789.75706292078,-9520.111332136821,-6654.0670907347185,2700.5042447264896,-561.2355763461044,-1754.8473084296254,316753.1064670497
2022-02-01,0.01332708198209378,13327.081982093781,7507.461221751202,4848.646972535756,-2410.171068689088,963.2439630712458,2417.9008934246644,330080.1884491435
2022-02-02,0.000894063149610569,894.063149610569,-684.4781782390412,649.3383283948482,1989.752134081099,-380.5991349781128,-679.9499996482244,330974.2515987541
2022-02-03,0.011362387485590302,11362.387485590301,4469.672955249887,5524.774039956473,329.60824403272875,-604.3730936056488,1642.705339956864,342336.6390843444
2022-02-04,-0.003956241824042,-3956.2418240419997,-2930.077770810251,-2919.439563097733,919.7879972191773,1122.552714875444,-149.06520222863784,338380.3972603024
2022-02-07,0.0013834484147282056,1383.4484147282055,1042.4351015200239,1221.3663925504538,49.0493824390361,340.8962477068297,-1270.298709488138,339763.8456750306
2022-02-08,-0.004806468181697875,-4806.468181697875,-1945.7513280931528,-1374.0512798038937,-1016.0653852392131,-144.39427140110877,-326.2059171605059,334957.3774933327
2022-02-09,0.013253288130716426,13253.288130716426,6672.997932925056,7060.365330557144,-1294.514673147787,-259.97311688078526,1074.4126572627974,348210.66562404914
2022-02-10,-0.006236934386949382,-6236.934386949381,-2596.9697998704155,-1936.8249623745096,-435.31862281359713,-1195.467305044352,-72.35369684650745,341973.73123709974
2022-02-11,0.002921480409047575,2921.480409047575,1944.0242537316053,173.7938673764647,819.8237795157594,-237.34580841061876,221.18431683436427,344895.2116461473
2022-02-14,0.004733561604256209,4733.561604256209,2745.444852972316,1845.4008864286955,244.94715869044347,-291.78114198873465,189.54984815348897,349628.7732504035
2022-02-15,-0.0058678233869633705,-5867.8233869633705,-1564.6096096974295,-2436.9595285739265,19.051802089218814,-1280.1704844317337,-605.1355663494999,343760.9498634401
2022-02-16,-0.004190744794799937,-4190.744794799937,-1896.4770721526174,-2018.7045072361936,47.855817371878764,-218.82002361958766,-104.59900916341711,339570.2050686402
2022-02-17,0.0014872530500227691,1487.2530500227692,2972.971711356595,1174.6527540127943,-1927.0372162251388,-1061.6913233028608,328.35712418138,341057.45811866294
2022-02-18,-0.007307848550560607,-7307.848550560607,-2178.0695348293384,-2939.401224404238,-1284.60115223722,-755.7750587360142,-150.00158035379698,333749.60956810234
2022-02-21,0.0008883249704598392,888.3249704598393,1799.1237565093718,401.3697314418777,-756.473969290101,-808.0290521493514,252.3345039480423,334637.9345385622
2022-02-22,-0.009661611897552205,-9661.611897552206,-4263.400263601421,-2695.7726101851026,-1418.0827459293605,-938.129627105851,-346.2266507304699,324976.32264101
2022-02-23,0.0033629717216380655,3362.9717216380654,72.10496855451834,3536.0198112168787,846.5291189104604,-914.5103174114506,-177.17185963234138,328339.29436264804
2022-02-24,-0.015854046544750217,-15854.046544750217,-8160.234600559098,-6580.073018899029,272.65213721262313,210.8854036881302,-1597.2764661928445,312485.2478178978
2022-02-25,-0.00028374697262158053,-283.74697262158054,-1190.416846340036,-1997.7900004013761,2360.070749597503,126.5448875254931,417.8442369968353,312201.5008452762
2022-02-28,0.005073697270611651,5073.697270611651,2719.4374008967193,2532.826476230065,204.45776141137068,336.91787088258945,-719.9422388090921,317275.1981158879
2022-03-01,-0.0036182896606861974,-3618.2896606861973,-1871.3102554331774,-488.6892915548718,417.5001702611848,-1246.0146375396023,-429.77564641973106,313656.90845520166
2022-03-02,0.013617932748525944,13617.932748525944,6457.243168273062,6447.598904178308,-799.2999003002674,684.5112586246775,827.8793177501626,327274.8412037276
2022-03-03,-0.014060342311087675,-14060.342311087674,-7856.260664672221,-7504.56968464818,3105.9033686764596,-16.895959244411635,-1788.5193711993222,313214.49889263994
2022-03-04,0.002689825742969874,2689.8257429698738,-1959.3204243544983,896.452313204529,2643.3869204973,1828.8561477492897,-719.5492141267463,315904.3246356098
2022-03-07,-0.0002878269765237805,-287.8269765237805,541.6228527377992,-1878.4893524682177,1667.343424120396,-480.6054989210948,-137.69840199266335,315616.497659086
2022-03-08,-0.012595282331493858,-12595.282331493858,-5308.670616057945,-5091.071160076319,-222.047565764779,-836.503144666218,-1136.9898449285988,303021.21532759216
2022-03-09,-0.005163309555199041,-5163.309555199041,-3002.7289386853236,-1372.329512895972,-728.1893166100012,-318.02997640550046,257.96818939775625,297857.9057723931
2022-03-10,-0.005778068576680732,-5778.068576680732,-2855.4247309562634,-3387.2718707935906,149.2717364340263,722.2884254580189,-406.9321368229235,292079.8371957124
2022-03-11,-0.0056172397720034815,-5617.239772003481,-2931.1000373519137,-1796.7695280763362,-778.177867229907,51.73550033961926,-162.92783968494322,286462.5974237089
2022-03-14,-0.0036533798558032737,-3653.3798558032736,-1292.7955787833132,-2141.4433716416816,-1011.2509045394078,199.7630073109808,592.3469918501476,282809.2175679056
2022-03-15,-0.007427568626767625,-7427.568626767625,-2676.692537520938,-1423.3553694292893,-2139.766743231118,-1055.6681226661342,-132.08585392014405,275381.648941138
2022-03-16,-0.009017857997496043,-9017.857997496043,-3820.6703513237017,-4213.799747776482,-371.57770517182723,21.308153371244572,-633.1183465952762,266363.790943642
2022-03-17,-0.021973270089991326,-21973.270089991325,-9400.571179964883,-10116.099203289465,397.3798944817635,106.82810801951845,-2960.8077092382578,244390.52085365064
2022-03-18,-0.002781258408491387,-2781.258408491387,-2098.8667398368484,-2330.9928541608424,1978.4609524267062,46.57020360615015,-376.4299705265524,241609.26244515926
2022-03-21,-0.0005244814708372863,-524.4814708372863,593.2799883673456,-2467.6804225373926,608.1432227011173,501.51253913554433,240.26320149609896,241084.78097432197
2022-03-22,0.029037007238342315,29037.007238342314,16490.19836703257,9783.677984587019,-580.5672236532191,726.3445204839348,2617.3535898920104,270121.7882126643
2022-03-23,-0.0022825497114481986,-2282.5497114481987,-191.1514302652171,-728.480456287693,-731.9107606084496,125.23106465468665,-756.2381289415257,267839.2385012161
2022-03-24,0.00392281250220363,3922.8125022036297,3152.4325035914153,1845.9651209887854,-1929.5887566009055,-525.349501532333,1379.3531357566674,271762.05100341974
2022-03-25,-0.0035749926405296275,-3574.9926405296274,-2248.407365468137,-1232.0830419941685,-528.7517341856899,310.40373995745426,123.84576116091338,268187.0583628901
2022-03-28,0.015441786855750088,15441.786855750088,7764.157099844927,5711.696876340836,-353.9214524056808,430.9056088162765,1888.94872315373,283628.84521864017
2022-03-29,-0.0046437328734406265,-4643.7328734406265,-3019.0960279566675,-1292.7058796614633,301.0811342436964,-212.60062399749407,-420.41147606869816,278985.11234519957
2022-03-30,0.0037700170804900236,3770.0170804900235,1059.409664992045,652.7810410870867,94.14543213375376,1269.8862621962182,693.7946800809198,282755.1294256896
2022-03-31,0.00595493602078998,5954.93602078998,3650.4492884869655,2173.807725840449,-1709.4005431683622,603.8618327963763,1236.2177168345518,288710.06544647954
2022-04-01,0.008537101038512416,8537.101038512415,6185.216838154124,3913.510740953384,-1286.7718308288822,-1109.4002741574252,834.5455643912136,297247.16648499196
2022-04-04,0.007776486152888408,7776.486152888408,4185.596144433678,2569.058682039697,112.46902650483571,143.5033440005804,765.8589559096156,305023.65263788035
2022-04-05,-0.01360290647338316,-13602.90647338316,-4820.303837225802,-3578.6832584012423,-2988.555785667902,-1011.5117643452684,-1203.8518277429448,291420.7461644972
2022-04-06,0.011540501233891352,11540.501233891353,5065.176969496627,4949.683091754849,-84.66624955222503,1326.801731455348,283.5056907367521,302961.2473983886
2022-04-07,0.014552550422385258,14552.550422385259,7338.925431245344,6905.209955268396,-1281.9726069737192,902.2867655359555,688.1008773092809,317513.79782077385
2022-04-08,-0.00798407298494762,-7984.07298494762,-3462.9594784162286,-3489.7467995168927,-212.69274370942566,-967.8811979572909,149.20723465221752,309529.7248358262
2022-04-11,-0.003463661539303901,-3463.661539303901,-1087.1884815532928,-349.9750787994983,-503.8120750823743,-1557.0043731431056,34.3184692743705,306066.0632965223
2022-04-12,-0.01442748279434996,-14427.482794349959,-8031.470896763062,-6251.607320311237,-506.2461846777073,966.1697198290303,-604.3281124269816,291638.58050217235
2022-04-13,0.00201037162560524,2010.3716256052398,444.1659233402177,2073.9716729831293,-966.2364013668482,125.70920926587375,332.7612213828675,293648.95212777756
2022-04-14,0.004137345389019113,4137.345389019113,1108.884341601414,2595.4500966096675,899.6590882953698,348.13337934890535,-814.7815168362436,297786.2975167967
2022-04-15,-0.006898485919606378,-6898.485919606378,-4032.1944401737474,-3259.6706643466027,706.1114307777158,-909.0508158466766,596.3185699829321,290887.8115971903
2022-04-18,0.011792198228593722,11792.198228593723,6368.855032065005,5708.723141772711,-792.5612662435955,-32.82719818053709,540.0085191801404,302680.009825784
2022-04-19,-0.000528739517420083,-528.739517420083,325.4181777792226,603.0501034540846,-1562.6635341454614,-71.56178844889087,177.0175239409622,302151.27030836395
2022-04-20,-0.014523597204056772,-14523.597204056772,-8012.791743085041,-7323.342721264519,582.7612631391044,1182.2337701928493,-952.4577730391665,287627.67310430715
2022-04-21,-0.010929321172764583,-10929.321172764583,-5609.022590219543,-3633.547745394267,-1024.9673050314132,263.1015904499671,-924.8851225693273,276698.35193154257
2022-04-22,-0.0019061380150676077,-1906.1380150676077,-393.2719927045175,1517.1056341955843,-1381.6380792085067,-1464.8847773068185,-183.44880004334928,274792.21391647495
2022-04-25,0.0018674033296218547,1867.4033296218547,4361.19117428113,1259.4712288158948,-4362.835985748805,-860.2094138973871,1469.7863261710215,276659.6172460968
2022-04-26,0.007765198071567444,7765.198071567444,5041.0993489030825,3229.517790977295,-1324.3667564958319,905.8829630036084,-86.93527482071072,284424.81531766424
2022-04-27,-0.0024452260382774754,-2445.2260382774753,-1631.787255768639,-989.8297316040007,826.8706590601522,-318.1600095691324,-332.3197003958555,281979.58927938674
2022-04-28,-0.019939516865502493,-19939.516865502494,-10450.974884334555,-8915.342809150266,2052.0124216353215,-820.544220431434,-1804.667373221561,262040.07241388425
2022-04-29,0.002280008156730257,2280.008156730257,1876.864503371332,969.0498304008727,-111.02097724588874,-615.1964485019599,160.3112487059007,264320.0805706145
2022-05-02,0.004629133960464153,4629.1339604641535,2562.907912274735,2180.2181144377273,-1095.207738097712,68.88506544755018,912.3306064018532,268949.21453107864
2022-05-03,-0.01336829546108714,-13368.29546108714,-8609.753370025408,-5010.892498407614,1013.8262798367635,-34.40049148458284,-727.0753810063001,255580.9190699915
2022-05-04,-0.011475390109529667,-11475.390109529666,-5761.029528367957,-5389.939641873511,418.94122743927744,-748.6890219673261,5.326855239850708,244105.52896046184
2022-05-05,-0.008157486625986319,-8157.486625986318,-3598.44279407253,-3520.8575793962855,726.6198457864978,-898.2130330428867,-866.5930652611141,235948.04233447553
2022-05-06,0.0005849952872363281,584.9952872363281,1333.3036972507355,565.6101392899357,-356.626500459567,-369.6721083187518,-587.6199405260244,236533.03762171185
2022-05-09,0.005531596018469221,5531.59601846922,1350.6914876248018,3442.7968531440492,33.437324373928334,95.6585934581323,609.0117598683081,242064.63364018107
2022-05-10,-0.006065190514052771,-6065.190514052771,-5331.188085496136,-1751.8805713455445,1258.2183260354714,1048.1514408993557,-1288.4916241459168,235999.4431261283
2022-05-11,0.015692240221708655,15692.240221708655,7635.8600747428645,6917.451232388324,-363.0708295042043,441.78465580112896,1060.2150882805406,251691.68334783695
2022-05-12,0.0057312183493229574,5731.218349322958,5042.232965590265,4058.2455747209274,-3186.965066280335,-1228.8245287880131,1046.5294040801143,257422.90169715992
2022-05-13,0.0024868277842653307,2486.8277842653306,1301.995729295331,920.5734888459465,1314.6256608707492,-1122.8073650704212,72.44027032372477,259909.72948142525
2022-05-16,-0.012975154104889359,-12975.154104889358,-7635.51274662605,-4811.784919603988,1120.0594063790518,69.33454646735416,-1717.2503915057275,246934.57537653588
2022-05-17,0.01219832484316495,12198.32484316495,5373.752712962554,5548.8256524111475,46.57834327263614,108.44726095569028,1120.7208735629204,259132.90021970082
2022-05-18,-0.001508161588251536,-1508.1615882515362,-2968.948785546865,-1102.6161746745154,2601.7459930806567,1099.2150887745738,-1137.5577098853862,257624.7386314493
2022-05-19,0.0009845868060283708,984.5868060283708,1517.9527325470322,-610.0569289266313,327.4906018864865,597.7005760361271,-848.500175514644,258609.32543747767
2022-05-20,-0.010337696289041881,-10337.696289041882,-4879.492144431927,-4129.32963847762,323.1676889410785,-1077.5628483458663,-574.4793467275458,248271.62914843578
2022-05-23,0.0023131945708096025,2313.1945708096023,1056.1891575501509,543.2632829608152,-1122.47466079754,632.1630622042351,1204.0537288919413,250584.82371924538
2022-05-24,-0.004241234733266759,-4241.234733266759,-2030.9582321554558,-2396.7860652733316,841.5165135039758,-152.97811198054671,-502.02883736140086,246343.58898597863
2022-05-25,0.004463551373813874,4463.551373813873,3106.54323724362,-237.40781638160894,942.5186283669373,577.1370091314907,74.76031545343474,250807.1403597925
2022-05-26,-0.0018795076599972746,-1879.5076599972747,-374.7834477300854,-338.8701659169787,-2102.5256031925373,678.1123181555721,258.55923868675455,248927.63269979524
2022-05-27,0.003581892542023712,3581.892542023712,1860.6089478789756,2731.721245591078,-1434.1816634685074,80.74236202886298,343.0016499933027,252509.52524181895
2022-05-30,0.003009873759396424,3009.873759396424,3556.4372559092735,-191.34628196503033,-915.1312678118817,-264.0977126895165,824.0117659535789,255519.39900121538
2022-05-31,0.0010309288304144603,1030.9288304144602,1974.1855869464491,542.8817555127913,-1268.2486994743165,-173.95938133257638,-43.930431237887205,256550.32783162984
2022-06-01,0.00113009219341952,1130.09219341952,3536.3315208989325,2204.74071909953,-4192.534453722725,-912.060066613677,493.6144737574589,257680.42002504936
2022-06-02,-0.012826516760445179,-12826.516760445178,-6851.358424935971,-6950.103886137047,1013.5533978009911,944.829428156983,-983.4372753301343,244853.9032646042
2022-06-03,-0.00571315510662757,-5713.15510662757,-2547.3142305061065,-1327.5706261877062,-133.78987298196594,-723.7394937054804,-980.7408832463109,239140.74815797663
2022-06-06,-0.013940092280077828,-13940.092280077828,-7357.68098835722,-6175.752664764337,1252.9645854188918,-176.5478556038857,-1483.0753567712784,225200.6558778988
2022-06-07,-0.008009606152275464,-8009.6061522754635,-3972.13345492648,-2210.9623431768487,-969.248557105546,120.97539032781445,-978.2371873944015,217191.04972562334
2022-06-08,-0.007463639079183945,-7463.639079183945,-3160.2279968827465,-4434.851620673219,-328.0206163048553,623.9566653500881,-164.4955106732109,209727.41064643938
2022-06-09,0.006027147415582517,6027.147415582517,4109.372870517747,3866.7495746303603,-1926.3155449367914,-465.5689681889761,442.90948356017714,215754.5580620219
2022-06-10,0.011239065838594537,11239.065838594537,5588.4145969639685,2642.7991433333664,128.43510660348218,1097.8842759091158,1781.532715784604,226993.62390061645
2022-06-13,-0.0003377325450730571,-337.7325450730571,-1720.6836890438888,-342.088367135671,3183.7371542490564,29.52345785524012,-1488.2211009977939,226655.8913555434
2022-06-14,-0.01580486464855951,-15804.864648559509,-7896.042142412607,-5075.995058800748,-1072.286147739311,-979.9268206739113,-780.6144789329335,210851.0267069839
2022-06-15,0.002775840065392776,2775.840065392776,777.7372546856391,1179.8540139181139,211.61254017513693,1007.193543578916,-400.5572869650291,213626.86677237667
2022-06-16,-0.004207627610445067,-4207.627610445067,-2843.3795815258313,-3239.792321915508,1365.6943051413773,868.3785202814777,-358.52853242658273,209419.2391619316
2022-06-17,0.011074079431179521,11074.079431179522,4970.673400937696,2194.9141555035762,1185.8928633495805,1751.0156453759937,971.5833660126749,220493.31859311112
2022-06-20,0.010267754743316825,10267.754743316826,7483.555416838452,3464.97881551938,-1976.3214296408737,-410.43009014451184,1705.972030744377,230761.07333642794
2022-06-21,-0.004366161034416864,-4366.161034416864,-4410.591106329011,-2342.3862863532067,2458.984110031588,720.1620986492798,-792.3298504155132,226394.91230201107
2022-06-22,-0.006469851003447791,-6469.851003447791,-4149.068031783147,-4342.589700606871,2074.4410603883825,858.2845056048557,-910.9188370510116,219925.0612985633
2022-06-23,-0.00674293645488413,-6742.93645488413,-1755.22009221674,-4124.498276746172,-1315.2494507620434,1249.3174236036464,-797.2860587628205,213182.12484367916
2022-06-24,0.0018560622773048834,1856.0622773048833,795.8152491285387,1992.050284443287,-1558.5481149546313,-222.81465255759568,849.5595112452844,215038.18712098405
2022-06-27,0.002702349435017212,2702.3494350172123,52.4971520104514,3974.877179834604,-1735.7785554332456,196.04282694574752,214.71083165965516,217740.53655600126
2022-06-28,0.004684972494983508,4684.972494983508,3242.064650314035,3090.930209816425,-1344.9970755132765,33.302296758312444,-336.3275863919868,222425.50905098478
2022-06-29,0.006864745778537742,6864.745778537742,2533.639502399854,2351.445170173833,450.86847885340273,994.7887216741251,534.0039054365276,229290.2548295225
2022-06-30,0.0005874436651581512,587.4436651581512,621.97556315276,-731.7260661215585,-1086.540809333647,779.440635584014,1004.2943418765828,229877.69849468066
2022-07-01,-0.0016945891993966045,-1694.5891993966045,-1000.0638325106269,-703.6129807042386,-970.0390416094939,625.7343824798824,353.39227294787236,228183.10929528406
2022-07-04,0.013488692818544208,13488.692818544208,8153.113233147746,5045.911859108416,-1800.0080435563793,319.01985877729015,1770.6559110671349,241671.80211382825
2022-07-05,-0.0016571883848840942,-1657.1883848840941,-905.8040777000557,-1891.9029655758643,1126.6050416038272,797.3138060152628,-783.4001892272641,240014.61372894415
2022-07-06,0.012505183902274999,12505.183902275,5692.859764643082,5969.704071269007,-544.6950885639072,151.17085087827454,1236.1443040485449,252519.79763121915
2022-07-07,-0.009542995893226094,-9542.995893226094,-3619.152895076284,-2733.489278128257,-2131.747958705539,29.23241940273845,-1087.8381807187518,242976.80173799305
2022-07-08,0.010016445056782354,10016.445056782353,6314.363279401796,4388.181408469211,-1250.6317326996982,-359.7161865511549,924.2482881621987,252993.24679477542
2022-07-11,0.008502150070435198,8502.150070435198,5957.831649621753,1155.108331110348,393.1334084989197,866.8703009883521,129.20638021582351,261495.3968652106
2022-07-12,-0.00728087746178711,-7280.87746178711,-4516.312050806799,-1162.973691607495,-295.468241701751,-1311.6306695139212,5.5071918428558675,254214.5194034235
2022-07-13,0.0013214491650706196,1321.4491650706198,1421.9220804008398,-196.4256227225043,-57.65075704027268,-624.275486474399,777.8789509069559,255535.96856849414
2022-07-14,0.010645298715808608,10645.298715808607,4457.75805246716,4147.3749940738835,-154.02498001027595,1481.8422482763715,712.3484010014703,266181.26728430274
2022-07-15,-0.006506121012930166,-6506.121012930165,-4963.871326767365,-3189.084909941421,3394.895103216903,-375.7147581477283,-1372.3451212905543,259675.14627137256
2022-07-18,0.0038784725231661345,3878.4725231661346,1749.0733600261008,1267.0141928402102,-1491.2145375870184,636.946799931484,1716.6527079553578,263553.6187945387
2022-07-19,-0.0010868270833082046,-1086.8270833082047,823.7521279004109,-608.5800633339816,-2160.7783607382203,-122.87939330845644,981.6586061720432,262466.79171123053
2022-07-20,0.002431625576205632,2431.625576205632,1995.7045352806028,1526.7427608576804,-1032.8940911498019,-922.6813197400164,864.7536909571671,264898.41728743614
2022-07-21,0.008029365073632303,8029.365073632303,3837.840809819459,822.0450365980929,1214.868122809347,1016.1388062930462,1138.4722981123582,272927.7823610684
2022-07-22,-0.01099248616846182,-10992.48616846182,-5636.936543637483,-6195.171815238015,494.28936608919633,295.55335931752506,49.7794650069564,261935.2961926066
2022-07-25,0.004057079545035008,4057.0795450350083,2965.5314380235523,1940.6847354274273,-1751.442913308324,746.4806091542798,155.8256757380732,265992.3757376416
2022-07-26,0.014516846428421494,14516.846428421495,6839.5679300437505,4853.574268325842,918.7289508111738,1085.3523053278186,819.6229739129116,280509.2221660631
2022-07-27,-0.004120305833721093,-4120.305833721093,-2181.4647616697316,-2140.0845126043246,818.7810346207725,137.41719620529247,-754.9547902731027,276388.916332342
2022-07-28,-0.00416542335491442,-4165.423354914419,-695.6519233340553,-425.54790936613705,-2534.949417128572,-214.860424077912,-294.41368100774287,272223.4929774276
2022-07-29,-0.014988422836393801,-14988.422836393802,-4843.996093464129,-6028.284633965382,-1710.5234287923518,-1476.410001766896,-929.2086784050398,257235.0701410338
2022-08-01,0.014679638305548708,14679.638305548708,8203.688377611586,5568.1377744912215,-1073.2441718187126,565.5770756541466,1415.479249610465,271914.7084465825
2022-08-02,0.0001049166457086732,104.9166457086732,-325.2625350491733,-1888.969439125168,1709.0442320848997,1789.4618727163484,-1179.357484918234,272019.62509229116
2022-08-03,-0.009466956357708873,-9466.956357708874,-4300.920081722793,-3681.191898257333,-589.0461755782922,55.00877510443807,-950.8069772548914,262552.66873458226
2022-08-04,0.0198031829623081,19803.1829623081,9093.235484787729,8604.573017609819,-954.8770488610674,958.3214803344982,2101.93002843712,282355.8516968904
2022-08-05,-0.004614692380668419,-4614.692380668419,-2368.5794498446216,-2935.5277418449864,353.38967765782877,662.819234983281,-326.7941016199213,277741.15931622195
2022-08-08,-0.012212264608556376,-12212.264608556376,-6623.385225202188,-6179.174407454402,803.9552411117475,-177.04363677646563,-36.616580235068334,265528.89470766555
2022-08-09,-0.00628594351577048,-6285.943515770479,-5821.149358075791,-3769.357203839215,2787.521385126243,1916.3153533641016,-1399.273692345818,259242.95119189506
2022-08-10,0.004968243385550474,4968.243385550474,2064.0037014248387,2363.95124220848,2.8421827590108104,-12.95669046355657,550.4029496217022,264211.1945774455
2022-08-11,-0.017132157898529874,-17132.157898529873,-10635.433557922679,-7218.227951334076,1835.1615460109158,-420.48100891275624,-693.1769263712802,247079.03667891564
2022-08-12,-0.003972724706870438,-3972.724706870438,-2834.7228789203195,-2726.1926209406856,2854.3962605203046,-160.92628707896253,-1105.2791804507744,243106.3119720452
2022-08-15,-0.0009041217037245804,-904.1217037245804,-617.5067784095698,679.8256111657195,453.3106803065108,-983.75151653178,-435.99970025546077,242202.1902683206
2022-08-16,-0.004789477579568397,-4789.477579568397,-2550.8886194912875,-2061.6064835357947,903.1431366362687,367.90574465181044,-1448.0313578293935,237412.71268875222
2022-08-17,0.011218132360040895,11218.132360040896,4468.552147755595,3772.342266610532,1083.2028467848672,769.6315219177447,1124.403576972156,248630.84504879313
2022-08-18,0.007322509814071667,7322.509814071667,1959.490308090533,3348.912964391338,519.4311920477635,19.737696912179718,1474.9376526298531,255953.3548628648
2022-08-19,0.005040180684710475,5040.180684710475,3733.955913575546,3649.712935309707,-2078.5495828819458,-1239.486165205179,974.5475839123466,260993.53554757527
2022-08-22,0.0019980655442987825,1998.0655442987825,611.1890306266113,-373.82242051402153,9.16262404597503,1279.792902044654,471.7434080955638,262991.60109187406
2022-08-23,-0.010412232273698897,-10412.232273698897,-4792.2357409615015,-3827.0056492610133,-296.3491088974899,-596.942710918495,-899.6990636603978,252579.36881817516
2022-08-24,-0.0076059898829112325,-7605.989882911233,-2006.111446936822,-3259.705858878677,-10.36845647894989,-420.898644828972,-1908.9054757878118,244973.37893526393
2022-08-25,0.016022001606477734,16022.001606477734,8622.482502906983,8104.050775039458,-1629.378133878428,48.5609976130454,876.285464796674,260995.38054174167
2022-08-26,0.016678010923934807,16678.010923934806,7122.036086805634,8062.765616840311,-642.8941741740634,852.6967198746456,1283.4066745882787,277673.3914656765
2022-08-29,-0.011023459827923278,-11023.459827923278,-5614.246843278909,-4869.159899324835,956.2809787493147,-410.5232239476239,-1085.8108401212235,266649.9316377532
2022-08-30,-0.0019363411450938845,-1936.3411450938845,-383.87814153828066,-405.24876370191737,112.7853504450017,-786.4189467150858,-473.5806435836024,264713.5904926593
2022-08-31,-0.009526300051945125,-9526.300051945125,-5395.253915939871,-2795.077806351366,-1692.065162580692,149.59096607628015,206.5058668505228,255187.2904407142
2022-09-01,-0.007109265127577251,-7109.2651275772505,-1269.15846532701,-4543.781743671248,-575.3756767626473,-6.934145158704378,-714.0150966576425,248078.02531313695
2022-09-02,-0.0023906598739519974,-2390.6598739519973,-2163.91725399462,439.98734061769085,1337.822338853201,-670.1856347006132,-1334.3666647276568,245687.36543918497
2022-09-05,-0.002258194313501986,-2258.194313501986,-1373.4727339610383,-1345.7974699694641,797.5296606710053,-294.4648191301836,-41.98895111230517,243429.17112568297
2022-09-06,0.015459107065534874,15459.107065534874,8127.646968252962,7349.830387229531,-1179.9391070582774,-14.41550647738738,1175.9843235880448,258888.27819121786
2022-09-07,0.00788632848787627,7886.328487876271,4958.691832299007,2941.168941330002,-763.7215936537079,202.1139793003889,548.0753286005798,266774.60667909414
2022-09-08,-0.00993765475430303,-9937.65475430303,-5764.355301113223,-3976.3103332633036,827.9709258591728,208.16279091338373,-1233.1228366990601,256836.95192479112
2022-09-09,0.00919070265352545,9190.70265352545,5127.4494550148,2728.3614872390185,1254.7324680640534,-707.2054892529732,787.3647324605507,266027.65457831655
2022-09-12,0.002812562709634267,2812.562709634267,1996.8088666118185,439.6098262126111,131.93990010498646,1162.3833624790261,-918.1792457741748,268840.2172879508
2022-09-13,-0.00012674890199428884,-126.74890199428884,2111.5281914614216,-1801.216848091887,-1821.1491166739606,1181.4870954777089,202.6017758324284,268713.4683859565
2022-09-14,-0.008395491781850527,-8395.491781850527,-4930.295850517685,-4051.407490037246,3288.6551630405042,-952.3679689008385,-1750.0756354352618,260317.97660410596
2022-09-15,0.014077700740063858,14077.700740063858,6289.213069354431,7369.966807796767,-846.459063048469,-927.4324718702682,2192.4123978313937,274395.6773441698
2022-09-16,0.011865165761410704,11865.165761410704,6696.658045346626,6065.425763586005,-1932.9319111562406,-131.1338395856954,1167.1477032200105,286260.84310558054
2022-09-19,0.005689416291963652,5689.416291963652,1389.5754793854264,3055.700558963315,1062.075525420639,-644.5200009042262,826.5847290984977,291950.2593975442
2022-09-20,0.0044537069608689235,4453.7069608689235,1315.1549880552523,1950.743437803563,1711.0295099848722,-476.12792901553786,-47.093045959225606,296403.9663584131
2022-09-21,-0.00489719248325771,-4897.19248325771,-2232.1091157087035,-3861.938780489495,575.8142635088317,2018.5270961258907,-1397.4859466942337,291506.77387515537
2022-09-22,5.25439157069282e-05,52.5439157069282,-135.57856640777536,774.6983080163232,251.28269462634708,-96.63783302146194,-741.2206875065049,291559.3177908623
2022-09-23,-0.0008164984524830676,-816.4984524830677,977.7043203486872,-288.4906234013302,-2963.5456267968675,412.3685936126014,1045.4648837538414,290742.8193383792
2022-09-26,0.00281466000340242,2814.66000340242,216.97610277453515,480.5733609515059,1332.078188173961,430.54572802891926,354.4866234734989,293557.47934178164
2022-09-27,-0.00048093626950985823,-480.9362695098582,-1249.4252436701704,841.7741109739193,745.9215308640763,116.69915486198641,-935.9058225396699,293076.5430722718
2022-09-28,-0.0010677322424353468,-1067.7322424353467,1205.2145880671765,-217.2065697904804,-1076.0585740319002,-693.9579201291541,-285.7237665509887,292008.81082983647
2022-09-29,0.019704850265154384,19704.850265154382,8924.039892671239,8667.980688558631,1212.6548663914984,-311.04669731639973,1211.2215148494186,311713.66109499085
2022-09-30,-0.011308115569727623,-11308.115569727623,-5432.732025857202,-5119.389134005754,-412.03495637293923,617.1734704461093,-961.1329239378359,300405.54552526324
2022-10-03,0.011600940322905103,11600.940322905102,4487.193201514869,4268.862691065682,2266.773064357684,-463.0008034734531,1041.1121694403205,312006.4858481683
2022-10-04,0.0087797306915544,8779.7306915544,4815.051655683055,2356.3419741202624,412.7245382215629,677.1827543094973,518.4297692200226,320786.2165397227
2022-10-05,-0.004125294069688324,-4125.294069688324,-3460.5290452823983,-3639.484954197241,2982.376672430065,483.98484496851637,-491.64158760726536,316660.9224700344
2022-10-06,-0.006930970914553728,-6930.970914553728,-3321.777403003723,-3616.4314128530427,1749.8930516075523,-766.8467791558149,-975.808371148699,309729.95155548066
2022-10-07,0.0008548929685066502,854.8929685066502,142.91512650337458,262.3396493197858,-230.76119378910784,248.1216740108057,432.27771246179196,310584.8445239873
2022-10-10,0.005173340490225607,5173.340490225607,3085.477690929186,1013.291758451121,-936.1331155326795,956.4364997333456,1054.2676566446344,315758.1850142129
2022-10-11,-0.01149477011271178,-11494.77011271178,-5766.009696220468,-3938.4774437730107,-1553.9684666020387,-618.2439040516699,381.929397935408,304263.41490150115
2022-10-12,-0.00888994877890719,-8889.94877890719,-3981.1494125297427,-4196.667365181717,1446.5433157275695,-1003.8734459950514,-1154.8018709282483,295373.46612259396
2022-10-13,0.004094913165622621,4094.913165622621,2505.052777843361,1050.4815233849172,-746.4181428607451,595.4231966531928,690.3738106018947,299468.3792882166
2022-10-14,0.0021840902458817083,2184.090245881708,1120.6372644406879,393.9763710833153,251.19362796215182,47.31763042862525,370.9653519669279,301652.4695340983
2022-10-17,-0.005819198835984488,-5819.198835984487,-2087.1145054955086,-1850.5535857320433,-940.9374538981809,-312.7884579166255,-627.80483294213,295833.2706981138
2022-10-18,-0.007432554874010006,-7432.554874010006,-4678.995090680372,-3232.420385545773,997.9824452323028,518.21687076863,-1037.3387137847942,288400.7158241038
2022-10-19,0.003931824248299082,3931.8242482990822,1713.821956714374,2069.467048849513,363.2671297338302,-502.1832342936151,287.4513472949796,292332.54007240286
2022-10-20,0.0013028414870362014,1302.8414870362014,1529.3892434295778,1182.3785586895606,-2824.7964116632575,-372.2695747815374,1788.1396713618578,293635.38155943906
2022-10-21,-0.0023975815417619866,-2397.5815417619865,-1512.1649287793275,-2158.0401799625783,602.9645452915652,339.35958634185766,330.2994353464961,291237.8000176771
2022-10-24,-0.007631339230461678,-7631.339230461678,-5283.046254817328,-3047.090743042915,1615.9638380196882,-123.61771168341949,-793.5483589377027,283606.4607872154
2022-10-25,0.008129475824657097,8129.475824657096,4323.7214227131,4511.420533223662,-1964.9015965045917,371.31819302418535,887.9172722007428,291735.93661187246
2022-10-26,0.0013220864731140283,1322.0864731140282,306.07121166516464,335.0599516602558,-223.97198796049034,858.7364638938024,46.190833855295864,293058.0230849865
2022-10-27,-0.007558157553085732,-7558.157553085732,-4702.093739209308,-4144.749046972807,879.8729471808506,884.4874155766656,-475.6751296611328,285499.8655319008
2022-10-28,-0.0016381594538603115,-1638.1594538603115,-3572.2481707375837,670.2468399074685,1167.1401410532853,788.0779885578422,-691.3762526413235,283861.7060780405
2022-10-31,0.008157614637747237,8157.614637747238,2240.108827762887,2868.927683027672,1281.7725878450972,1100.3632075399616,666.4423315716202,292019.3207157877
2022-11-01,-0.0021758445735802798,-2175.8445735802798,-1323.3642710152562,-1798.8514709840517,542.9362819076706,789.4845179400675,-386.0496314287102,289843.47614220745
2022-11-02,0.008231052313574353,8231.052313574353,4473.722256000424,5422.428827827873,-1634.8350117166467,-847.4373459747072,817.1735874374091,298074.5284557818
2022-11-03,0.0037313913008434627,3731.391300843463,1291.973206394625,270.95674057932814,1425.075236105868,721.9727370914549,21.413380672186893,301805.91975662526
2022-11-04,-0.013492610329275932,-13492.61032927593,-6030.820000247815,-6428.551980466047,1094.4793972015143,-1585.4702997432864,-542.2474460202976,288313.3094273493
2022-11-07,0.006345310805652276,6345.310805652276,-664.2461463637453,3939.341480913269,3365.3249346568477,230.57814200528196,-525.6876055593783,294658.6202330016
2022-11-08,0.0061145325540157055,6114.5325540157055,4181.442358808525,5542.03862446929,-2458.602761202152,-1764.4892233081234,614.1435552481659,300773.1527870173
2022-11-09,0.00439920182912632,4399.20182912632,2447.49784933023,2557.98360532844,1024.367735077476,-604.8218025801344,-1025.8255580296918,305172.3546161436
2022-11-10,0.0031637252029674606,3163.7252029674605,3603.6596202690102,1626.757074514733,-3152.794943669615,-267.4153157407545,1353.5187675940879,308336.0798191111
2022-11-11,-0.002806727170169564,-2806.727170169564,-512.6399549093645,-1021.0611238246626,-177.01014533597052,-301.65577982142406,-794.3601662781422,305529.3526489415
2022-11-14,-0.004652959346349074,-4652.959346349075,-3001.6588433598135,-1586.224702857007,913.8334871468697,106.43557202584958,-1085.3448593049743,300876.39330259245
2022-11-15,-0.003970799105654689,-3970.7991056546884,-762.313280969802,-3570.7513424316394,72.01730459969303,1234.969647722257,-944.7214345751969,296905.59419693775
2022-11-16,-0.003015631923541739,-3015.631923541739,-2460.8962279345724,-1435.2466479938817,1968.0512769192203,-96.4464357170624,-991.0938888154433,293889.962273396
2022-11-17,-0.0118647419637978,-11864.7419637978,-8269.47719814755,-6198.044961998172,3793.9942986948276,528.6839338427285,-1719.8980361896354,282025.22030959825
2022-11-18,0.002092535751899563,2092.535751899563,1352.7457052213388,1021.8899807262471,-1215.914520623337,443.95712456626353,489.8574620090505,284117.75606149784
2022-11-21,0.000682424520808698,682.4245208086979,73.97565812136072,-1281.2088131688836,1492.4314109925706,890.3732701174818,-493.1470052538313,284800.1805823065
2022-11-22,0.004307491557853776,4307.491557853777,4207.664385464136,2543.351016493587,-1664.6493920937405,-640.6195349479468,-138.25491706226072,289107.6721401603
2022-11-23,-0.0023240938381296,-2324.0938381296,1980.4779977564642,-993.4410693956312,-2048.056794654119,-1709.0076803353327,445.93370849901834,286783.5783020307
2022-11-24,-0.003646732821556322,-3646.732821556322,-631.3459331418627,-932.165735070847,-1242.2838997824354,-1137.2299415075775,296.29268794640046,283136.84548047435
2022-11-25,-0.004064168635028013,-4064.168635028013,-2312.3181131756483,-1338.8240004590725,-716.2679258113147,-160.3011959089989,463.5426003270214,279072.67684544635
2022-11-28,0.004019346794290325,4019.3467942903253,2461.89636164969,1321.739963462906,-99.33415873188794,-33.740075210812705,368.7847031204304,283092.0236397367
2022-11-29,-0.0037298357909857248,-3729.8357909857245,-1367.5664190237153,-1273.888532587061,449.0892407086925,-712.8763089264089,-824.593771157232,279362.18784875097
2022-11-30,-0.01482068337653999,-14820.68337653999,-5831.878726091086,-6666.221710782821,-834.2746701762828,-221.9212899685156,-1266.3869795212843,264541.504472211
2022-12-01,0.002255626018663407,2255.6260186634067,2157.180749770604,1701.4559188657836,-2768.82336270754,41.23844945435207,1124.5742632802076,266797.1304908744
2022-12-02,-0.008689044068104876,-8689.044068104877,-4174.223234306383,-2623.855083345937,-388.5962602183086,-264.61444779117767,-1237.7550424430701,258108.08642276953
2022-12-05,-0.015263493943816518,-15263.493943816518,-7531.047100645222,-6298.918573579445,929.2032047824849,-478.0619395563704,-1884.6695348179653,242844.592478953
2022-12-06,-0.00292961678957777,-2929.61678957777,-1679.5760609507759,-918.2795288924301,228.78170162603368,70.50242582728337,-631.0453271878808,239914.97568937525
2022-12-07,0.009014038890715517,9014.038890715517,4921.21524180787,2159.5579521554732,-274.3487857325211,1195.5476680815561,1012.0668144031372,248929.01458009076
2022-12-08,-0.0025216080192220457,-2521.6080192220456,-850.6017536722861,-1376.8006014371763,1352.6580810155206,-792.6477556045807,-854.2159895235231,246407.40656086872
2022-12-09,-0.0016378352617234604,-1637.8352617234605,-1669.74261506523,417.5712982365679,873.3342390690227,-745.419294921184,-513.5788890426369,244769.57129914526
2022-12-12,-0.00455341143840177,-4553.41143840177,-2580.157205204436,-2951.7482033592814,1518.8753860536078,-796.9271617238637,256.54574583220403,240216.1598607435
2022-12-13,0.006346087258929563,6346.087258929563,3478.5646987754153,4163.25010724037,-965.3433365902739,-217.67173253355702,-112.71247796239182,246562.24711967306
2022-12-14,-0.002583441481582411,-2583.4414815824107,-2203.5821096805726,-1012.2595587199351,2003.2194904877942,-584.311386861898,-786.5079168077988,243978.80563809065
2022-12-15,-0.003021642473577313,-3021.642473577313,-635.4567249765937,-2401.807436109206,661.6261692151334,-321.76411503777075,-324.2403666688761,240957.16316451333
2022-12-16,-0.00493794462342571,-4937.94462342571,-1898.1873620298863,-2538.023858628966,180.09362727932276,-157.97726505461577,-523.849764991565,236019.2185410876
2022-12-19,-0.0022161298943328593,-2216.1298943328593,-3059.538811057439,-1907.3498757672517,2555.378461724039,433.04631888857193,-237.66598812077928,233803.08864675474
2022-12-20,-0.013314136000746078,-13314.136000746077,-5838.932085644543,-4260.110983674343,-470.4841591110906,-1528.8047918306852,-1215.8039804854175,220488.95264600866
2022-12-21,0.009457533664156626,9457.533664156626,5005.977204537006,5141.066112384161,-333.13621910846985,-1033.2513410355025,676.8779073794313,229946.4863101653
2022-12-22,-0.000635080708673204,-635.080708673204,1267.140037387289,1212.2595772137693,-2463.0330533436727,-1115.9056844845434,464.45841455395356,229311.4056014921
2022-12-23,0.0012652952505790094,1265.2952505790095,2252.4218199721977,-1285.6031114646978,-806.3266808385317,254.13881520626774,850.6644077037735,230576.7008520711
2022-12-26,0.0033574688420215156,3357.4688420215157,2910.0018537972346,3030.1228043671754,-1361.1320769113956,-1603.512386448703,381.9886472172045,233934.16969409262
2022-12-27,0.011083690919108682,11083.690919108682,4206.853665875952,5136.675917606854,422.36761608878163,511.402571176902,806.391148360191,245017.8606132013
2022-12-28,-0.0020263129374335693,-2026.3129374335692,-2335.6987363952785,-1969.107923371372,2411.4262748375136,-330.8626040142957,197.93005150986312,242991.54767576774
2022-12-29,-0.0023682482742129665,-2368.2482742129664,-1352.5182488666453,781.1834618865383,-1386.680899067677,-28.97994559375012,-381.2526425714319,240623.29940155477
2022-12-30,-0.010530512969200233,-10530.512969200232,-5944.122206081588,-4257.394096608533,2174.272843676663,-528.3891403998371,-1974.880369786938,230092.78643235454
2023-01-02,0.0006026147907348855,602.6147907348854,-385.7480102068115,-415.67642811664024,729.5316003373698,847.724933299822,-173.21730457885468,230695.40122308943
2023-01-03,0.012567110274123305,12567.110274123304,7793.113922135904,6282.306669397817,-1572.8006656870532,-1132.6264084757331,1197.1167567523707,243262.51149721275
2023-01-04,-0.0013627083535063178,-1362.7083535063177,-1412.825170726772,234.0978149008337,904.0372318799913,-860.0107350908241,-228.0074944695465,241899.80314370643
2023-01-05,0.009089263180282796,9089.263180282796,2820.430921262024,4258.35277219161,866.8655692637055,764.8337597219671,378.78015784348827,250989.06632398925
2023-01-06,0.002278251815843935,2278.251815843935,1630.9104227784883,2964.3283426522553,-1751.2898747466124,-639.2408913414864,73.54381650129045,253267.3181398332
2023-01-09,0.0018000340942336862,1800.0340942336861,1592.4430986497212,2908.3863386346848,-832.2822744755775,-1984.4467033456126,115.93363477047004,255067.35223406687
2023-01-10,0.007372042737215967,7372.042737215967,3836.5896744731076,3678.8600194020273,22.612363750353737,-47.57864566021309,-118.44067474930817,262439.39497128286
2023-01-11,0.005750645771911498,5750.645771911498,2164.236150822763,514.8514633193628,2291.7677259059988,1081.2197182618327,-301.4292863984598,268190.04074319435
2023-01-12,-0.004139420211137469,-4139.420211137469,-2567.818039032238,-2096.153389812002,75.86563421067675,724.6187504482969,-275.9331669522018,264050.6205320569
2023-01-13,-0.0025110262290259085,-2511.0262290259084,-3072.8533034158177,237.2902385868315,751.8849998279472,401.84375071747274,-829.1919147423426,261539.594303031
2023-01-16,0.0029132963107110403,2913.2963107110404,1525.0856365269983,1595.9863313596338,-2542.318418671404,1050.3202098212894,1284.2225516745227,264452.890613742
2023-01-17,-0.0038752938066623993,-3875.293806662399,-1668.2203278131478,-2790.9680348851407,548.8383263869526,183.14827224491762,-148.09204259598056,260577.5968070796
2023-01-18,0.003981356483743915,3981.356483743915,804.6250640151763,1311.2971977264824,1741.7123034956858,778.982025243219,-655.2601067366487,264558.9532908235
2023-01-19,0.016178855844540888,16178.855844540887,5722.763981392299,6637.906771004242,3263.03276735361,-17.597425545971124,572.7497503367074,280737.80913536437
2023-01-20,-0.014685815989000943,-14685.815989000943,-8744.814553393746,-5945.595240791716,696.7640139512745,1070.6098829230516,-1762.7800916898082,266051.9931463634
2023-01-23,-0.016673159369146824,-16673.159369146822,-7094.568759462498,-6085.608573692597,-1451.20368620208,-68.46647161681118,-1973.3118781728397,249378.83377721658
2023-01-24,-0.0017477644383854366,-1747.7644383854367,119.52184096926729,-2758.5306830862132,-668.8416683134093,1283.9105652403466,276.17550680457197,247631.06933883115
2023-01-25,-0.0069493645504357,-6949.3645504357,-3626.673140852722,-2823.251678600475,562.6300618453445,278.2507881293092,-1340.3205809571564,240681.70478839544
2023-01-26,-0.00026115360923621266,-261.1536092362127,2488.7825501587886,-1801.585932976205,-1485.5583744691412,-300.85136095733753,838.0595090076827,240420.55117915923
2023-01-27,-0.0030539413975170498,-3053.9413975170496,95.04958124285038,-1855.1595330038265,-1410.6217590427427,-10.407595965398457,127.19790925206772,237366.60978164218
2023-01-30,-0.004598185971767295,-4598.185971767295,-2432.321260470135,-2524.3461968472725,1172.7094989374377,-238.32218864450365,-575.9058247428219,232768.4238098749
2023-01-31,0.0121792773541743,12179.277354174299,9113.73366993828,5034.310044644968,-3844.269182755476,416.733163883165,1458.7696584633643,244947.70116404918
2023-02-01,-0.0022310035022132914,-2231.0035022132915,-1336.597616519005,-2096.2481793466573,-217.6610740368335,1151.804526156584,267.69884153262,242716.6976618359
2023-02-02,0.0003667202090406224,366.72020904062236,3621.3387499253035,833.7008661710478,-2147.618404507557,-2250.6360385211383,309.93503597296564,243083.41787087652
2023-02-03,0.0073177228324487085,7317.722832448709,4018.1533828197653,3789.6871653819776,-815.5727238102891,-12.940888234344914,338.3958962916002,250401.14070332525
2023-02-06,0.0012276929019829355,1227.6929019829354,859.9873060874935,1709.8897556263337,-2046.6703057054674,-211.31847205997374,915.8046180345495,251628.83360530817
2023-02-07,0.001748214283756367,1748.214283756367,-1743.421213646152,-375.46191165734245,3848.9656820001787,549.5787497290139,-531.4470226693313,253377.04788906453
2023-02-08,-0.005126540574284715,-5126.540574284715,-3099.8397513778446,-2127.919005739382,1059.7178934833541,180.4085765058986,-1138.9082871567405,248250.50731477982
2023-02-09,0.004872195118532917,4872.195118532917,866.7194395668928,2670.1999178116716,605.8308986020218,764.3035146754929,-34.85865212316222,253122.70243331275
2023-02-10,0.0045298249661800275,4529.824966180027,3149.581005579584,2797.754445856691,-1621.7626107933825,53.399709850958864,150.8524156861752,257652.52739949277
2023-02-13,-0.004472741971358166,-4472.741971358167,-2658.097154516126,-1778.1701469595735,791.5782165362224,-889.7861852219778,61.73329880328844,253179.7854281346
2023-02-14,0.0009234180898231542,923.4180898231542,2402.4263688619862,875.1741744206855,-2359.213777933909,-398.6085639334723,403.63988840786413,254103.20351795777
2023-02-15,-0.002805347213588789,-2805.347213588789,475.1899196226958,-133.78002897243815,-2613.312599069446,-765.2621786578113,231.81767348821054,251297.85630436896
2023-02-16,0.005294800883632449,5294.800883632449,2661.3763040510466,1082.6580526028508,1604.8142359137844,-906.1519872064655,852.1042782712315,256592.6571880014
2023-02-17,0.00030036286693355775,300.36286693355777,-942.1396776880401,456.7977373724944,345.0199759288305,800.4009512289712,-359.7161199086981,256893.02005493495
2023-02-20,-0.005612042679737913,-5612.042679737913,-4614.205785746811,-1589.0317875725566,723.449607199738,-56.03407316959855,-76.22064044868407,251280.97737519705
2023-02-21,-0.007824678657289127,-7824.678657289128,-4334.212016796626,-2506.0525259587403,-11.56532642008995,-384.2534834508811,-588.5953046627906,243456.29871790792
2023-02-22,-0.010055528006894323,-10055.528006894323,-6300.9318180771315,-5899.056268564547,2531.723088175148,910.6873110451344,-1297.9503194729264,233400.7707110136
2023-02-23,0.003205869474061324,3205.869474061324,1021.1185257541508,379.2408967210141,1499.128270919045,234.03770761922738,72.34407304788643,236606.64018507494
2023-02-24,0.009371579679163647,9371.579679163648,4813.326605396673,2623.8855161986307,1123.229252437625,-596.3110795775395,1407.4493847082588,245978.21986423858
2023-02-27,-0.006608590134227729,-6608.590134227729,-1565.2374525982932,-1532.9287126205936,-2146.481219389994,-839.5582423586335,-524.3845072602144,239369.62973001084
2023-02-28,-0.003204554481682563,-3204.5544816825627,-2552.114650568585,-2144.972641374629,1557.9459372812337,347.9851503466063,-413.3982773671891,236165.07524832827
2023-03-01,-0.006843957468165779,-6843.957468165779,-4601.1814331513615,-4735.715372784596,2821.4078076251876,-147.7016132332124,-180.7668566217965,229321.1177801625
2023-03-02,0.000499580863351768,499.580863351768,-1020.8570352996393,-779.5186657716229,1485.2903910719099,1201.4003196379213,-386.7341462868009,229820.69864351425
2023-03-03,-0.001892284446711047,-1892.284446711047,-1630.6208247904633,-1326.849508776873,658.3309478668722,720.4198207618804,-313.56488177246314,227928.4141968032
2023-03-06,0.00697773548260987,6977.73548260987,2599.3224516972455,4240.175280779086,283.5604911836959,287.95748543381336,-433.28022648396956,234906.14967941307
2023-03-07,-0.019792304928140513,-19792.30492814051,-11049.066574682065,-7938.210516136254,1586.537396510243,-686.8985482831004,-1704.6666855493347,215113.84475127255
2023-03-08,0.0012406939058250423,1240.6939058250423,-253.6956626270148,1352.4922393690138,282.1776745938353,-614.5074548192841,474.2271093084924,216354.53865709758
2023-03-09,-0.0019794070260428175,-1979.4070260428175,-911.9505147740505,23.09581395168467,-393.31239954562324,-661.7743603709092,-35.46556530391942,214375.13163105477
2023-03-10,-0.0012074009921340797,-1207.4009921340796,53.8803028834775,699.4938170176925,-284.0882828375679,-1474.412107166415,-202.27472203126692,213167.73063892068
2023-03-13,0.005636243090661479,5636.243090661479,3334.0375620040254,2148.1804569242495,-842.8045572672202,772.5713452494338,224.25828375099155,218803.97372958215
2023-03-14,-0.013416386483926169,-13416.38648392617,-6479.773516620178,-5188.166359345845,349.98617769686217,-985.544664903117,-1112.8881207538914,205387.58724565597
2023-03-15,0.005325600982788645,5325.6009827886455,2064.323718436491,1569.9069318147215,71.2080583706311,1486.0930720455156,134.0692021212866,210713.18822844463
2023-03-16,-0.0004544670358452895,-454.4670358452895,1169.0642655076122,197.78737475399794,-1290.3535762849267,-594.4474559229446,63.482356100971614,210258.72119259933
2023-03-17,0.004794092652805986,4794.092652805986,1509.7983496979275,4379.772813046289,-832.1573881105394,-604.8209474453264,341.499825617635,215052.81384540533
2023-03-20,0.0019570891013646965,1957.0891013646965,1662.3551645809378,1635.988698773223,1380.4906835401864,-1474.633932210981,-1247.1115133186704,217009.90294677002
2023-03-21,-0.006265167611656774,-6265.167611656774,-2082.688322442627,-91.54540355295255,-1502.5030636107995,-2768.203149078095,179.77232702769967,210744.73533511325
2023-03-22,-0.001714197900926585,-1714.1979009265851,1023.3603395514006,-710.8781532499278,-1512.2473249313152,-885.6702815089745,371.237519212232,209030.53743418667
2023-03-23,-0.009116420005483865,-9116.420005483866,-2630.524159968629,-1339.0206682957976,-3097.5036032095595,-1455.0658869069882,-594.3056871028901,199914.1174287028
2023-03-24,-0.003047489563020156,-3047.4895630201563,-1076.630849164467,-1563.464765066907,1088.924971597599,-1184.850398717105,-311.4685216692762,196866.62786568265
2023-03-27,0.005535359047642078,5535.359047642078,2345.012977489163,4344.633039762678,-725.7292021291363,60.12636944772558,-488.6841369283524,202401.9869133247
2023-03-28,-0.01678502649695557,-16785.02649695557,-10046.216058114698,-6543.309923559668,1602.6147010072314,600.8906787367229,-2399.0058950251537,185616.96041636914
2023-03-29,0.0074060711610385785,7406.071161038579,2183.5889860207603,4237.568962946313,421.6877027815417,247.5389127886925,315.6865965012708,193023.03157740773
2023-03-30,-0.011246076680075025,-11246.076680075024,-6597.702119928831,-3198.7795710399305,394.18841572757566,-10.715094150330504,-1833.0683106835077,181776.9548973327
2023-03-31,-0.006284618667788111,-6284.6186677881105,-4953.730590932678,-1829.3302756553915,485.1989877244023,800.4872105931723,-787.2439995176162,175492.3362295446
2023-04-03,-0.012935552113254473,-12935.552113254473,-7735.970646423001,-4707.248985093548,534.7218897296196,143.05712712976165,-1170.1114985973059,162556.78411629013
2023-04-04,-0.008194841793031477,-8194.841793031477,-6481.096557360055,-4743.475222137863,3724.9378324435756,766.5399620321297,-1461.7478080092626,154361.94232325864
2023-04-05,0.008034954411346242,8034.9544113462425,4516.44228821897,3751.582691301232,-391.1508044703469,-676.0399398462833,834.120176142669,162396.89673460487
2023-04-06,0.008009372707696366,8009.372707696366,4348.862348951167,2187.2894279595484,1018.6658637321787,442.4098378925046,12.145229160965567,170406.26944230124
2023-04-07,0.00791732443938921,7917.324439389211,4190.054723065026,2818.975545994258,281.7441830056714,86.55073554356578,539.9992517806887,178323.59388169047
2023-04-10,0.0011433926756925974,1143.3926756925973,2072.952858204025,1988.2914988690343,-2758.705849113869,-1316.271529549859,1157.1256972832666,179466.98655738306
2023-04-11,-0.0054841288327520405,-5484.128832752041,-554.9736733864984,-1143.8895105663005,-1670.8730737964165,-1133.6943203000799,-980.6982547027451,173982.85772463103
2023-04-12,-0.002774791982110932,-2774.791982110932,-425.37901854643803,-1147.0092748033192,-1211.6268343810873,-267.9444165472982,277.1675621672115,171208.0657425201
2023-04-13,0.01558215760697705,15582.157606977049,8791.431315281767,4666.225301753756,-59.689986261952434,1317.923881966524,866.2670942369551,186790.22334949713
2023-04-14,0.002611405272821825,2611.405272821825,853.5910092613302,26.67772164996591,47.43728122127969,1227.2660721729,456.4331885163488,189401.62862231897
2023-04-17,0.0017508598422906543,1750.8598422906543,2136.1551675804562,1047.4575331580586,-2219.3373513969186,-455.89555108121937,1242.4800440302774,191152.48846460963
2023-04-18,-0.014114434533925312,-14114.434533925312,-6414.10499767652,-6364.761625856968,991.089383136023,-788.1062291495545,-1538.5510643782932,177038.0539306843
2023-04-19,-0.006645184191896357,-6645.184191896356,-1779.1140432583438,-3237.224294677508,-1111.1182382028765,325.7806495535244,-843.5082653111527,170392.86973878797
2023-04-20,-0.012453166532790012,-12453.166532790012,-6711.062964878317,-6009.362519110033,1840.93225648621,-77.1179643549581,-1496.5553409329143,157939.70320599794
2023-04-21,-0.0014387150438302334,-1438.7150438302333,186.30694956554962,-2251.776444386185,375.6064982250264,525.314469944407,-274.1665171790315,156500.98816216772
2023-04-24,0.007455870935264865,7455.870935264866,4224.88294954495,1692.4744555128932,632.8160824314272,567.4649196734283,338.2325281021667,163956.85909743258
2023-04-25,9.153420676044654e-05,91.53420676044654,-83.46926854690858,-211.1297143108905,1517.9232700979792,-494.8403272429377,-636.9497532367958,164048.393304193
2023-04-26,0.009291191002556987,9291.191002556987,4352.472146704415,2519.991551960316,395.3565178500901,1639.227895223169,384.1428908189956,173339.58430675
2023-04-27,0.004928050214543594,4928.050214543594,2861.7217716162827,611.4505422692232,369.75614687490025,477.3537188477476,607.7680349354398,178267.6345212936
2023-04-28,-0.008359262096033243,-8359.262096033242,-2711.402702548659,-4357.273873423833,831.1753875739919,-1380.0950267592737,-741.66588087547,169908.37242526037
2023-05-01,0.010449213956209211,10449.21395620921,3952.9638389638726,3293.83446985552,1854.736937017614,1339.9852954696798,7.693414902525657,180357.5863814696
2023-05-02,-0.0029940992949910603,-2994.09929499106,114.7161953760424,22.970015126656364,-1991.7055890232134,-1099.8895768244818,-40.190339646063585,177363.48708647853
2023-05-03,-0.016774325353256445,-16774.325353256445,-8552.126111994932,-6491.482551730422,978.6604334258645,-1516.6837083440873,-1192.6934146128676,160589.16173322208
2023-05-04,0.006143813878627323,6143.813878627323,3006.66552770203,2616.5366691579848,-826.6722997857629,416.56248678176763,930.7214947713031,166732.9756118494
2023-05-05,0.0021081563784661967,2108.1563784661967,1291.0949928226912,-141.2928850620512,50.365125181005126,1047.650000027089,-139.66085450253703,168841.1319903156
2023-05-08,0.014814347981798811,14814.347981798812,8811.345224356211,6034.349226485855,-1345.2167806393577,-262.41872754314824,1576.2890391392532,183655.4799721144
2023-05-09,-0.01482325109760212,-14823.25109760212,-7317.331109068155,-6358.967170071749,-327.6748002136273,-307.77007581623184,-511.5079424323566,168832.22887451228
2023-05-10,0.0040284356152685144,4028.4356152685145,2713.225985881116,-1173.0990330588997,1845.9707133773404,946.752701413029,-304.41475234407085,172860.6644897808
2023-05-11,0.0003783012252061018,378.30122520610183,659.9372597619515,747.6339904325845,-907.3693230574368,-15.833585594808945,-106.06711633618833,173238.9657149869
2023-05-12,-0.005540493878066115,-5540.493878066115,-1698.3203692980956,-2243.4244905440564,-1611.3143498930424,-248.80585055753255,261.37118222661206,167698.4718369208
2023-05-15,0.005564195467369198,5564.195467369198,2162.5111035207633,2782.6283372261096,178.79161264646268,-319.24848175360495,759.5128957294688,173262.66730429
2023-05-16,-0.011549408893820112,-11549.408893820113,-5701.573667336126,-5606.670253617323,-453.9338732109316,492.3980482035402,-279.6291478592706,161713.2584104699
2023-05-17,0.0042619889404383465,4261.988940438347,2046.6819955889782,3039.5043407836642,-1270.9273234634597,19.669240689224846,427.0606868399383,165975.24735090823
2023-05-18,0.0066320267403560725,6632.026740356073,3556.904836316638,2568.905652085687,-1026.5248714222262,397.076022399352,1135.6651009766224,172607.27409126432
2023-05-19,-0.008371579317484553,-8371.579317484553,-2807.049818356567,-2235.849896492997,-903.4063538381904,-2202.339647508365,-222.93360128843423,164235.69477377977
2023-05-22,0.000928980024028841,928.9800240288411,2557.402496269454,2320.156025177752,-2777.673063152652,-713.6969890062488,-457.2084452594636,165164.6747978086
2023-05-23,0.010745936192087132,10745.936192087132,5752.744652147576,2920.681013605959,567.3150156695341,1225.8723366188467,279.32317404521774,175910.61098989574
2023-05-24,-0.009401964069110081,-9401.964069110081,-4757.696795324529,-3166.959722401706,-294.40661362800665,-266.929553494191,-915.9713842616487,166508.64692078566
2023-05-25,-0.017144056532117258,-17144.056532117258,-7480.865340755659,-8794.894873872054,1133.3001011553586,-396.6913752340337,-1604.90504341087,149364.5903886684
2023-05-26,0.006611775385283458,6611.7753852834585,2922.628124193898,3850.3090612832048,-635.0097932635387,-330.46226871257045,804.3102617824647,155976.36577395187
2023-05-29,-0.00976411325337622,-9764.113253376221,-5699.129392738216,-4063.2303079745116,1568.6986651843035,505.77570011227215,-2076.2279179600696,146212.25252057565
2023-05-30,-0.005731245436430353,-5731.245436430353,-3197.692133197551,-3656.2901931672923,497.2773574318622,367.3950849216278,258.06444758100054,140481.0070841453
2023-05-31,-0.0020251555853550945,-2025.1555853550944,-2078.855017545907,-2276.3161360888703,1681.9637483886315,496.4074039881509,151.64441590289945,138455.8514987902
2023-06-01,-0.0020791810229860612,-2079.181022986061,1212.6576126413124,-657.5291920039087,-1981.2821472920123,-1401.5740058953681,748.5467095639157,136376.67047580413
2023-06-02,0.013376739794991916,13376.739794991916,4992.106656965434,6364.0781841099515,524.8946672998698,1084.964597091019,410.69568952564293,149753.41027079604
2023-06-05,-0.0067048852987629725,-6704.8852987629725,-4856.946430324198,-2557.592990942309,1351.5187020085175,22.398367078891745,-664.2629465838745,143048.52497203308
2023-06-06,0.0068977530453683674,6897.753045368368,1357.3790263244646,2801.687142216531,1563.702818197655,686.9551716769022,488.02888695281496,149946.27801740143
2023-06-07,0.0037523949156097395,3752.3949156097397,2159.0627201840584,1022.6883229592934,561.5433769036391,-777.2798179678035,786.3803135305518,153698.67293301117
2023-06-08,-0.009377958317532862,-9377.95831753286,-5016.996347017347,-3454.3234231504794,-264.3862772844083,69.2948992712845,-711.5471693519112,144320.7146154783
2023-06-09,-0.011595024486479998,-11595.024486479997,-6697.9750242859955,-4558.034503941369,336.6695922219396,335.97255853831456,-1011.6571090128875,132725.6901289983
2023-06-12,0.0009496889191639874,949.6889191639874,1660.7681386297602,-40.255413708242926,-1098.7375086836364,-395.68953767680193,823.6032406029085,133675.3790481623
2023-06-13,0.010708863414600202,10708.863414600202,7044.983768783055,4296.68865237283,185.41212006951662,-1145.0152916032675,326.7941649780679,144384.2424627625
2023-06-14,-0.011133259678249127,-11133.259678249127,-4026.8695159844538,-4942.522079535109,-1530.738311514176,-98.34536321726243,-534.7844079981251,133250.98278451335
2023-06-15,0.0046902407786976385,4690.240778697638,1593.5026699414607,2168.8166071913465,175.349495817243,554.2719617556002,198.30004399198845,137941.22356321098
2023-06-16,-0.009084164184358624,-9084.164184358624,-4985.372230884127,-2371.0999183574654,143.2334955183749,-1030.5123173022034,-840.413213333203,128857.05937885235
2023-06-19,-0.00728494784651276,-7284.94784651276,-3833.8058610453545,-3511.846365979912,952.4878291885985,286.60123798283115,-1178.3846866589238,121572.1115323396
2023-06-20,0.0007262576046619747,726.2576046619747,-2048.362566384727,-96.73340260479772,1055.420206969963,1569.0536892273217,246.87967745421514,122298.36913700157
2023-06-21,0.007371442404401984,7371.442404401984,4806.030887951743,1780.8646047062114,61.02520264298739,349.13607615770945,374.38563294333164,129669.81154140356
2023-06-22,0.00303147219090263,3031.47219090263,705.6644302366198,1837.5695334378004,632.1480562387583,-575.1727281770785,431.26289916653025,132701.28373230618
2023-06-23,-0.004685644904703796,-4685.644904703797,-2677.8676767190486,-1755.8045621757237,50.53056300219237,-315.54012513492523,13.036896323707937,128015.63882760238
2023-06-26,-0.00778706121623704,-7787.06121623704,-4368.813623226771,-681.1719638011142,-1374.4525289376688,-1129.2017577677266,-233.42134250376031,120228.57761136534
2023-06-27,0.0044015759354227215,4401.575935422721,2454.1194990283016,1743.667637635779,-451.7338741822513,355.9004926849211,299.6221802559707,124630.15354678806
2023-06-28,0.012162527244602383,12162.527244602383,5851.361283326603,5637.390796268092,310.31665477727597,-422.78889404086107,786.2474042712721,136792.68079139045
2023-06-29,-0.003300570923590781,-3300.570923590781,-1261.9569846269555,-2346.8980977254655,515.3212861977153,-278.8813922975977,71.84426486152206,133492.10986779968
2023-06-30,-0.006253509347949651,-6253.509347949651,-4494.804564156193,-1087.9843173128493,-232.32585351789658,-271.33435010374063,-167.06026285897167,127238.60051985002
2023-07-03,-0.0036306846298066312,-3630.684629806631,-2396.689806840474,-668.1187942897135,-1066.4668970446235,671.3848385543964,-170.7939701862174,123607.91589004338
2023-07-04,-0.004725443215256347,-4725.443215256347,-2504.9279134692943,-2330.83663602146,1345.9622561997307,-272.8620649418915,-962.7788570234319,118882.47267478703
2023-07-05,-0.000924454750385818,-924.4547503858181,-930.4537098517002,-2327.803553029332,2261.972866528728,86.76552151503611,-14.935875548549927,117958.01792440121
2023-07-06,0.0006640745570282661,664.0745570282661,879.7743513206449,-676.0057231769317,-258.95122346115943,668.0068375373912,51.250314808321306,118622.09248142947
2023-07-07,0.010814735011445541,10814.735011445542,5011.074372574317,5243.050912600321,515.8361349690653,-61.58058644261043,106.35417774444825,129436.82749287502
2023-07-10,-0.005307269110001702,-5307.269110001702,-2577.0679425237367,-1706.5655933529358,1089.5313973495372,-1562.6992203985167,-550.4677510760508,124129.55838287332
2023-07-11,0.003553951530686621,3553.951530686621,663.9747463573746,128.33589249318976,1473.4614913303578,675.1783081276051,613.0010923780942,127683.50991355994
2023-07-12,0.002303980062058373,2303.980062058373,-907.0341854709753,590.5583655843036,2284.4721793985805,1318.525088224738,-982.5413856782737,129987.48997561831
2023-07-13,-0.0016958744916457135,-1695.8744916457135,-1065.4395256779999,-1290.3043168056965,726.6868262422362,635.7240345850523,-702.5415099893055,128291.61548397261
2023-07-14,-0.0008224723931075804,-822.4723931075804,284.92175845113826,-2552.323102706414,1506.184435266845,111.72661127595258,-172.98209539510205,127469.14309086502
2023-07-17,-0.004562357288803431,-4562.357288803431,-1300.5287987498573,574.9502833259846,-3196.516251723381,-830.2874845698248,190.0249629136477,122906.7858020616
2023-07-18,-0.0013659088280643364,-1365.9088280643364,-1905.2728278850677,907.180393617312,-608.6799327400827,204.27015397634008,36.593384967161974,121540.87697399726
2023-07-19,0.008701198406869748,8701.198406869747,5298.380860649167,3146.8992141551003,-1787.8426010011187,799.781300554981,1243.9796325116188,130242.07538086701
2023-07-20,-0.011708551711137417,-11708.551711137417,-6488.7368560423865,-5714.470632948379,1388.5961052396142,611.4335449446857,-1505.3738723309525,118533.52366972959
2023-07-21,-0.026059069338397713,-26059.069338397712,-12239.875157231152,-8666.191584286998,381.0511246416508,-2134.3794502092414,-3399.6742713119697,92474.45433133189
2023-07-24,0.007464040208366208,7464.0402083662075,3418.7196128305127,2797.4447601222646,-777.9771168252014,1055.4529225974322,970.4000296411991,99938.49453969809
2023-07-25,0.008859574131978906,8859.574131978905,6788.460179432049,3294.0510356138984,-1230.4143990930377,-980.3075484511928,987.7848644771884,108798.068671677
2023-07-26,-7.012282884264501e-05,-70.122828842645,-1044.1865858200447,58.99181008311134,289.42899112900835,416.5611114934392,209.08184427184094,108727.94584283435
2023-07-27,0.014397082224847214,14397.082224847214,9050.700445009195,6506.373424261682,-2566.8387446671727,173.31956208779235,1233.5275381557165,123125.02806768156
2023-07-28,0.010110605689280091,10110.605689280092,6224.235227433451,4383.419452799838,-1671.794990417317,-336.7378453388952,1511.483844803015,133235.63375696164
2023-07-31,-0.0005292222566860774,-529.2222566860775,-662.537329572238,-1388.1288107538378,2093.689553899437,-196.98631388132577,-375.25935637811307,132706.41150027557
2023-08-01,0.0028857447967845767,2885.7447967845765,2739.6858367629675,-137.29981901992073,-11.483862989449078,-506.5387615470487,801.381403578028,135592.15629706014
2023-08-02,-0.004039367669965656,-4039.367669965656,-4043.1342500597007,-2149.455101305399,2066.6272348674665,790.4325474552302,-703.8381009232529,131552.78862709447
2023-08-03,-0.0017120377582998884,-1712.0377582998883,-971.4639603047376,-1535.4719865057423,1906.1589632380567,-139.62927214398366,-971.6315025834815,129840.75086879458
2023-08-04,0.0012737736627214842,1273.7736627214842,2794.5495271378863,1050.415768181507,-1698.0657070026991,-1210.0505958254457,336.92467023023596,131114.52453151607
2023-08-07,0.0012913182958798528,1291.3182958798527,-347.4031003652715,67.11001139107299,1265.3706633406011,612.7300728047926,-306.4893512913424,132405.8428273959
2023-08-08,0.000771873501004722,771.873501004722,-832.4218407948235,61.60019495200504,1770.3169158037138,365.65425269241837,-593.2760216485916,133177.71632840062
2023-08-09,-0.00796766996131401,-7967.669961314009,-4170.037204559291,-5179.437187476095,1279.0369617746312,596.4280390794573,-493.66057013271086,125210.04636708662
2023-08-10,0.001106811011087663,1106.811011087663,-540.3696746786347,1515.6290308895561,-350.4684571743078,494.84106193972167,-12.820949888672283,126316.85737817427
2023-08-11,-0.002901512573661931,-2901.512573661931,-2555.0732116532176,-1146.1071926321756,964.9472419227759,276.2055308411606,-441.4849421404744,123415.34480451234
2023-08-14,0.005337309627194813,5337.3096271948125,-159.15094321068966,3154.148188024388,1787.5518281874479,689.7955196290915,-135.0349654354252,128752.65443170715
2023-08-15,0.008146082648759321,8146.082648759321,4230.06024250601,3953.587005209505,-538.9892942261333,-156.62682112691098,658.0515163968503,136898.73708046647
2023-08-16,-0.02318068890844302,-23180.68890844302,-13315.788090687833,-9919.886695945923,1415.1226666947618,754.2669640079368,-2114.403752511965,113718.04817202345
2023-08-17,-0.009972246776395768,-9972.246776395768,-4993.646362046839,-3896.8835294095284,-558.7275900933798,-20.138796009159854,-502.85049883685895,103745.80139562768
2023-08-18,0.005513586840356263,5513.586840356263,4022.9264506547242,1999.3797837231227,-657.1774366216599,-874.6765931017808,1023.1346357018573,109259.38823598395
2023-08-21,0.005833587682300956,5833.587682300956,2179.2589578485126,2350.8680165365554,-264.6568029266082,330.695858284275,1237.4216525582206,115092.97591828491
2023-08-22,-0.004024680482900513,-4024.680482900513,-1197.3958795764586,-727.8219326601659,-1155.0475876876997,-961.9499386686189,17.534855692429552,111068.2954353844
2023-08-23,0.007094367946032455,7094.367946032456,4636.52089614801,3203.1219602254437,-1020.1616698950467,-243.05348930293965,517.9402488569875,118162.66338141685
2023-08-24,0.001679267560512026,1679.267560512026,1238.8801139770503,-1104.0015693521138,1226.2275805370696,-54.43093783439191,372.5923731844118,119841.93094192888
2023-08-25,-0.008021561373118782,-8021.561373118782,-5333.994109054279,-3171.9379415808357,1717.4509585899555,294.66479954230675,-1527.7450806159293,111820.3695688101
2023-08-28,0.0010719710427475992,1071.9710427475993,1048.1023963119233,-819.2698636943203,-615.4221765961893,805.9633565271588,652.5973301990267,112892.3406115577
2023-08-29,-0.0016597349864174026,-1659.7349864174025,63.76835866981911,-1288.267002015337,675.362751706334,239.61865898195555,-1350.217753760174,111232.60562514029
2023-08-30,0.004960114169890202,4960.114169890202,3287.0452705293756,2486.827517057856,1000.2422419966636,-441.40894612429247,-1372.5919135694,116192.7197950305
2023-08-31,0.0010177597417733262,1017.7597417733261,1172.1522050497776,1298.5920756958565,-2244.1591570280616,-1152.7566106321735,1943.9312286879274,117210.47953680382
2023-09-01,-0.003825376172298637,-3825.376172298637,-1283.564579445974,18.60067084089941,-528.3209207768228,-1807.649857684102,-224.44148523263718,113385.10336450518
2023-09-04,-0.002622203125864953,-2622.203125864953,-1115.5391532016417,-1403.7653647502711,-23.88653874481915,168.6528687258373,-247.66493789405845,110762.90023864023
2023-09-05,-0.012662713953630614,-12662.713953630615,-5308.825905378928,-3403.19325117475,-1570.2824320733548,-2182.650725105728,-197.7616398978531,98100.18628500961
2023-09-06,0.0012191019606997825,1219.1019606997825,2129.4851429684986,1553.875235777847,-2062.787505725699,-831.5763271855783,430.1054148647145,99319.2882457094
2023-09-07,-0.011436792632766242,-11436.79263276624,-6702.7546680112755,-6152.514724581052,1727.3673750748276,1128.5211501716954,-1437.411765420437,87882.49561294315
2023-09-08,0.0034231473976042656,3423.1473976042657,3177.2510881276125,-189.65098468807716,111.51513315682305,-245.24763318965287,569.2797941975595,91305.64301054741
2023-09-11,-0.0008224171434495116,-822.4171434495116,-1040.5601566067787,1013.467934256053,-771.630222146289,144.2764785258876,-167.97117747838436,90483.2258670979
2023-09-12,-0.002639271759954923,-2639.2717599549233,-664.8830076405878,-761.9386454510908,-974.8909459030994,-228.05304765440476,-9.50611330574052,87843.95410714298
2023-09-13,0.0031559858879599287,3155.9858879599287,1013.209043308263,892.7105129184248,851.2480517714441,912.5447872028649,-513.7265072410679,90999.93999510292
2023-09-14,0.00511522655311288,5115.22655311288,3648.8445024812386,1170.1328624727291,40.07296124755851,770.604456444043,-514.42822953269,96115.1665482158
2023-09-15,-0.0003021442021779577,-302.1442021779577,390.5128354235205,-343.24962373283273,-1059.629465869688,859.9399287589893,-149.71787675794678,95813.02234603785
2023-09-18,-0.00457351206913957,-4573.51206913957,-3386.7831022958094,-2492.7018834512046,1370.3085411020552,-15.16618471520772,-49.16943977940289,91239.51027689828
2023-09-19,2.2313285484651044e-05,22.313285484651043,2230.0977802491802,-1278.141888241583,-1257.8967378236644,-369.2470094433385,697.5011407440567,91261.82356238292
2023-09-20,-0.014795036606892879,-14795.03660689288,-11024.231636771268,-4955.397965499714,2623.9917831317607,-164.2625109567447,-1275.1362767969124,76466.78695549004
2023-09-21,0.020325129386988775,20325.129386988774,9843.347021813024,8740.981635766666,-190.1130289834413,508.7725116804156,1422.141246712114,96791.91634247881
2023-09-22,-0.006786580334890368,-6786.580334890368,-1998.3408648205843,-2665.2509257489555,-655.4533593667445,-1181.45237158814,-286.08281336594297,90005.33600758844
2023-09-25,-0.012726941506315165,-12726.941506315165,-7075.603824350826,-5162.746680802978,1039.3209777365141,-72.49632685513286,-1455.4156520427437,77278.39450127327
2023-09-26,0.023488993476882977,23488.993476882977,12922.813554758117,11773.180762014492,-3321.848171509324,71.24915095133782,2043.5981806683571,100767.38797815624
2023-09-27,-0.009044015447695248,-9044.015447695248,-4260.814852171138,-5104.8206839705135,1014.1840658339013,-416.32232124757434,-276.241656139923,91723.372530461
2023-09-28,0.009080299973192171,9080.299973192172,4173.8853010278435,5084.596679449128,-1519.8632002378235,151.47523752793123,1190.2059554250918,100803.67250365317
2023-09-29,-0.002040668245922391,-2040.6682459223912,-1991.5483354366525,-2585.504320139631,2207.76711495647,579.7749339581138,-251.1576392606908,98763.00425773078
2023-10-02,-0.009418717449625257,-9418.717449625257,-3452.7192496772955,-4319.594642883271,-338.76048900845626,-240.21127834246624,-1067.4317897137682,89344.28680810552
2023-10-03,-0.00315840312752781,-3158.4031275278103,-41.34819633160862,-2347.8469215878176,-1592.5781770465842,324.26470624458574,499.10546119361436,86185.88368057771
2023-10-04,-0.005745103505703063,-5745.103505703063,-1645.882414624839,-2657.9249965124004,-1155.1547281620221,-514.1655648992185,228.0241984954166,80440.78017487464
2023-10-05,0.004550046486846905,4550.046486846905,3898.6319036461628,2307.8514660322535,-2080.421918715826,29.445943364417246,394.5390925198972,84990.82666172154
2023-10-06,-0.0014894040403307996,-1489.4040403307997,-2176.6610832170504,149.12660920046437,1516.6608867891161,195.5475049081834,-1174.077958011513,83501.42262139074
2023-10-09,0.004357768206035846,4357.768206035846,887.8655833767674,2138.3591022270934,-471.5270039200533,873.3003682148794,929.7701561371595,87859.19082742659
2023-10-10,0.015168271401099522,15168.271401099522,6987.677895002589,5775.92606769841,-280.1715457174383,1350.3919667532161,1334.4470173627449,103027.46222852611
2023-10-11,-0.0051916624358710715,-5191.6624358710715,-2105.183252718893,-2229.2464303578513,558.1405266664981,-928.43178746265,-486.9414919981748,97835.79979265505
2023-10-12,0.007830691230142304,7830.6912301423035,4605.497896567065,525.1075746338614,952.4361264988569,1471.1962750754817,276.4533573670376,105666.49102279735
2023-10-13,0.005765439220238598,5765.439220238598,2282.2414770616,1754.0362476184998,1188.5559491085203,1100.1605551518555,-559.5550087018775,111431.93024303594
2023-10-16,0.0046583263265908776,4658.326326590877,2466.5021365495422,1608.9223130900423,-291.87883849204087,-456.3460432792754,1331.1267587226093,116090.25656962681
2023-10-17,0.004986811836907636,4986.811836907636,4368.259643590819,2334.2444083175037,-2405.7786387439505,-480.8832358137533,1170.9696595570172,121077.06840653445
2023-10-18,0.005594342814171795,5594.342814171795,1008.8645445741366,2492.402977851082,983.7863531603705,872.4507164686413,236.83822211756313,126671.41122070624
2023-10-19,-0.009175420428174473,-9175.420428174473,-5835.054666886159,-4741.984376323748,2170.587833909707,107.97246642755002,-876.9416853018236,117495.99079253177
2023-10-20,-0.004180555563540045,-4180.555563540045,-1338.742924033759,-2438.9771686924555,-77.74350534774513,234.04354151555646,-559.1355069816422,113315.43522899173
2023-10-23,-0.0010847632462432756,-1084.7632462432757,-989.9872283980077,-2047.6653304197096,1427.1029858263769,97.52307209058775,428.2632546574767,112230.67198274845
2023-10-24,0.007750619246114761,7750.619246114761,6420.740972271815,4811.396173544994,-2227.7941840182157,-1668.2641712661089,414.5404555822754,119981.2912288632
2023-10-25,-0.009189795612087177,-9189.795612087177,-5770.106264574371,-2532.881696778827,1177.0600331011346,104.19481317974375,-2168.0624970148547,110791.49561677602
2023-10-26,-0.00724051922290145,-7240.51922290145,-5031.459002712499,-2640.631926555661,1219.2988065146776,-208.0507270675302,-579.6763730804375,103550.97639387457
2023-10-27,0.013624739082871673,13624.739082871673,6870.350785770423,4964.061837351348,-971.0803814691759,332.8043934511469,2428.602447767932,117175.71547674625
2023-10-30,-0.015023571348634869,-15023.571348634869,-8817.296310559906,-5822.740422044455,1262.7230189866016,152.3571881735612,-1798.6148231906689,102152.14412811138
2023-10-31,0.0049671256727702425,4967.125672770242,-205.65312960549105,818.1846343283637,3990.7288403043,1344.0670759709903,-980.2017482279196,107119.26980088162
2023-11-01,-0.006121636114198703,-6121.636114198704,-1779.7906644953534,-1986.4607724359855,-2022.4670561253804,-713.9648661703883,381.0472450284041,100997.63368668292
2023-11-02,-0.008148043288203918,-8148.043288203918,-5351.774900122539,-2664.8088238559376,1537.0597446304678,-615.0993282361319,-1053.4199806197764,92849.590398479
2023-11-03,0.013053499741556078,13053.49974155608,6712.951592092339,6152.814213817369,-906.9207842737604,-68.21636651798273,1162.871086438113,105903.09014003508
2023-11-06,-0.003846421680967968,-3846.421680967968,-2149.4069433576747,-4534.993558790764,2607.9175944852705,714.05053134569,-483.98930465049006,102056.66845906712
2023-11-07,-0.001736626743098269,-1736.626743098269,-243.21254948301663,-1194.8331499522258,-284.15169276252806,-1207.0926400254061,1192.6632891249076,100320.04171596885
2023-11-08,-0.010446824877352191,-10446.824877352192,-5184.950393374063,-5390.6914981418895,104.57997699423609,800.8393842741974,-776.602347104672,89873.21683861666
2023-11-09,-0.005804478647716573,-5804.4786477165735,-5191.770343327942,-2259.7634519715307,1840.7133992914887,392.24046680187905,-585.898718510467,84068.73819090008
2023-11-10,0.021836845927406253,21836.84592740625,10056.319982446294,10707.171138018844,-2097.55801655493,1139.2941470907022,2031.618676405339,105905.58411830633
2023-11-13,0.0009545341031242342,954.5341031242342,2096.2024277785476,-714.2234967444821,-731.9787583665358,-500.0633612215415,804.5972916782462,106860.11822143056
2023-11-14,0.005873423881438985,5873.4238814389855,4498.538101691781,603.2767098164638,-954.1536732118702,1067.8199345104522,657.9428086321586,112733.54210286954
2023-11-15,0.005629614431198474,5629.614431198474,3062.0673090099303,2829.283615052046,8.477259409773874,-69.06247284391576,-201.1512794293604,118363.15653406801
2023-11-16,-0.007799478216720946,-7799.478216720946,-4710.426619185115,-2638.2981181301657,816.9300254577341,-250.7064438731099,-1016.9770609902895,110563.67831734706
2023-11-17,-0.0018821489849354396,-1882.1489849354396,-1281.7931510191574,453.3557507825388,-97.73270716220028,-1185.2948208522512,229.31594331563056,108681.52933241162
2023-11-20,0.0007776422133901257,777.6422133901257,-860.4819882318124,-616.6367013149215,2133.2380706982767,369.15829708764653,-247.63546484906365,109459.17154580174
2023-11-21,-0.009526311320452795,-9526.311320452794,-4951.4786634529655,-4097.457361369034,1474.4916329839577,-1112.6680576774352,-839.1988709373184,99932.86022534895
2023-11-22,0.003261722274190449,3261.722274190449,423.3225051081865,381.18184533782363,1232.0806642610637,520.1428962384146,704.9943632449606,103194.5824995394
2023-11-23,-0.007531779604556848,-7531.7796045568475,-4173.0759654949525,-3012.9085736243883,747.5742373683448,-884.8346756296353,-208.5346271762167,95662.80289498255
2023-11-24,0.017969276896425603,17969.276896425603,9763.627884581836,7462.12057003871,-838.1984075192012,415.25460604393754,1166.4722432803228,113632.07979140815
2023-11-27,-0.015449934204475354,-15449.934204475354,-7647.193166768468,-6830.967642761946,-670.6909343307723,796.024840178344,-1097.1073007925104,98182.14558693279
2023-11-28,-0.0033942304866402128,-3394.230486640213,-1452.861181998117,105.80473766964079,-1069.904510798541,-947.27539505874,-29.994136454454967,94787.91510029258
2023-11-29,0.009134166373848096,9134.166373848097,4320.829763978618,4000.804680842858,-278.19526883037713,188.9960406844086,901.7311571725864,103922.08147414068
2023-11-30,-0.0006639356501127371,-663.9356501127371,846.9422015428695,-763.5052980374103,-194.79783910057952,-710.7702753234918,158.19556080587498,103258.14582402795
2023-12-01,-0.0011966712973764016,-1196.6712973764015,-2018.7213542506138,1935.6196016983454,561.5842722877078,-1267.529037882075,-407.624779229766,102061.47452665154
2023-12-04,0.00479022277831391,4790.22277831391,2181.30673167913,3967.7123412985216,-857.4308534092933,-1390.3620737463941,888.996632491946,106851.69730496545
2023-12-05,-0.011128074937013888,-11128.07493701389,-5798.514564778535,-5043.808469926603,496.240369122892,-222.82027346478222,-559.1719979668599,95723.62236795155
2023-12-06,-0.005432753417854366,-5432.753417854366,-2871.2639856028277,-2576.780706432195,379.68714049493025,60.008100836925685,-424.4039671511989,90290.86895009718
2023-12-07,0.004537938252226452,4537.938252226451,1831.224255934835,2561.445281333375,316.369049594204,429.0703253486788,-600.1706599846409,94828.80720232363
2023-12-08,0.0011594765918528861,1159.476591852886,210.95633649585784,819.4805307470406,933.635592782599,-360.27792498608954,-444.31794318652203,95988.28379417652
2023-12-11,-0.0020262835603719635,-2026.2835603719634,-2411.222836191113,-1112.7975808378926,1713.318777974324,-132.91316725321337,-82.66875406406852,93962.00023380456
2023-12-12,0.0012216863482675318,1221.686348267532,518.6151984912956,227.12041316338826,-355.9183109403517,526.4040184882896,305.46502906490997,95183.68658207209
2023-12-13,0.01586369467618974,15863.694676189742,9558.466796120078,6159.149184946752,-892.5882116309572,5.169516200919676,1033.4973905529487,111047.38125826183
2023-12-14,0.003261843632871836,3261.8436328718362,-45.641975546883,153.41617284127824,3654.6895816101523,589.6167768217861,-1090.236922854498,114309.22489113366
2023-12-15,-0.0005908778325452916,-590.8778325452915,1146.64501347642,-1966.7188051528742,-538.3940866501888,143.73776992528605,623.8522758560654,113718.34705858838
2023-12-18,0.005269978854228957,5269.978854228957,4089.2134475969574,2444.310018034322,-861.9555354936961,-488.2309382320783,86.6418623234517,118988.32591281734
2023-12-19,-0.0004951553250253594,-495.15532502535945,1301.5580733986649,-749.1342635871404,-865.8469266798185,-742.7565422132674,561.0243340562018,118493.17058779197
2023-12-20,0.009237840260622484,9237.840260622484,7566.006416919249,4015.1981282423917,-3598.744245770227,-308.2292534405286,1563.6092146715978,127731.01084841446
2023-12-21,0.001591763347136966,1591.763347136966,918.3690883806504,91.8587542847694,-441.6235538632259,273.7659437140226,749.3931146207493,129322.77419555142
2023-12-22,-0.014846483715397214,-14846.483715397215,-8211.204835336788,-6801.3365285296895,1452.9195968437014,-799.6060224320688,-487.25592594237025,114476.2904801542
2023-12-25,-0.005585608347361619,-5585.608347361619,-2668.7214969606953,-2102.6615817712586,1087.1662138587383,-361.635787941178,-1539.7556945472252,108890.68213279259
2023-12-26,-0.002370533189908439,-2370.533189908439,-1800.3490130494397,31.830709555809783,-24.125716619784573,-825.3145388702004,247.4253690751756,106520.14894288415
2023-12-27,-0.0011702572299496395,-1170.2572299496394,-1389.2545632968215,-1764.8900261096612,332.3993853511895,616.0313068946342,1035.4566672110195,105349.8917129345
2023-12-28,0.006518085409628868,6518.085409628868,3474.3916521611764,4254.669283182314,-1009.8789546569833,-890.2071565239103,689.1105854662721,111867.97712256337
2023-12-29,-0.00047109254313787647,-471.0925431378765,450.1136440903041,-1134.3241754268868,-416.63025450112707,332.5647921044081,297.18345059542503,111396.8845794255
2024-01-01,0.0025284778190003804,2528.4778190003804,2118.008984213944,2022.9273562080286,-913.2469725101259,-483.3810491443255,-215.83049976714162,113925.36239842589
2024-01-02,0.01413621869571946,14136.21869571946,7496.0551645773985,5765.4256830721315,-1402.5653387888246,-583.2690062635713,2860.572193122328,128061.58109414535
2024-01-03,-0.007230300910236619,-7230.300910236619,-4507.977735336161,-4044.3730769498393,1141.5483035427687,479.0400185715118,-298.5384200648994,120831.28018390873
2024-01-04,0.013002875141067481,13002.875141067481,7591.955732630905,6514.803066775058,-2391.365885380907,-317.52579592287924,1605.0080229653047,133834.15532497622
2024-01-05,0.01588080994730614,15880.80994730614,8686.54937432446,4742.2981518371425,23.646778879005115,724.1620307010908,1704.1536115644387,149714.96527228237
2024-01-08,4.2447836444032454e-05,42.447836444032454,-428.3778098709143,-1483.9998359966642,896.2710257095509,723.2941532650348,335.26030333702516,149757.4131087264
2024-01-09,-0.002190240832959921,-2190.240832959921,-55.879468590268296,-865.6253463449626,-2004.1090749044022,256.9194232180299,478.4536336616817,147567.1722757665
2024-01-10,-0.01029856899449582,-10298.56899449582,-4056.2870580286285,-3848.589263366907,-37.769252563576835,-1290.0529084079467,-1065.870512128762,137268.60328127068
2024-01-11,-0.010333768344944438,-10333.768344944438,-4762.087498586688,-4216.737089806852,-254.96507294498826,-1490.7952678538072,390.8165842478951,126934.83493632625
2024-01-12,0.009710040234246323,9710.040234246324,5260.671070322768,2964.5891077465526,-544.7343613871716,550.682344575237,1478.8320729889363,136644.87517057257
2024-01-15,-0.006003578645485229,-6003.57864548523,-3438.1411119723302,-1137.8497412276824,-33.41144569357748,-1287.2187992350155,-106.957547356624,130641.29652508734
2024-01-16,0.012222472700449181,12222.472700449182,5421.185381314198,7706.113757789393,-1991.716447059194,184.6393818077564,902.2506265970287,142863.76922553653
2024-01-17,0.00159547680838113,1595.47680838113,3290.106584200931,505.3235672253404,-2243.4107881650893,-734.8342351843382,778.2916803042862,144459.24603391765
2024-01-18,-0.0012155082294140007,-1215.5082294140007,-2692.541319461093,-1160.2474392560382,1761.7182968264183,606.952662312761,268.609570163951,143243.73780450365
2024-01-19,0.003256865674408435,3256.865674408435,1746.4718437124404,-330.2728187565011,1286.7182229483865,5.826979904271811,548.1214465998379,146500.6034789121
2024-01-22,0.01061197008531292,10611.97008531292,6609.683709531446,5693.869632151695,-2797.696403669627,-944.3281469452925,2050.4412942446984,157112.57356422502
2024-01-23,0.0005263485323069872,526.3485323069872,-710.3152796998288,-435.4228954926818,1060.4372937903765,693.0803978016548,-81.43098409253379,157638.922096532
2024-01-24,-0.0006030441715046673,-603.0441715046672,-876.4071591259564,-1100.803919729386,1160.992704022092,631.5374714888926,-418.36326816030964,157035.87792502734
2024-01-25,0.005781038147624164,5781.038147624165,4544.871714571191,3307.4037126093885,-1757.1484398006605,-672.8327874664549,358.7439477106997,162816.9160726515
2024-01-26,-0.0015801274862138257,-1580.1274862138257,-1144.122069735486,815.1569270520939,-680.3425427630377,-164.7097013023068,-406.1100994650888,161236.78858643767
2024-01-29,-0.004295581169605195,-4295.581169605195,-1093.2979733400377,-2909.540170459171,-293.82725649739695,-132.36629579013965,133.45052648155047,156941.20741683248
2024-01-30,0.001688075702942575,1688.0757029425752,937.7798356725563,-924.8870213429227,1062.8805003359346,527.5644897092278,84.7378985677792,158629.28311977506
2024-01-31,-0.0011017557084690357,-1101.7557084690357,-38.56588421758354,-739.7824493835881,213.9185074006237,443.1587073178513,-980.484589586339,157527.52741130601
2024-02-01,-0.003617530362035134,-3617.5303620351337,-2262.795516853602,-2084.524290070482,627.2149589274312,924.2779785577882,-821.7034925962699,153909.99704927087
2024-02-02,-0.005434578266640523,-5434.578266640523,-2091.439756634936,-2306.487492992376,-745.8954741508124,-479.0552820460403,188.2997391836419,148475.41878263035
2024-02-05,-0.010260968148259872,-10260.968148259872,-4426.109080530252,-2806.5111903376587,-1401.8463261686863,-978.9753748102034,-647.5261764130728,138214.45063437047
2024-02-06,0.00786674705414416,7866.74705414416,7034.410626239072,5016.097907783753,-3827.6034430226505,-1878.318976724887,1522.1609398688736,146081.19768851463
2024-02-07,0.006016715577050403,6016.715577050403,2577.837594317616,2491.3603080339635,-132.56311532003687,950.1138942980332,129.96689572082676,152097.91326556503
2024-02-08,0.0017097112153594567,1709.7112153594567,3758.6243353126656,642.9539066790385,-1888.0589267589107,-1397.4652186478654,593.6571187745285,153807.62448092448
2024-02-09,-0.0009151742971291045,-915.1742971291045,-194.29711251863864,7.553523915641444,120.0057431022513,-691.9121185267711,-156.52433310158744,152892.4501837954
2024-02-12,-0.009325878978232026,-9325.878978232025,-6289.276008144144,-2951.817653585799,731.1507990503895,-671.924174776047,-144.01194077642697,143566.57120556335
2024-02-13,-0.012326191383576355,-12326.191383576355,-5217.435440906762,-5544.017728669446,-718.1478198553643,-377.3319471421022,-469.2584470026794,131240.379821987
2024-02-14,0.00646783514519707,6467.83514519707,3106.6369660949013,5909.797650605986,-2952.6456517025367,-200.19055524462573,604.2367354433446,137708.2149671841
2024-02-15,-0.004813455272582704,-4813.455272582704,-2462.9436253328486,-2738.4070431934833,-836.638551041888,1016.5868856731573,207.94706131235895,132894.75969460138
2024-02-16,-0.0020935788152401007,-2093.5788152401005,97.42310994097424,1927.898618665773,-1732.6075691827068,-1462.3434604433314,-923.9495142208103,130801.18087936127
2024-02-19,-0.005584540893545986,-5584.540893545986,-2937.541068517808,-2030.3106449485772,588.2597472937839,60.877295485799635,-1265.8262228591848,125216.63998581529
2024-02-20,0.006140615949038109,6140.615949038109,3373.2499189788923,2914.858754105559,435.2752222001209,-1172.8496292521738,590.0816830057107,131357.2559348534
2024-02-21,-0.009259679558537362,-9259.679558537362,-4988.614007653613,-4369.618042282971,1364.960171549882,114.00912372937873,-1380.4168038800392,122097.57637631604
2024-02-22,-0.0001699222214187679,-169.9222214187679,26.347255974556795,-2080.6292625098954,1241.3454690438537,232.2462610497123,410.7680550230045,121927.65415489727
2024-02-23,-0.005481805858721018,-5481.805858721018,-2211.4330858033804,-2413.628679824172,-682.7733944387963,446.3206638229347,-620.2913624776046,116445.84829617626
2024-02-26,0.0006315800870822883,631.5800870822883,2707.3008161437415,1550.981886268363,-2911.2893545807765,-841.6312742447113,126.21801349567185,117077.42838325855
2024-02-27,-0.0003816229079279277,-381.6229079279277,142.39143946581754,-1523.732491170944,986.2772115148014,242.7569758129199,-229.31604355052235,116695.80547533062
2024-02-28,0.004789306973908576,4789.306973908576,2754.7469787078467,3434.1775665652035,-321.1512364416923,-580.6284065013579,-497.83792842142526,121485.1124492392
2024-02-29,-0.005841926679433112,-5841.926679433112,-2881.4089795477557,-3055.7190553325117,490.4629813180445,-259.5041341403235,-135.75749173056613,115643.18576980609
2024-03-01,-0.0029235179474898757,-2923.5179474898755,-2574.529739336896,-2052.050315240312,1852.5187891429628,500.36578719108564,-649.8224692467161,112719.66782231622
2024-03-04,-0.0066186751300700754,-6618.675130070075,-2528.1666561277434,-2806.873637225767,-756.1241925876152,-639.3918528613173,111.88120873236885,106100.99269224615
2024-03-05,-0.0017760506354961686,-1776.0506354961688,-931.9307394275286,-2565.983195140309,2176.0347299631976,749.337361678611,-1203.5087925701405,104324.94205674998
2024-03-06,-0.0012365345329065274,-1236.5345329065274,-1855.7654944114602,-1270.6491135980314,2412.9018734567057,-450.09900298771834,-72.92279536602288,103088.40752384345
2024-03-07,0.008444688021373712,8444.688021373713,5877.84299328384,3644.0122225104224,-1303.346552995776,-674.3978680456959,900.5772266209239,111533.09554521716
2024-03-08,0.0004937450074110343,493.7450074110343,-153.67789224031088,787.0315889283988,1459.7131371094456,-330.3429223625243,-1268.978904023975,112026.8405526282
2024-03-11,0.0004114874221107263,411.4874221107263,-89.22807296021693,334.2414252473534,359.39256933973144,-202.3642387080322,9.44573919189064,112438.32797473893
2024-03-12,0.011075518173727025,11075.518173727025,6364.868195079441,5403.362484446612,-1372.9594419684408,-347.89186975973496,1028.1388059291476,123513.84614846596
2024-03-13,0.01235435067817865,12354.350678178651,6874.307839688687,5018.866480710253,-1078.0393874126094,-198.42368331371173,1737.6394285060342,135868.19682664462
2024-03-14,0.014371247030487503,14371.247030487504,8231.316469927633,6928.788304103858,-1076.9722384310776,208.69871433920105,79.41578054788701,150239.44385713214
2024-03-15,0.005668494423255063,5668.494423255063,3129.6336299962322,2583.4237684894797,79.84743962260016,-362.43206084289267,238.02164598964362,155907.9382803872
2024-03-18,-0.00033468217145924604,-334.68217145924604,-1726.3047333133266,77.87451592771524,-88.27520949216135,1364.249740322082,37.77351509644477,155573.25610892795
2024-03-19,-0.011547374003472331,-11547.37400347233,-5357.867171982072,-4284.026948190597,-22.829128517191776,-1925.7981353372631,43.14738055479319,144025.88210545562
2024-03-20,0.005006472734564499,5006.472734564499,2953.198677324016,2995.527065292338,-172.40351898915574,-960.8446122963794,190.9951232336801,149032.35484002013
2024-03-21,0.0012462986576923297,1246.2986576923297,3535.4792540928534,1268.5605938026595,-3808.3448060150336,-664.1029927656516,914.706608577502,150278.65349771245
2024-03-22,0.0037691242496050666,3769.124249605067,569.3663489417785,1435.8336098958591,796.4663955386334,323.0955501582224,644.3623450705733,154047.7777473175
2024-03-25,-0.011721194989589944,-11721.194989589943,-6379.673079415921,-4198.94062600279,1797.8527938155996,-948.9743802889167,-1991.4596976979155,142326.58275772756
2024-03-26,-0.006535447364670883,-6535.447364670883,-3132.956931197525,-3309.3794748570654,1327.096735089918,-301.32931059539345,-1118.8783831108155,135791.13539305667
2024-03-27,-0.0032127751829544183,-3212.775182954418,-2568.861694117148,-435.0167122209269,537.4216953058444,-259.3446438526245,-486.9738280695631,132578.36021010226
2024-03-28,0.01055886329458587,10558.86329458587,5426.653404171395,3132.784738988633,731.934288688652,660.8839864665567,606.6068762706319,143137.22350468813
2024-03-29,0.016560803332043465,16560.803332043466,10503.782091323981,6604.8638660388115,-2143.879448438577,-708.5813795717582,2304.6182026910064,159698.0268367316
2024-04-01,0.016503303283410212,16503.303283410212,7094.593521337052,7729.845251961153,661.6216740035428,219.5122009426888,797.7306351657738,176201.3301201418
2024-04-02,-0.008789016999537231,-8789.01699953723,-7018.913044475073,-2588.529915893234,1883.6636175477236,-537.4242550858824,-527.8134016307649,167412.31312060455
2024-04-03,-0.0065744311386155465,-6574.431138615547,-4085.6109703920038,-2574.532502837083,447.4204212617988,317.0195623431317,-678.7276489913903,160837.881981989
2024-04-04,-0.009104587276207051,-9104.58727620705,-6093.897142667141,-4568.318621573014,2228.3932797506923,99.12456395266626,-769.8893556702546,151733.29470578194
2024-04-05,-0.008217981077393877,-8217.981077393877,-4391.223839831023,-3402.6272483714883,-121.60093811977013,303.98476128390024,-606.5138123554958,143515.31362838807
2024-04-08,0.0073926579000380115,7392.657900038012,2898.3094406137725,3714.0651357194197,557.9596860561533,378.45437145855976,-156.1307338098934,150907.97152842607
2024-04-09,-0.002060925548847229,-2060.925548847229,-11.7016648009852,-740.2189805072308,-491.1186116286771,-335.1722585284711,-482.71403338186497,148847.04597957883
2024-04-10,-0.016574655880776626,-16574.655880776627,-8220.822074362757,-7219.1316014222675,1392.601971588169,-1109.2399790646277,-1418.0641975151434,132272.39009880222
2024-04-11,0.019012169424462388,19012.169424462387,7981.127382106051,7522.20558777268,972.1876637650093,827.7302950605537,1708.9184957580903,151284.55952326462
2024-04-12,-0.008340859271023642,-8340.859271023643,-3040.651867964707,-3215.0171620684896,-3030.5451542758815,168.4291647696712,776.925748515764,142943.70025224096
2024-04-15,-0.004670244248061454,-4670.244248061454,-2323.3444304585337,-2129.579906008305,-620.3925149038092,59.307274389747406,343.76532891944595,138273.45600417952
2024-04-16,-0.012671304000207174,-12671.304000207174,-7319.642290300371,-5050.09308647624,803.4041610177156,-177.5326807591569,-927.4401036891202,125602.15200397234
2024-04-17,-0.0008959124510652078,-895.9124510652077,-790.4502428458488,-748.1034163950849,-160.1440707747429,662.4346764390459,140.35060251142312,124706.23955290714
2024-04-18,4.870844017750814e-05,48.70844017750814,926.4508584969153,-1033.103602943075,-764.4065152314812,678.7366411463397,241.0310587088095,124754.94799308464
2024-04-19,0.008724879086924061,8724.879086924062,2770.032172274381,4546.840751905496,1091.4101342529902,286.03664238147314,30.559386109721796,133479.8270800087
2024-04-22,-0.019838619560182635,-19838.619560182633,-10724.908303434771,-8453.405697944485,1182.6191896746432,-24.14160729873123,-1818.7831411792906,113641.20751982606
2024-04-23,-0.004953349629492812,-4953.349629492812,-1345.6172496345362,-3472.4667714006823,-1183.8993678181414,199.8246423571136,848.8091170034346,108687.85789033325
2024-04-24,0.0005817206300274569,581.720630027457,-409.6066117316184,135.6313872218043,1286.4489243816754,-397.51920884000714,-33.23386100439719,109269.57852036071
2024-04-25,-0.004368471996150611,-4368.471996150612,-3110.058446595066,-1198.086131210057,759.9398951786142,137.4593442239634,-957.7266577480659,104901.1065242101
2024-04-26,0.006879425037727958,6879.425037727958,2969.535910365297,5136.274631580369,-1446.4053846839759,-571.120381669031,791.1402621353001,111780.53156193806
2024-04-29,0.0028277723429022466,2827.7723429022467,3302.906090382429,1764.6903862262984,-4088.6102303209987,414.289438830503,1434.4966577840153,114608.3039048403
2024-04-30,-0.010392563292839824,-10392.563292839824,-7320.379628043994,-6445.701821326609,2975.5966467280214,1353.0403756883734,-955.1188658856158,104215.74061200047
2024-05-01,-0.0010030465195619473,-1003.0465195619473,-739.6722226314231,-453.24701190043254,-41.884499921731816,791.481716443238,-559.7245015515978,103212.69409243853
2024-05-02,-0.004032113111201344,-4032.1131112013436,-3384.3585505136593,-1208.8668355315128,575.1553933510118,883.1316209137652,-897.1747394209475,99180.58098123719
2024-05-03,-0.003122728526031597,-3122.728526031597,-230.06911342306537,-1441.6733614827729,-68.3586752813668,-1055.6468859477025,-326.9804898966896,96057.85245520559
2024-05-06,-0.009545867725725597,-9545.867725725597,-6032.2662326980935,-3672.8730535592213,1880.7908493027733,-1298.2459081207974,-423.2733806502596,86511.98472948
2024-05-07,0.019605021532136706,19605.021532136707,10489.143530963385,8104.784323623312,-2365.539473511604,2194.2512963182257,1182.3818547433902,106117.00626161671
2024-05-08,0.002212705346050122,2212.705346050122,84.44716085021322,311.1332553753848,1682.9518568394196,600.6208474029021,-466.447774417798,108329.71160766683
2024-05-09,-0.009321164685989357,-9321.164685989357,-3994.9743556294156,-3531.6955364785545,-695.2160374349304,-288.64526856373266,-810.6334878827233,99008.54692167748
2024-05-10,-0.011257065575481525,-11257.065575481525,-6274.958731816952,-3089.100323172772,474.41890552396353,-1298.6640440711133,-1068.7613819446526,87751.48134619596
2024-05-13,-0.001423872681361858,-1423.872681361858,287.1605770641668,-2175.4968626182,157.4888271863144,-587.0379630511346,894.0127400569953,86327.6086648341
2024-05-14,0.0026565362253076893,2656.536225307689,2200.634150722286,1138.6043314964415,-1305.896681758493,-191.94039150753116,815.1348163549856,88984.14489014179
2024-05-15,-0.0010735734334111984,-1073.5734334111985,-107.07534005783857,-379.97092560092887,62.31823612375299,-427.35297959907456,-221.49242427710922,87910.5714567306
2024-05-16,-0.013595454040340243,-13595.454040340242,-8760.328243401018,-5380.577501013106,1804.1141106714945,-765.5531639470462,-493.1092426505706,74315.11741639036
2024-05-17,0.0008325651646538268,832.5651646538267,365.4692176480235,-1141.0998420347373,885.3972303760935,587.822356456445,134.976202208002,75147.6825810442
2024-05-20,-0.003536034935517257,-3536.034935517257,-1788.1735395366802,-752.9816404234127,-2.772353396611777,282.20463854928295,-1274.312040709835,71611.64764552694
2024-05-21,-0.0025451160716358943,-2545.1160716358945,-1822.2685445125942,965.2321478422538,-471.97984536820815,-795.4553317857648,-420.6444978115811,69066.53157389104
2024-05-22,-0.012622964842591055,-12622.964842591055,-5102.185770732302,-6940.805979473003,210.1988128331997,64.09372184471094,-854.26562706366,56443.56673129999
2024-05-23,-0.00012655553729029004,-126.55553729029005,-608.4899601811246,-407.46919333784683,1369.249936165863,98.9635232188553,-578.8098431560367,56317.0111940097
2024-05-24,0.0001586686424423699,158.6686424423699,-1180.7270365299623,-110.5258518378584,2004.4957180175618,-177.50067369543015,-377.07351351194103,56475.679836452066
2024-05-27,-0.0009042886984063038,-904.2886984063038,1421.1012561310304,-272.0224389470874,-308.31199857148573,-1000.5933992545885,-744.4621177641724,55571.391138045765
2024-05-28,0.0019612413846346304,1961.2413846346303,1540.3349131474793,654.3569782272207,-25.970394646849563,96.71254075302105,-304.192652846241,57532.6325226804
2024-05-29,-0.0013980539736438268,-1398.0539736438268,-190.0680682502132,-1837.1814914551692,1609.5693453842775,-593.8621712760571,-386.51158804666494,56134.57854903657
2024-05-30,-0.007467668664868119,-7467.668664868119,-4377.540669798444,-2573.6596581125164,313.50205002513496,-608.4036079750214,-221.56677900727303,48666.909884168446
2024-05-31,-0.0013596092145301917,-1359.6092145301916,123.60848504571918,803.4550569539059,-1176.8828801235354,-1331.3574217500925,221.56754534381102,47307.30066963826
2024-06-03,-0.0023451877778075596,-2345.1877778075595,-1339.1546930778711,-167.39589406121587,177.52389507626165,64.21346475279205,-1080.3745504975261,44962.1128918307
2024-06-04,0.014552955797220778,14552.955797220779,7931.435146379878,5855.473873262533,-341.63699713441645,-259.6471809851821,1367.3309556979677,59515.06868905148
2024-06-05,-0.009313187045190623,-9313.187045190623,-5471.94800680393,-3575.0522401485127,432.74952700193046,-221.16890442637407,-477.7674208137347,50201.881643860856
2024-06-06,-0.008197809157381003,-8197.809157381003,-5176.669307125176,-4907.706867096636,1262.4270464155784,1614.1938713656905,-990.053900940458,42004.072486479854
2024-06-07,0.005642857297081321,5642.857297081321,2482.7716952805167,1756.7240095293423,2031.3802157804064,-756.9447712386423,128.9261477296971,47646.92978356117
2024-06-10,-0.015585516527033483,-15585.516527033484,-6827.284940960656,-8672.551744955537,1089.7999100224813,179.33050838771507,-1354.810259527488,32061.41325652769
2024-06-11,0.0033397084557823605,3339.7084557823605,-446.0151781669632,3908.036533015938,121.94850248716163,115.10109744602762,-359.3624989998037,35401.12171231005
2024-06-12,0.0033732175680860257,3373.2175680860255,1239.9768151705332,623.8603633075478,-725.7500357540614,1304.280128294775,930.8502970672312,38774.339280396074
2024-06-13,-0.0008156672320856171,-815.6672320856171,574.3359190767688,-2720.396156658734,-815.2192551477557,2093.2192913127883,52.392969331315435,37958.67204831046
2024-06-14,0.008779021003207054,8779.021003207054,4633.513802625364,5530.293531042318,-247.43494175996418,-559.9362462695361,-577.4151424311264,46737.69305151751
2024-06-17,0.0031589946693116803,3158.9946693116804,2873.485476157609,1085.3931075199441,-310.78937609161835,-777.105401919878,288.0108636456233,49896.68772082919
2024-06-18,-0.00025528381953349676,-255.28381953349677,141.6200305844236,477.00900095882093,-1375.8242990064944,603.0270896265179,-101.11564169676475,49641.40390129569
2024-06-19,-0.011959328702975799,-11959.3287029758,-7032.771733903631,-5541.340642056693,1084.448559347677,-24.792995578582726,-444.87189078457095,37682.07519831989
2024-06-20,-0.002713463244120424,-2713.463244120424,-993.0851142906095,-925.4491983285212,-1238.2872890786648,321.70660151955775,121.65175605781342,34968.61195419947
2024-06-21,-0.005250639213363601,-5250.639213363601,-1764.1164546354828,-3965.1587118773173,1830.608035296638,-478.39569601254624,-873.5763861348926,29717.97274083587
2024-06-24,-0.0022269868621921777,-2226.986862192178,1505.0469465192134,-487.4662430990469,-2229.497735790049,-1862.518644355907,847.4488145336119,27490.985878643693
2024-06-25,-0.002267798267200261,-2267.7982672002613,-2289.782227850552,2259.8784088680995,-538.3069612915383,-1176.6879284662853,-522.899558459985,25223.18761144343
2024-06-26,0.0004949217959753548,494.9217959753548,1021.1655515816542,137.90896653480158,551.6584823336145,-527.0805399764569,-688.7306644982588,25718.109407418786
2024-06-27,-0.018101498694263057,-18101.498694263057,-7552.50190551825,-8840.359846238014,218.16648792017853,-391.4060830621343,-1535.3973473648389,7616.610713155729
2024-06-28,0.009076917556179651,9076.917556179651,5222.3043481860805,5688.273212209944,-1050.8009346757553,-1387.5765459663203,604.7174764257036,16693.52826933538
2024-07-01,-0.007134622608334897,-7134.622608334897,-2519.2498544516584,-2832.8262842585536,-570.1143711394467,-683.4573159165957,-528.9747825686425,9558.905661000483
2024-07-02,-0.0040515860209729354,-4051.5860209729353,-2669.272615025338,-1760.6833832673137,874.1088846181352,-666.220638286915,170.48173098849622,5507.319640027547
2024-07-03,-0.009703097148961613,-9703.097148961613,-4116.261667730579,-5374.960777195816,894.7634348666224,-510.85573078779413,-595.7824081140452,-4195.777508934066
2024-07-04,-0.01728383166429725,-17283.83166429725,-10095.408124622227,-5829.76122981716,2519.9830203981487,-1273.2275994105207,-2605.4177308454873,-21479.609173231314
2024-07-05,0.008596673789702294,8596.673789702294,7023.516797209617,4373.221685508528,-2181.083647264423,-1704.9114700265043,1085.9304242750773,-12882.93538352902
2024-07-08,-0.0034858339918202403,-3485.8339918202405,-956.4223823101619,248.1949211075303,-1510.5478956112602,-1560.5883990349146,293.5297640285659,-16368.76937534926
2024-07-09,0.007443762718991405,7443.762718991405,4228.266299153672,1086.4987510399087,520.6943909295893,495.59015985575417,1112.7131180124807,-8925.006656357855
2024-07-10,-0.004032070371772596,-4032.070371772596,-294.9255183739895,-3685.954140994465,-451.19865017933364,906.8984519743713,-506.89051419917917,-12957.07702813045
2024-07-11,-0.0062793577053841185,-6279.357705384118,-1629.4528694112992,-1490.8520376548042,-3384.916727972957,495.19901850846014,-269.33508885351876,-19236.43473351457
2024-07-12,0.0055757506799797305,5575.75067997973,2124.0888163857558,1509.5389081001092,1235.7454707090233,676.4068130519413,29.97067173290138,-13660.684053534838
2024-07-15,-0.008235391474590199,-8235.391474590198,-3752.763388580977,-1782.6954166996507,-1671.356491164998,-123.99840111469899,-904.5777770298731,-21896.07552812504
2024-07-16,0.00971170350999055,9711.70350999055,5259.5913802178875,4253.6102736504,32.15215420908891,334.4909219328632,-168.14122001969062,-12184.372018134489
2024-07-17,-0.004223593700298755,-4223.593700298755,-3615.062486260422,-1849.2218661769105,831.2979424513062,803.9600840547295,-394.5673743674582,-16407.965718433243
2024-07-18,-0.00920552267899212,-9205.52267899212,-4060.147940951171,-4204.752614431332,640.399981535986,-1753.8363874620097,172.8142823164058,-25613.48839742536
2024-07-19,0.005157595408150252,5157.595408150252,1855.3362927857402,3105.565340462064,-2096.0600475308406,500.78836430887674,1791.9654581244122,-20455.892989275108
2024-07-22,-0.009826322098541838,-9826.322098541837,-5547.689092584734,-3195.08546517343,927.2242282564345,-1333.3208898959144,-677.4508791441932,-30282.215087816945
2024-07-23,0.004940208824593339,4940.208824593338,3501.133460316863,1859.6284576451685,852.6019033590384,-838.7915881153185,-434.36340861241194,-25342.006263223608
2024-07-24,0.0010204003912899248,1020.4003912899248,573.7090614727599,474.6649614818191,-974.6247495541927,437.9862629827513,508.66485490678724,-24321.605871933683
2024-07-25,0.007906902474021791,7906.902474021791,3604.184097922867,2594.2998046069047,194.22371080731762,-92.12930093647998,1606.324161621183,-16414.703397911893
2024-07-26,-0.0034066805856661254,-3406.6805856661254,-3412.6922345123407,271.4691172281244,811.0123523138703,-1232.000941369809,155.53112067402967,-19821.38398357802
2024-07-29,0.003751076296245325,3751.076296245325,528.7858312588278,1572.901529969833,1546.9310450715614,522.1138793015181,-419.65598935641503,-16070.307687332695
2024-07-30,0.006917643843826715,6917.643843826715,4097.996186210851,3142.833416440937,238.8235335312384,-1349.2149430081545,787.2056506518429,-9152.66384350598
2024-07-31,-0.001192888302301311,-1192.888302301311,-2682.060465609127,211.62204186450006,1378.4341465734437,173.5305232783864,-274.4145484085143,-10345.55214580729
2024-08-01,-0.001427008028069514,-1427.008028069514,-4193.451582082216,-988.3352027855572,3304.0839373883728,601.4389269170603,-150.74410750717308,-11772.560173876805
2024-08-02,-0.0052896568874666785,-5289.656887466678,-2390.4224344246422,-2926.0692421343483,312.67459847139486,331.5421953548258,-617.3820047339079,-17062.217061343483
2024-08-05,0.0040493436824980186,4049.3436824980186,2258.6263995476315,2151.8923934223853,-1543.801556816944,169.65823187012032,1012.9682144748255,-13012.873378845465
2024-08-06,0.001057275136691944,1057.275136691944,720.171133879642,2133.2350379887394,-1482.8801570189626,-11.533247465897915,-301.7176306915766,-11955.598242153521
2024-08-07,-0.011151997172455122,-11151.997172455121,-4679.141704578968,-4452.798792672501,-546.9883812662159,-717.051024736068,-756.0172692013687,-23107.595414608644
2024-08-08,0.004192243895178363,4192.243895178362,3516.0488425918143,2255.0990141644925,-2539.4497505302443,555.136009862553,405.4097790897471,-18915.35151943028
2024-08-09,0.0015561650117427018,1556.1650117427018,-246.62579383944063,423.4407170996167,339.60802931979066,838.1532317323714,201.58882743036386,-17359.18650768758
2024-08-12,-0.0027388982587534423,-2738.8982587534424,-3617.5002347278532,214.94794493179023,1049.0341533147755,-279.33216388777277,-106.04795838438244,-20098.08476644102
2024-08-13,0.005413187812831413,5413.187812831413,1047.693972906303,1350.8590495302901,2992.4248244808628,422.45059211530906,-400.24062620135237,-14684.896953609608
2024-08-14,-0.0014051431380239772,-1405.1431380239771,489.62975045234793,1845.196493003439,-1817.9252408111254,-1910.905978201912,-11.138162466726719,-16090.040091633586
2024-08-15,-0.013787026547489527,-13787.026547489526,-6862.476428049005,-5843.979143949917,1603.0478475547284,-671.9321143292648,-2011.6867087160667,-29877.066639123113
2024-08-16,0.000568690690404903,568.690690404903,291.2160792044615,1406.4288549542393,-2048.023891045919,140.3408579562162,778.7287893359048,-29308.37594871821
2024-08-19,0.011718067090487947,11718.067090487948,4007.157429057837,4743.560710287308,2286.940258577446,305.17800607568444,375.23068648967376,-17590.308858230263
2024-08-20,-0.0026011981423821866,-2601.1981423821867,-1749.0414196417073,-1338.2200889252797,2169.9915660730667,-662.0603250594147,-1021.8678748288514,-20191.507000612448
2024-08-21,0.012266802436315134,12266.802436315134,5784.159933319157,5833.721233660476,-1195.591019311858,618.2913698993592,1226.220918748,-7924.7045642973135
2024-08-22,0.015200342254035354,15200.342254035353,6301.153357804149,4933.090113041049,340.09790732049163,2381.100583096627,1244.9002927730369,7275.63768973804
2024-08-23,0.0028444831673280994,2844.483167328099,207.17829633834322,1149.8275226613111,-397.861492908449,1659.514292814398,225.82454842249618,10120.120857066138
2024-08-26,-0.0014125212574370972,-1412.5212574370971,-1146.319944947154,-2025.171812859976,1435.7507208583204,953.6310929583681,-630.4113134466558,8707.59959962904
2024-08-27,0.003720394320154649,3720.394320154649,2421.0956495141754,-213.13439621477187,-316.22047555390526,535.4333795245002,1293.22016288465,12427.99391978369
2024-08-28,-0.009180719137233687,-9180.719137233687,-3237.4389714604954,-4235.5710698566545,-783.8499513096278,-1223.8773762660287,300.0182316591201,3247.274782550003
2024-08-29,0.013893070679645951,13893.07067964595,6504.285039100952,5425.864174944079,582.9387059039753,537.916844496844,842.0659152000998,17140.345462195954
2024-08-30,-0.0048600617707936075,-4860.061770793607,-1398.758000025799,-1498.1488811468357,-1753.8553024986109,-205.5151338424533,-3.784453279907725,12280.283691402346
2024-09-02,0.004946710423710038,4946.710423710038,3130.5150411270783,2528.3490448626926,-660.6750274157326,-629.0959217933147,577.6172869293149,17226.994115112386
2024-09-03,0.003866629170789688,3866.629170789688,3100.5963694278803,808.7894897650106,-495.1064684745934,338.7953597956773,113.55442027571296,21093.623285902075
2024-09-04,-0.005858774390172899,-5858.774390172899,-2468.996480613601,-1576.5651129724365,-1011.9879941110007,-94.55799923928801,-706.6668032365728,15234.848895729176
2024-09-05,0.010289854433706929,10289.854433706929,4463.985510739509,6629.220537891593,-1456.7222860994607,140.33140169262208,513.0392694826659,25524.703329436103
2024-09-06,0.005944780497902778,5944.780497902778,4372.007529950715,1616.29944241522,-211.46471586098323,-355.20237184911053,523.1406132469369,31469.48382733888
2024-09-09,-0.0075239849996659985,-7523.984999665999,-4330.306155618689,-2191.8715216523724,-292.05344222415573,52.69212374016264,-762.446003910943,23945.498827672884
2024-09-10,-0.0006877522771662678,-687.7522771662678,-480.7839615552243,-165.92215260948655,-857.8956659262074,-54.79862380870244,871.6481267333526,23257.746550506617
2024-09-11,-0.0036279180186828946,-3627.9180186828944,-3267.9981004973997,-898.0765315757415,2496.6434854764866,-381.3078007125544,-1577.179071373686,19629.828531823725
2024-09-12,0.0035942203477963277,3594.2203477963276,1268.2357807214116,221.42739575479192,2068.432766577678,561.2351348087687,-525.1107300663231,23224.04887962005
2024-09-13,-0.0073526841851767,-7352.6841851767,-4818.0699462491875,-2198.8154554328667,144.3441886271624,-289.1981280467754,-190.94484407503325,15871.364694443351
2024-09-16,-0.002922386816040213,-2922.386816040213,-2033.8850781094868,-1622.3131223596317,278.88801302093634,464.93504457023516,-10.01167316226625,12948.977878403139
2024-09-17,-0.003064364954937225,-3064.3649549372253,-924.4776712702799,-621.4578896073903,-316.2124785220696,-1227.8082389997705,25.59132346228533,9884.612923465913
2024-09-18,0.011782111997995844,11782.111997995844,7947.205395498884,4880.647326333082,-2261.3134301706405,-612.2267268914786,1827.7994332259939,21666.724921461755
2024-09-19,0.0011760036909826649,1176.003690982665,1883.6389076250482,1226.654749718107,-1444.1164894818048,-109.75406184538579,-380.41941503329974,22842.72861244442
2024-09-20,0.0003513775811499647,351.37758114996467,602.3915808014716,1657.3159700934968,-1541.409234547835,-1506.4529194647664,1139.5321842675978,23194.106193594387
2024-09-23,-0.0031029376651497266,-3102.9376651497264,-2569.3904859192567,-411.6701848981825,331.75042291657553,-289.6602662608772,-163.96715098798578,20091.16852844466
2024-09-24,-0.007852954293517027,-7852.9542935170275,-3712.795198335051,-2664.7280981167723,98.31410211100638,-1180.3665228985835,-393.37857627762736,12238.214234927633
2024-09-25,-0.0021519490911337718,-2151.9490911337716,-1105.892788887248,-1063.2443338639462,-1359.0229380899723,872.8546703219786,503.3562993854156,10086.265143793862
2024-09-26,0.006025859514942434,6025.859514942434,4049.4547135223097,2685.5990942874896,-2796.1841009940085,1140.0336210694718,946.9561870571703,16112.124658736295
2024-09-27,-0.0028524492949218547,-2852.4492949218547,-3144.959143284226,-1839.402681560104,1974.6456031958749,179.86246463226277,-22.595537905662546,13259.67536381444
2024-09-30,0.005039560718559419,5039.560718559419,4548.599741770848,2010.7723824192894,-1651.4356428342367,719.0349827205416,-587.4107455170227,18299.23608237386
2024-10-01,-0.0042474017500309805,-4247.40175003098,-627.7139112929528,-2443.938889130171,-672.611518250843,-270.20679756272483,-232.93063379428858,14051.83433234288
2024-10-02,-0.0019071004885640183,-1907.1004885640184,-2319.4972588729556,-3283.248816832869,3066.558654167554,1995.5112409387855,-1366.424307964533,12144.733843778862
2024-10-03,0.011199604287677984,11199.604287677985,6644.890355474981,4546.463431152388,-884.4987581234993,161.83446120117972,730.9147979729345,23344.338131456847
2024-10-04,0.005532008658286913,5532.0086582869135,4132.1798431458155,3340.6848950369595,-1197.523234651579,-1012.7286654875581,269.39582024327524,28876.34678974376
2024-10-07,-0.013499101678672833,-13499.101678672832,-6893.796485528806,-5268.476756619265,-453.4888879840409,-659.9787721019666,-223.36077643875564,15377.245111070926
2024-10-08,0.010653598852622478,10653.598852622477,5037.058206270659,3817.46994902888,-867.8407351971293,1505.7712944771527,1161.1401380429156,26030.843963693405
2024-10-09,-0.003717615607828905,-3717.615607828905,-1376.7871314813963,-3011.6261813117394,523.4296210822177,778.8610578239465,-631.4929739419332,22313.2283558645
2024-10-10,-0.000577282831998436,-577.282831998436,1223.0515715797364,438.9541998236865,-456.6115477441838,-1862.8231070421593,80.14605138448424,21735.945523866063
2024-10-11,0.006135938487862159,6135.9384878621595,4071.351070113828,2255.265267034608,-622.0289792649833,-421.74560020104377,853.0967301797505,27871.884011728223
2024-10-14,-0.0008298428175727578,-829.8428175727578,-909.3974296519291,-1985.5757072084882,1680.4644799563173,1071.2683991544197,-686.6025598230775,27042.041194155467
2024-10-15,0.004656556129863119,4656.556129863118,2090.710899554665,2340.054061917212,550.896712511606,-1094.6176914387393,769.5121473183754,31698.597324018585
2024-10-16,-0.0012920499724813493,-1292.0499724813494,-2392.735644288072,-2325.2683381024385,3597.8374797160145,860.5767845562816,-1032.4602543631354,30406.547351537236
2024-10-17,-0.017478433687264434,-17478.433687264434,-9262.236365574805,-5194.688605319872,-115.75264007129279,-1390.8272454203714,-1514.9288308780924,12928.113664272802
2024-10-18,0.011559335770167265,11559.335770167265,5948.929525141229,5621.510282261585,-994.827871876571,279.45016285845776,704.2736717825652,24487.449434440066
2024-10-21,0.003463588388947274,3463.5883889472743,586.5454961744734,550.2819386981956,1126.3914626940164,979.4062473293186,220.9632440512703,27951.03782338734
2024-10-22,-0.0028500492798854632,-2850.0492798854634,-1521.8597416936298,-149.19091869561046,203.9373282315602,-915.9152062233246,-467.0207415044588,25100.988543501877
2024-10-23,0.0008114262874790966,811.4262874790966,355.013331894163,1520.7328542369667,-171.07178002768924,-1002.1129926718912,108.86487404754725,25912.414830980975
2024-10-24,0.002813706076632473,2813.706076632473,476.51536823752,620.2445738415452,1095.7140893231494,996.3835726959405,-375.15152746568253,28726.120907613447
2024-10-25,-0.004300327365822469,-4300.327365822469,-2587.8025238055625,-3410.837335764959,1131.3892263736075,1269.1563103234332,-702.2330429489894,24425.79354179098
2024-10-28,0.0006411002645387502,641.1002645387503,-1014.0083718449711,1234.6001252752242,959.3268081186696,340.8949372356351,-879.7132342458075,25066.89380632973
2024-10-29,0.0017202450120571207,1720.2450120571207,2850.6578909735595,910.9948190733086,-1951.5374903486809,-423.94425367061694,334.07404602955006,26787.138818386848
2024-10-30,-0.0026606017093557593,-2660.6017093557593,-930.7187164171652,-2690.166066572153,1157.6757555287315,1156.6237928601843,-1354.016474755357,24126.537109031087
2024-10-31,0.0073678409611493915,7367.840961149392,4109.522783799511,2038.8204578573925,351.4872959902454,309.4073889376116,558.6030345646307,31494.37807018048
2024-11-01,-0.0002605378268742891,-260.5378268742891,-777.4101275691186,1066.6804783744774,-1278.6231743615203,49.91186728002049,678.903129401852,31233.84024330619
2024-11-04,0.008742514237897962,8742.514237897962,3008.6283382697243,5495.4377009289865,-827.1331637627335,509.2105876818904,556.3707747800926,39976.35448120415
2024-11-05,0.009561985062617203,9561.985062617203,5180.305520681211,3961.0204608105882,-1260.6238814451604,1000.9399230627978,680.3430395077662,49538.339543821356
2024-11-06,-0.009512949633585809,-9512.94963358581,-5933.448187382335,-5257.943181457091,1597.5234048946033,1097.4407629564666,-1016.5224325974541,40025.38991023555
2024-11-07,0.007177238501534291,7177.238501534292,5536.427682382906,2381.566654617322,-1546.9843161620709,-117.72118832369654,923.9496690198312,47202.62841176984
2024-11-08,0.0011184626673712331,1118.462667371233,353.19643065082533,1218.5163400184942,-522.5506864855811,-42.868587280795396,112.16917046828968,48321.09107914107
2024-11-11,-0.0074896958175816415,-7489.695817581642,-3888.7375963428294,-3137.283708370119,390.7459905496942,-242.00680636303468,-612.4136970553524,40831.39526155943
2024-11-12,0.0003711842743855673,371.18427438556733,317.82887057622173,-349.316659188589,1483.4946846943033,-521.8873364377522,-558.9352852586167,41202.579535945
2024-11-13,0.017235671570881562,17235.67157088156,11675.847221738934,7527.655330799362,-3561.9582455863156,540.3652665861932,1053.7619973433902,58438.25110682656
2024-11-14,-0.003087355012049236,-3087.355012049236,-988.1504218842434,2185.8766504074165,-1513.5637343037342,-2033.3649527406735,-738.1525535280015,55350.89609477732
2024-11-15,0.009019497644048524,9019.497644048524,3773.110187057339,4435.590071652165,-1067.185977297669,399.60107386572236,1478.3822887709675,64370.39373882585
2024-11-18,0.009278092009901288,9278.092009901287,7506.854940605266,5417.353837524075,-4019.7293413613434,-1010.6447887454791,1384.2573618787676,73648.48574872714
2024-11-19,0.00013985095974370049,139.85095974370049,-1087.5429456292404,-1091.4723434619177,1532.5856238321078,1225.840843746756,-439.560218744005,73788.33670847083
2024-11-20,0.009666306668193353,9666.306668193352,4613.636479417638,4027.73049630035,-568.3396111561171,779.8219277026515,813.4573759288294,83454.64337666419
2024-11-21,0.013000653627807324,13000.653627807324,8642.806943810601,4653.062886832684,-2112.162548627892,61.69661007349446,1755.249735718436,96455.2970044715
2024-11-22,0.008737263462990672,8737.263462990672,5325.434045832973,4049.3649059691465,-2571.496746185868,396.0835389668913,1537.877718407528,105192.56046746217
2024-11-25,-0.01785820121088206,-17858.20121088206,-8155.8063693935055,-6258.003067589496,-755.7470220933495,-1086.7276006490788,-1601.917151156631,87334.35925658011
2024-11-26,0.004490201532923975,4490.201532923975,3398.9117326163396,2766.089943777303,-2095.342502410991,405.98956487576345,14.552794065560645,91824.56078950409
2024-11-27,0.0015133345825617925,1513.3345825617926,1386.477919977963,-53.62363425317324,-761.858191687112,368.2040240249342,574.1344644991805,93337.89537206588
2024-11-28,0.010199992784144749,10199.99278414475,5615.270108935033,4192.211844405524,-470.9555524596832,-117.58674515711222,981.0531284209872,103537.88815621063
2024-11-29,0.0012344124510367338,1234.4124510367337,1845.8414016357492,1280.2920553331267,-2533.271224765083,-158.7481499086134,800.2983687415546,104772.30060724737
2024-12-02,-0.004783735022253786,-4783.735022253786,-2856.7286006613936,-3951.9706013894556,2108.991364590087,756.1058375777532,-840.1330223707765,99988.56558499357
2024-12-03,-0.008260748526238761,-8260.748526238762,-4775.538109219447,-4788.540999638624,2237.3661493956015,374.2804996526867,-1308.3160664289767,91727.81705875481
2024-12-04,0.005482952617364734,5482.952617364735,2140.6947711435555,524.077720796443,1447.5230440180583,1493.8286931878501,-123.1716117811725,97210.76967611954
2024-12-05,-0.011459875124026634,-11459.875124026634,-2640.4150375296135,-5615.648828084008,-1765.4906694815554,-1277.3789923510842,-160.94159658037398,85750.89455209291
2024-12-06,-0.004113220276076528,-4113.220276076528,-1370.18155865371,-2895.888395435649,-307.72889037529853,360.32034110080406,100.2582272873257,81637.67427601639
2024-12-09,-0.015335051561679634,-15335.051561679635,-7978.615179607301,-6292.879149064133,-540.113694896922,152.69686854067646,-676.1404066519542,66302.62271433676
2024-12-10,-0.010069352718760511,-10069.35271876051,-3771.7143505627255,-3942.44279360606,-101.24890993727959,-1845.7026905910777,-408.24397406336965,56233.26999557625
2024-12-11,-0.0034286454066365032,-3428.645406636503,-1145.947094628549,452.2435523189034,-1077.0563480774913,-828.5263299664882,-829.3591862828782,52804.62458893975
2024-12-12,-0.008454617625508799,-8454.6176255088,-4218.0203666758625,-4855.157168744649,1728.4634214389034,-295.3718428693159,-814.5316686578745,44350.00696343095
2024-12-13,-0.0051317861005396115,-5131.786100539612,-1599.2062962195785,-2967.401763269036,-123.72123206292606,449.2571203203434,-890.7139293084135,39218.220862891336
2024-12-16,0.004321110205943041,4321.1102059430405,3398.2737210717905,1439.768884577823,-1213.9327485992364,406.5823695039082,290.4179793887556,43539.33106883438
2024-12-17,-0.002798526474461978,-2798.526474461978,157.81440921063555,-310.6748490065598,99.08348674837202,-1730.660619465598,-1014.0889019488275,40740.8045943724
2024-12-18,0.004920739209024707,4920.739209024707,2587.0614253967206,3406.1302796147797,-1395.0324451699935,-418.4066597584905,740.9866089416902,45661.54380339711
2024-12-19,0.001289191464952352,1289.1914649523521,2911.5139269665574,-549.2331426930733,-1785.5198779498207,-281.07538411693105,993.5059427456197,46950.73526834946
2024-12-20,0.01777113742125872,17771.13742125872,10493.408031630277,7732.187451678127,-3352.4430166622224,200.34083929013045,2697.6441153224105,64721.87268960818
2024-12-23,0.0007496021204716037,749.6021204716036,453.65930811390376,-895.8572649782565,1013.892580786984,806.6147507093043,-628.7072541603319,65471.47481007978
2024-12-24,0.005661470545085874,5661.470545085874,1601.987593644236,2596.1538845948826,1351.4809668545195,223.5102736684611,-111.66217367622443,71132.94535516565
2024-12-25,0.007688437596845408,7688.437596845409,5154.550052741302,2291.8272931647807,-374.42525434127685,-724.321564963026,1340.807070243627,78821.38295201106
2024-12-26,0.00035525505135678066,355.25505135678065,-1083.7911655668784,909.2271489397558,928.1210314691433,-897.2154304847073,498.9134669994671,79176.63800336784
2024-12-27,0.011866112704786269,11866.112704786268,6515.230118996463,6205.254717635326,-1817.791533632561,-327.89777039266676,1291.3171721797075,91042.75070815411
2024-12-30,-0.004596467966836513,-4596.4679668365125,-2955.5836771920194,55.468433623202145,828.4688696766385,-2164.6711958539663,-360.15039709036756,86446.2827413176
2024-12-31,-0.002021726703734948,-2021.7267037349482,-1462.261066632715,-1223.844642929304,-248.44388218560712,483.6836195074166,429.1392685052614,84424.55603758265
