Date,SPY,QQQ,TLT,GLD,HYG
2020-01-01,100.59605698361347,100.56390418387579,100.23810674830361,101.36278972411317,100.13683799840096
2020-01-02,100.31341792765471,101.13201290116822,100.8867712513966,101.08014277291517,100.14373457189592
2020-01-03,99.75557377532472,100.2699421373981,101.15738416810471,99.67497080344512,98.81961720825842
2020-01-06,99.082477994051,98.98653471450368,101.47211272838558,99.08380022474815,97.60945159138996
2020-01-07,100.82511933677516,100.73253383614052,101.03235644772883,98.19467958893442,98.29718049912279
2020-01-08,100.95932473691084,100.2402887726443,101.16259585759894,97.9259107586356,98.14549734289044
2020-01-09,100.23035001778588,100.48218907869335,101.45963278748835,96.97621405652204,98.16499260664813
2020-01-10,98.76196298154285,99.01731335092506,100.62564927449553,95.4032697043166,97.72283131074371
2020-01-13,99.6371518899822,100.05221486322719,100.32964642357582,95.21732046605979,97.4654941219247
2020-01-14,98.77647316923485,98.87169352931424,101.18895023683226,95.67859226490867,95.88161730006355
2020-01-15,99.1606156273249,99.07549875085304,100.63582373064659,96.0067308432441,96.74337187196261
2020-01-16,100.2687713465215,99.80768861920257,100.09571433106996,96.30619946939983,97.93288810670018
2020-01-17,99.69221680144567,99.09002657991199,99.54653349504898,95.13930443222542,98.1914119814275
2020-01-20,101.31469570100265,100.78181659766176,99.73843216600919,95.766851530612,98.62967270511943
2020-01-21,101.75407193059982,102.10142973188358,99.69581491082032,96.82439954712126,97.52044992083852
2020-01-22,102.75765504920147,103.23105126750312,99.25750764060807,96.88908235691545,97.08643710400112
2020-01-23,102.48677943230851,103.14124559056013,100.26038019935315,96.83218978411155,96.27693931500173
2020-01-24,101.86969787085505,102.99272733517735,100.67964898221902,96.42604555849215,96.15143347132597
2020-01-27,101.9883689983206,103.66889265562466,100.26832399161003,95.96893009442356,96.12369130052552
2020-01-28,100.19723096754471,101.88316457730487,100.91145375383648,95.88344842920937,94.97560431645157
2020-01-29,98.49543621779355,99.79068856079782,101.12041399740022,95.11792316057878,93.98977691474191
2020-01-30,98.973002202547,101.3427737943198,101.21737045777941,95.26927454975616,94.2050490159779
2020-01-31,96.6941236299313,98.82346833372169,101.8654408428279,96.87080439262762,92.85929363270432
2020-02-03,97.0440179019299,99.1884699730194,101.02586180450051,97.44560116668549,93.62140587688698
2020-02-04,97.96519692308804,99.70413223396197,101.60006031258388,96.89492863582262,94.20369203648585
2020-02-05,100.54025792389317,101.97520664412674,100.47994459001035,97.09204729336768,95.47870818093054
2020-02-06,98.6694087081427,99.97686482867124,100.31083298285854,97.02780922203354,94.1359804764119
2020-02-07,100.50458204349655,101.54305803415502,99.5723759462769,97.73269163867157,94.59017124272665
2020-02-10,100.77891123140488,102.56882461740557,98.5842313671676,97.4131951204382,95.12850918778682
2020-02-11,101.7244063249272,102.9055485186847,97.45748247006361,97.61758678736702,96.00588274186929
2020-02-12,102.03018116280809,103.43317199093576,96.98875781125162,97.62246878742,96.4366607979861
2020-02-13,101.15555630766642,103.54036927366946,97.60281782624585,96.68668829941112,96.21569637017589
2020-02-14,99.97242270876964,102.687685421524,98.6526900244114,96.23662222648512,95.87111615670555
2020-02-17,100.4676232205354,103.69681218579404,99.7378797612781,96.50970333213189,95.46670311928341
2020-02-18,99.39521441375724,102.04459218632753,99.92008643601665,96.70440766481916,95.02487788000484
2020-02-19,100.38183109052608,103.13906735450247,100.56413382194921,96.94354411632732,96.74447988306508
2020-02-20,101.13549869879253,103.48514992570945,99.64356186371528,97.14199083350799,97.22166473862791
2020-02-21,102.00202825128679,104.70554135231002,99.40293923590859,96.54490700846605,96.9178880177673
2020-02-24,101.45548308222246,104.59537281579883,99.72685361820646,95.60195132908144,96.65996123969433
2020-02-25,101.92459381302683,104.60722226545161,99.64766371647038,95.76864259292394,96.29756650407745
2020-02-26,102.36220178952604,105.41115447250672,100.24075315890384,96.78759943480235,95.67160279423021
2020-02-27,101.2102277577773,104.43575748032433,100.88865945792263,97.16925171108501,96.95950690212089
2020-02-28,101.9035872611214,105.85438733665404,101.3756226299112,97.86322924851912,97.04808116228143
2020-03-02,102.83168749538991,106.44030641282775,100.93631494942863,97.56647478875632,97.63486661572239
2020-03-03,105.68793045203029,108.52306488936487,100.51687934630762,96.88479294438818,98.83402722362555
2020-03-04,107.06899767152609,110.08345064259275,99.50201146217677,96.19833370096687,100.1150430767141
2020-03-05,106.1306021932379,109.17862578740647,99.7722225912372,95.65867360622153,100.74473936966677
2020-03-06,106.93794068420223,108.85689921536927,99.56603316766814,95.4071284601998,101.6059829560341
2020-03-09,105.92093425559203,107.67719418643718,100.12047759535892,96.0828901574518,100.31084144155069
2020-03-10,105.49576605467297,106.93267821642112,99.79012848784119,97.19462393665472,100.4206930013951
2020-03-11,103.89955103064952,105.73460362772916,101.55965215621939,98.29581703264225,98.38322548902543
2020-03-12,103.29581059747497,105.81014312256973,101.34554750297893,98.32444161568722,98.58485740011453
2020-03-13,102.14683418432506,104.51233181796185,99.5940639000618,96.67948711791806,98.31178249278402
2020-03-16,109.02951768077733,108.23016987664371,98.4061103204622,95.35595749208028,100.55775059612562
2020-03-17,100.54388577691175,102.44784878450422,98.94482848236547,96.11267859415268,99.4044882677443
2020-03-18,98.03495511450599,98.83958184851906,97.44015293961414,96.01568956527206,98.54745428316856
2020-03-19,97.43400705079908,96.32158432120875,100.33767058072016,95.21163472639321,94.75741661141387
2020-03-20,107.70479281761163,108.8316939398142,103.26267307508685,95.47088860132196,101.57402222033663
2020-03-23,108.91524406580677,111.7623356833762,102.23708551254293,96.18581109798605,100.96456127080762
2020-03-24,112.99053862070785,113.9912676528495,103.66049247363296,97.00137501934857,101.69527355973271
2020-03-25,118.04864263179793,121.82878799538351,105.81265237643393,97.8773268125189,104.57970973526906
2020-03-26,117.30072436126824,116.63794275043537,104.77328592397458,98.1607373637664,104.23235010468255
2020-03-27,118.67956915346105,114.7570990098754,106.81271490355255,99.23550278749629,102.42034221348901
2020-03-30,118.54496190218171,112.45489491756564,106.30565389218864,99.42090215311808,102.40948263708268
2020-03-31,117.92404922154644,109.91631026776267,104.69997526077096,101.412908595952,103.68678720538304
2020-04-01,125.65587925943203,115.01882354315447,107.6692920596856,102.14299617906273,106.28658591768045
2020-04-02,125.73897872598117,117.94078754932649,107.65809352315574,101.47731109328551,104.19771332459639
2020-04-03,126.73748435404775,121.72874145614298,106.99999682942524,101.88183985428618,105.67539438848203
2020-04-06,125.4870106198236,120.60237058404834,107.45603833289827,101.46151402715478,104.74959090821811
2020-04-07,125.8364416552659,120.00458943116558,106.34203531404076,100.6674598607306,105.01964095503511
2020-04-08,126.30592367612856,121.45659192923802,106.90061000202023,100.70268637527928,105.09893392440412
2020-04-09,124.7864189071723,119.87593675535761,107.04501100052437,100.77733995418289,103.94367025335387
2020-04-10,125.56410760738126,121.68595579659855,106.89709385234775,101.00782202106113,104.74201773314265
2020-04-13,124.95956092130737,121.20673748679755,107.05511707693498,101.0321185792615,104.01080434848203
2020-04-14,124.9963142886694,121.57619216333266,108.04577256296608,102.10099124858596,105.0086246542873
2020-04-15,123.8453268829966,120.95650153468121,108.48741669927861,103.6955415621776,103.98905448290947
2020-04-16,122.59737937056856,119.25048276644388,107.30132704325715,102.6849178903944,103.2965118507563
2020-04-17,122.81863397971576,119.70509400576832,108.52527518067686,103.89710393356171,102.78581374799526
2020-04-20,121.49452922752766,118.64301165981534,107.97339446761083,104.85705031697812,103.03791632268555
2020-04-21,120.81050192779792,116.81084243790454,108.93013235774967,105.18987980673269,103.14983556876925
2020-04-22,118.49901865883979,114.02783424433596,109.44113335063406,105.10647178689089,101.74125144465813
2020-04-23,119.38470392789861,114.2746391078767,109.05851145327287,105.2960162539185,102.48740788901623
2020-04-24,120.40417510627456,114.61687442726097,107.6986342960553,106.04279641024749,103.44775946472393
2020-04-27,119.32272425812765,114.48740807954142,108.13151654963835,106.83393159041475,102.94727179985522
2020-04-28,122.27345293500204,118.6288455268168,107.3773689665412,107.64058734236666,104.85928000142401
2020-04-29,124.28162061102552,120.09196357426728,107.30985039315574,108.88797935080234,104.76473261656804
2020-04-30,122.5169331843548,116.91801163232292,107.39706653353025,109.41424843400955,104.78702010513746
2020-05-01,122.62586756749879,118.07436834682072,106.55605344308303,107.53136595189807,105.02991597007012
2020-05-04,123.19102387404537,118.63727273410902,105.0544092974332,106.93953770337157,104.92350087011222
2020-05-05,124.18099563745395,119.89920015318962,104.24187308480298,106.3176307046454,104.97174580907773
2020-05-06,124.08759300499348,120.43076397412801,103.68362048999083,106.38553685569603,104.80490792443655
2020-05-07,122.90696482921966,119.13017647138429,103.26802074819497,105.59135542833123,103.71154330273771
2020-05-08,125.80470566294491,122.16789420799958,102.18154767237002,105.77105833990521,105.1994581773183
2020-05-11,125.47111747778807,122.23188042812454,102.77235670304468,105.48970696767903,104.57712065189268
2020-05-12,125.05698495211874,120.255026894239,101.74890468191361,106.29065735848849,105.56433082478706
2020-05-13,124.6832605971027,120.249723819866,102.06138302522663,108.7665122334416,106.00981114067926
2020-05-14,124.4918704083801,119.42114401703341,101.02320950289271,108.54220834716502,105.7544876623899
2020-05-15,122.36716211434324,116.80984775435792,100.7563526502979,109.51508891672705,105.40571454530698
2020-05-18,122.35545504043361,117.7463770483719,100.89793505053876,108.72729038721845,106.24932940078008
2020-05-19,123.14671804388435,117.8935529567068,100.54361460510914,108.08683211217883,105.87334632269739
2020-05-20,124.51538674753782,120.53505974309968,99.49199837088102,108.12950820765528,106.44826881651035
2020-05-21,123.78753148088977,119.38701685193284,99.07405918357159,107.92200019196699,105.75294829988282
2020-05-22,124.1892816749151,119.76999065446785,98.83934339982572,107.15324656904109,105.65278614644117
2020-05-25,125.31501959954112,121.26446861820975,98.03308308033543,107.01283615935158,106.81234199918008
2020-05-26,122.80460093326148,119.01857786036112,98.17679864007111,107.08427746960061,105.24633958815768
2020-05-27,120.14482702001716,115.18892016152904,98.6673084741337,107.2285947929021,103.38544841858803
2020-05-28,121.06550998597032,115.08623475043625,98.32871377439928,106.41255963163545,103.47071635846861
2020-05-29,121.13437011775727,114.61317620859408,98.02739800355627,107.17435146406824,103.25612284767114
2020-06-01,122.34914256904592,115.13640534801961,98.02521992938019,108.63828830920677,102.40996298790289
2020-06-02,121.17914915435608,114.31920184080629,98.18180387426426,108.76310002635314,101.54524468249926
2020-06-03,121.30506367561316,114.34905032492392,98.85908318486885,109.31122617813458,101.60280292986702
2020-06-04,120.70551053638911,113.4364990540416,98.69201979722946,109.50515731871529,101.15181508883289
2020-06-05,121.1252396008966,115.1516280203334,99.2612117242514,109.36773155697782,101.8778540162471
2020-06-08,120.5321008729071,113.25866091767904,98.64339041704702,107.64929097844968,101.52250693953037
2020-06-09,120.55874094416777,114.32732440271982,98.93873399428517,107.45114742910972,101.94265445356459
2020-06-10,117.35988067723355,111.2191486621087,100.1165203198315,106.224458636487,100.84391082200288
2020-06-11,117.83659145315215,111.45061887978417,100.3786735848067,108.26616055538709,101.10687555296398
2020-06-12,118.18758506696977,111.52603011029791,99.74144257532912,108.76491204512497,100.96338639292071
2020-06-15,118.28908395596127,111.33654013802472,99.98725900959326,109.20858195728118,101.50270764689431
2020-06-16,117.56513148448471,110.44030588459472,99.5226337868654,108.53921800269649,101.49895770369159
2020-06-17,118.63307707946275,110.95829566845647,99.76804192218198,110.02282407340385,102.13482916887833
2020-06-18,121.30487782698611,113.16941259645277,98.35875939577903,108.45934956132739,104.48193747160428
2020-06-19,122.25741077896457,114.0887154062348,98.32402454218403,107.69195024871256,106.27725351169876
2020-06-22,122.44698974447763,114.34708098735138,98.73451154920176,108.28420052796017,106.38468830920331
2020-06-23,121.28549513400742,113.47867991136471,100.16473718296233,109.77852129723243,106.40645929542825
2020-06-24,120.54145857677274,112.1153154957467,100.18745180094557,109.80307169144503,106.6691472852344
2020-06-25,118.09331271610768,110.61223921827334,100.71614552683992,109.12487968337207,104.84980560290256
2020-06-26,115.74818263869591,108.75418205425224,101.33744754476521,107.85969061994751,102.87410821672371
2020-06-29,115.28178501428734,109.27976660647352,101.38367618146758,106.42586612313151,102.52773440656868
2020-06-30,114.90450429505559,107.27884195011073,101.27048535542194,106.37708061383076,102.70710632438266
2020-07-01,117.45394489769178,110.49676261806691,100.58052850544597,105.53598120654297,105.50192660745408
2020-07-02,117.53741016191977,110.58948724307275,100.5475203208676,105.69150495884125,105.47055321887082
2020-07-03,116.72828920275585,109.44053949935697,100.67533289128481,105.22942819008298,104.63524481302497
2020-07-06,116.87737022353106,109.43745303497425,101.56804101848658,103.56344210706104,105.03762030394115
2020-07-07,118.62504014801434,109.94887411804186,100.82493355071827,103.44224150356283,105.2001165542183
2020-07-08,117.51781771849517,108.17739437099341,102.10316064962824,104.62058645521041,105.05576628910822
2020-07-09,118.53552963139234,108.51276490606459,101.46784635854533,105.01189738865409,104.98468094831522
2020-07-10,119.54971738995435,109.36619487132111,100.9885239203,105.56021579847167,105.83360641048532
2020-07-13,119.03187655262226,109.55341149546834,100.49520396844933,105.64723493805725,106.10404858789144
2020-07-14,118.58972583000156,109.3126664632539,99.83084541732005,105.99301347404884,105.99678015985387
2020-07-15,117.84585087374096,109.2058779502816,99.62134442978898,104.5619528674315,104.82520222180798
2020-07-16,118.70283997399231,109.29104492661774,100.44134659616901,103.53596355741546,105.89733094650953
2020-07-17,119.00342044568517,109.5300921974705,100.02815873882437,103.73069072692797,106.13086123394584
2020-07-20,120.5789808186147,111.15522073613474,99.78099801111462,103.58957114843328,106.89014327350526
2020-07-21,121.02435390166076,110.55287474396121,98.74367235750353,103.95498337261382,107.45267433562582
2020-07-22,120.7571563287317,110.30207880198807,99.01554013788828,103.60568434448902,106.79505332534573
2020-07-23,121.04095292176453,109.98819166220923,99.14712690953623,102.47127198287478,107.43481544482383
2020-07-24,121.72739671720095,110.81220714901127,99.62112355747517,104.0365664220735,108.2332847166114
2020-07-27,119.03837878283558,107.40680219811192,99.73412516838907,103.79143321082506,107.23875922534376
2020-07-28,118.00168237968205,106.5128749550924,99.50471622992991,103.03270903412725,106.00222785433948
2020-07-29,116.69436546444274,104.45635159204166,99.10827176365817,103.58837041166274,104.94616917464118
2020-07-30,120.38057532103687,108.28069142774486,98.43012895974704,103.19960041609573,107.24169094505794
2020-07-31,119.54902796864823,107.55036363238946,100.1836872803537,103.72794905359122,107.02895510832373
2020-08-03,118.54025927127701,106.5556422356845,101.50721707236269,103.63629733593297,107.23178312696437
2020-08-04,119.54702444642066,107.1981376108462,101.64563452468714,104.66482537277919,108.02488763795762
2020-08-05,117.29443613071926,104.60242131261836,101.94698023867599,104.43035817662451,107.23357399872253
2020-08-06,117.54455619517121,104.07542859419611,102.04839504278374,105.11350886377548,107.62587898427363
2020-08-07,119.06903488392658,106.00041473367723,102.04419128651112,105.23478984327548,107.40241705029835
2020-08-10,119.68288560457458,106.70775924380497,102.09138560006474,104.32863199715561,107.03636326073902
2020-08-11,121.19541807420946,108.13204909296878,102.18312445764137,104.63849717878028,107.72720044871058
2020-08-12,122.56000645185972,109.13266325882047,101.91019906712701,104.42869545002242,108.15804419029548
2020-08-13,122.1053008024951,108.83109471082845,101.71964622861505,105.24101763489855,107.5040785326235
2020-08-14,121.83148458263373,108.30656711865399,102.66809817740969,105.79086273450888,107.71019938173924
2020-08-17,119.65962827442303,106.39292535498335,103.73344842194938,105.92558942683861,107.05385345449994
2020-08-18,118.91684575062706,106.50678841104893,105.47494772989042,106.10725214658676,106.01356769344179
2020-08-19,120.9908285228082,109.42363429131616,104.75012611831487,105.67654790620212,107.02705078896872
2020-08-20,119.03883434795279,106.97724632794467,104.48089253386081,104.7234130867191,106.15439526057256
2020-08-21,119.37340213293197,108.2100585626307,103.85321333307627,105.1555357075841,106.40028793830633
2020-08-24,119.30254631729207,108.54178141963988,103.18652169773064,105.10994396773023,106.6610912729166
2020-08-25,120.00755459409218,109.40245254365651,104.62085144273392,105.289874165027,106.29414254202247
2020-08-26,119.11017574515563,108.19094362215478,104.37603648546121,106.03303084675217,106.76618188914067
2020-08-27,118.29439544890288,106.90149925757653,104.81706298733772,105.71662139027373,106.60900132743197
2020-08-28,118.58245132179412,106.29183757688966,105.66276246275304,107.67467484482111,106.15802588736479
2020-08-31,118.0307561054922,105.92777808799245,106.03001714481677,108.23858614082276,106.97349083942933
2020-09-01,117.78013352486948,105.22238137767641,105.12780598526246,107.30290767919695,107.04496796351279
2020-09-02,120.31649270226825,107.35564374299031,104.64686097908131,107.56968466120003,109.03763654172478
2020-09-03,123.96487246358923,110.53703040028726,103.4614914178124,108.57587513218662,111.47072095001572
2020-09-04,126.71199452093856,113.52037188371764,102.66505415587291,109.11168060981468,113.65924517335617
2020-09-07,127.95957372471945,115.0359994620004,103.11267298307108,110.41474030904605,114.98582423081622
2020-09-08,128.9556774129632,115.89168673051698,102.9856254831778,111.53552841850927,114.99256540691556
2020-09-09,129.5261876084406,116.1918830982645,102.85984463148638,112.68033165355035,115.42000332348346
2020-09-10,129.59836459702097,115.39443107627909,103.23742688591027,113.53869752418187,116.66620717154872
2020-09-11,129.11971392611937,115.07574198889074,103.51143539085363,114.90522048703413,116.33253988959432
2020-09-14,129.55204008115973,115.873129249088,103.57884749072066,114.5619028119124,116.64425286501915
2020-09-15,131.22113428304257,116.82282938594268,103.24967156347569,114.18957945982173,118.232935066196
2020-09-16,128.82264252259296,114.17266009029893,103.95233686344145,115.51249512987746,116.87517617618641
2020-09-17,127.96437528072202,114.53466391568018,103.31638096296768,112.9875309313201,116.94907734077384
2020-09-18,127.19343461860606,113.15225149748862,103.87102892769579,113.41361537873811,116.0444034696085
2020-09-21,125.23927885271493,111.82799991681685,104.76515997822496,113.31474573839444,116.03941064789838
2020-09-22,123.63107911936338,109.35067084745597,104.5702510931297,113.06873675946156,115.43927377419536
2020-09-23,123.27318782950003,109.22213538872809,103.8578209121642,113.88525496916617,115.44995505921362
2020-09-24,124.9259792564018,110.99931663639711,103.80904885077855,114.60154027032365,116.5598168106923
2020-09-25,125.88949249840378,112.72770242939802,103.80959484248126,115.2443509256217,117.01160367884233
2020-09-28,128.06504000309755,114.40029316263688,104.45920101721133,115.9417540569092,116.94618820597033
2020-09-29,128.26190836733903,114.1615571160435,104.92018630408101,115.68349479848608,116.59679064114401
2020-09-30,125.35363516627235,111.09985549375743,103.93361052598115,113.42264525968966,115.95797749240771
2020-10-01,126.53567004308574,112.48366317180663,103.07791738005123,113.16052296989267,116.77851750184959
2020-10-02,124.77677661787101,111.73330651428577,104.11080378715441,112.99235296744048,115.68664841823906
2020-10-05,125.08879263881032,110.78147989130736,103.7532731373234,112.50930007909044,115.25381563554988
2020-10-06,124.66684268384007,111.47309721973262,104.37208206743746,112.05339227961855,115.26584998953288
2020-10-07,126.7602813726998,114.04779478413532,104.00934006531692,111.61254428199918,116.81730252928351
2020-10-08,127.35882119076507,115.18597911349462,104.34798933979712,112.65086944728604,116.70461650843507
2020-10-09,129.37220225367983,117.26534363199912,105.27477870607274,112.78765599878393,118.476175185959
2020-10-12,129.6794521005556,117.14512946865074,104.85056709182372,112.44564818241743,118.99523727931287
2020-10-13,130.49306433608166,117.56524835728455,104.62546890836116,114.34280651431983,120.57483224141149
2020-10-14,131.1763108884592,118.25046194944686,104.5622175514185,114.94909378254971,120.2655092238643
2020-10-15,130.77117043219792,116.77584415417057,104.80075284221635,115.71391821512647,119.65630653157417
2020-10-16,133.2411555275606,118.35784721989839,103.24831496864574,115.74351105231955,121.93266692119018
2020-10-19,135.93357718477705,120.62690401125667,103.36479128105623,116.24560338260095,123.0443625846083
2020-10-20,137.37500586058636,122.43157204410187,102.104244477838,117.12210834696795,125.0649379142659
2020-10-21,136.3437657031539,121.71099732965465,102.64382014055298,117.398309992392,124.05168108258677
2020-10-22,135.244905793727,120.64106996877737,103.60830105506322,118.15124133803678,122.99242948498679
2020-10-23,136.49732562680032,119.95461423479506,103.91772887309759,117.24815375087539,123.14288729451117
2020-10-26,134.66334227238463,117.37258152006306,104.95305899162662,117.14874000309715,122.15791035069783
2020-10-27,134.5875204887059,117.60886634816954,105.0491382424377,116.00368077613044,122.74172562888104
2020-10-28,133.79007879767403,115.85645576796311,104.83341911650463,117.24163835885754,122.97747190938433
2020-10-29,133.2303244392492,115.11416732786846,104.71653670053742,118.95958423568685,123.0245845913289
2020-10-30,133.91785949738104,116.40251984194178,104.79577434234545,118.77318116193484,123.22107891343428
2020-11-02,133.80279524860447,116.27139737243655,105.29145672236035,119.03243131542574,123.50179653362775
2020-11-03,133.67319400010723,116.20068465419367,104.01426477791016,119.23486932610842,124.07653503961843
2020-11-04,135.27408038845928,115.84778678296877,104.85579876090787,120.06769692578898,125.24678408869205
2020-11-05,133.5860125726703,114.68562663109985,104.55107280134742,119.02058238277635,125.83262576043745
2020-11-06,133.28034255364122,114.54078255709223,105.1936366330966,119.6871046092944,125.59904167997142
2020-11-09,133.86404808277024,116.58967609414368,105.18852531415604,119.71372187281615,126.66418058952588
2020-11-10,135.63993020252508,119.0091729857113,105.31605438720797,118.91902042398308,128.6218469069035
2020-11-11,133.7740476933606,117.44962785419249,105.22147438776635,118.48193573733003,127.97264550603218
2020-11-12,134.2899187589556,118.2076594725299,106.19833629512357,119.37380759544804,127.76975195053741
2020-11-13,135.84352500902753,120.446973225891,105.1414216096356,119.56102457737829,129.38937284528674
2020-11-16,135.35846010650204,120.89451667941084,105.22965195035412,119.49213527657885,129.04160075574868
2020-11-17,135.38376517718865,120.19158197668189,104.21163113654875,120.57013705041082,128.78541078937005
2020-11-18,133.7731440287416,117.23673477825196,103.9865144508883,119.22477341816851,129.12513909693365
2020-11-19,135.3941809119654,118.31890739890186,105.06953542671076,120.94816534709037,129.35604126565744
2020-11-20,131.3333210375815,115.99722170250293,105.13456679684539,118.56800987290677,128.07880903280528
2020-11-23,135.17837046998912,120.52335418680178,104.7838212967307,119.44197899503384,130.764973669637
2020-11-24,136.40945923083464,121.88742031997741,104.61914670580259,119.48350708469613,130.90883821863378
2020-11-25,135.950018405375,120.31457200901052,104.54007687476161,118.6607813348198,129.86343856843646
2020-11-26,136.24349776329902,121.51227399870052,105.16648970504123,117.45571270742421,129.1250481920162
2020-11-27,137.78158525025643,122.32960991109105,104.64511117865823,118.05153575584426,129.35253485098178
2020-11-30,137.9558109016565,121.60023543684734,104.13407314476939,118.26509690035172,128.45837862817987
2020-12-01,138.68500349754075,122.27700943050908,104.34629517597054,118.6803617096512,129.68968088299806
2020-12-02,138.8934046245932,122.18613374216018,104.35732126614128,119.24677045955133,129.81834611863928
2020-12-03,138.96105964288253,121.77938746132988,103.86908674540878,117.8485475505604,131.19064507973616
2020-12-04,136.88687700399296,119.36537533899651,103.7680971562261,118.33597159515111,129.99892103773163
2020-12-07,138.9364711916105,120.84259003243116,103.49792879105442,117.86882325024031,132.5641260861929
2020-12-08,136.95646238921816,119.19957482027374,104.31268592481524,118.26653483970702,131.20015254782032
2020-12-09,136.74310498385358,119.0289163920912,104.26271472223358,119.0600558634068,132.69275335967708
2020-12-10,135.82830709163406,117.27961895742551,104.30181336838622,121.37573196520894,131.65173873139128
2020-12-11,138.49996862134103,120.83520028853269,103.51030603465496,121.78880562598779,134.4625288522032
2020-12-14,137.86985845857805,120.1101671391825,103.24652231556637,120.65348247632967,133.74086403169076
2020-12-15,135.84492480249483,118.23917028600968,103.15211559558752,120.48608846864698,131.6401044433302
2020-12-16,136.3843056056605,119.28383601348087,101.8172871237492,120.19324946283811,133.25395471499345
2020-12-17,134.40459300126463,118.52006032654305,102.5741005017391,119.42032105061283,131.99217960424144
2020-12-18,135.30509341853423,119.42179429100786,102.74225723292105,118.81623465939795,132.49994526779724
2020-12-21,133.00970015368387,117.17440459449699,102.61504941262851,117.73601818461601,132.24831747121297
2020-12-22,134.75155813666296,119.21304333412088,101.60288681533665,117.21036310585065,134.3591036508049
2020-12-23,134.9807170357905,120.94772942577268,101.94926415165202,117.34301853439233,134.20393020104896
2020-12-24,135.19702240076393,121.05457787452616,102.34608622623065,118.42152607884799,133.62288847814875
2020-12-25,133.0372776234505,117.75931770345403,102.98460794999362,117.57664584314962,130.6801971658851
2020-12-28,133.65762289972474,119.95948855784238,103.01057331096379,118.17659856104454,131.12784541832724
2020-12-29,133.49901462802586,120.41163296720552,102.91411910603702,118.248422191575,131.3370272804039
2020-12-30,132.428741621101,120.03091420063257,103.08067390985218,117.37692002272269,131.13248436868324
2020-12-31,131.0009458105158,118.66044423846249,103.36832595654812,118.22736273255212,130.66180914225038
2021-01-01,130.9616031473193,119.15461984244928,104.32187821746261,119.0747046638184,130.36809177982454
2021-01-04,128.90000103465547,116.44497502833211,104.48738247889693,118.3669979065201,129.08233558462223
2021-01-05,128.98762713918967,116.86836889260437,104.45651704605412,118.74556113404482,129.20520052228136
2021-01-06,125.92989820054821,113.2924295621113,104.95329449781168,117.46844411987823,127.83452363314498
2021-01-07,128.24310575839758,116.28371708123186,104.38552742717609,118.80290616744217,129.38819028584138
2021-01-08,127.7243583362724,115.38748126046833,104.2610439941968,118.37282936817819,129.25324803396342
2021-01-11,127.97046884061353,115.62805330704946,104.49193121131127,119.57914494742256,129.98973257180785
2021-01-12,125.69019177017742,111.79631468699343,105.42603753252506,118.65398658496969,128.239517670095
2021-01-13,123.92533100251921,109.00607266177462,106.054413746914,119.49164643495693,126.67515087960999
2021-01-14,120.0721817181722,105.04154470010252,107.14335147854337,118.02715226285045,124.38794172069187
2021-01-15,120.05012227426847,105.35470492875507,107.26592317459225,117.15683991465009,125.14152705705919
2021-01-18,119.82174433875679,105.12380144459625,106.69487540938891,116.47501332164431,124.58631393933256
2021-01-19,119.5730719558383,105.87694561877343,105.95321606922772,114.51791365797361,125.6853123856329
2021-01-20,119.27271825451662,105.20280641583311,106.66553616241518,114.32293368904432,126.51277318391926
2021-01-21,120.24301499191297,105.83976575856973,107.8378139795432,114.53551008983698,127.16695533396008
2021-01-22,120.6748690987064,107.00372342334393,108.86905474169342,114.95532016168949,126.60626250383564
2021-01-25,121.34095403636516,107.23976442038281,110.03026183712082,115.75702998344453,126.35135565577369
2021-01-26,121.60986545042964,106.70219217817207,109.21110436929837,116.63284220367676,126.2761831133715
2021-01-27,120.08208900551931,105.5775855873184,110.41250068220407,117.45544776297541,125.80020539027163
2021-01-28,118.99155858330485,103.72482643631125,111.61171628288633,117.63491691539095,124.64143392872336
2021-01-29,120.88808527578287,105.81582507469727,111.49902601064858,119.7909081634648,125.31812866328205
2021-02-01,122.23406307409222,107.11348725696894,111.3633326605392,121.34861052323835,126.44858389943212
2021-02-02,123.02364047664129,108.48646235762187,110.99417056510865,120.45447993794616,126.2820575415964
2021-02-03,120.12074032343807,106.9628179081796,111.05842915422318,119.5376393635863,124.58606826267706
2021-02-04,120.56385136489263,107.86507406287377,111.60046001433743,119.2492909525968,124.56559409305261
2021-02-05,120.97267849068507,108.11047758112515,112.60030704060982,120.22370936304793,124.98923914392243
2021-02-08,121.93496476178906,109.72960431291361,112.57224574819898,119.09772799839682,125.7907438211829
2021-02-09,120.98188660308679,108.49076575487126,113.1777610021064,120.34543262807087,125.12745489814552
2021-02-10,121.43024500920126,109.93560012324464,113.35417762932998,122.67668167565027,125.78583405151795
2021-02-11,118.86452677023283,107.89682830538783,114.30355420485098,123.71740762379615,124.63664829850262
2021-02-12,118.66703671005597,106.97961220909009,114.1197759751968,122.94001929151818,124.14513616558631
2021-02-15,119.50517497154549,108.77081647833442,114.30414348570908,121.90145390680098,124.86872865496292
2021-02-16,121.22121883380208,110.08333455265718,113.73565213217587,122.05977261246863,125.41213036255161
2021-02-17,122.16424296584196,110.92946002774033,113.79191097864751,121.4614135515632,125.58665113038883
2021-02-18,123.22323302638199,111.7346514625649,114.72985500726396,121.73952442375521,126.0162378216508
2021-02-19,124.60223531511197,112.2072219896857,113.03711944840349,120.02029937700765,128.02294728326487
2021-02-22,123.77708221245133,112.98465430527817,113.01240132126895,119.7612801827594,128.72961655222488
2021-02-23,126.75678210457315,117.18199486904663,113.28936162419461,121.12468808647532,130.73438711450441
2021-02-24,127.94073264853718,118.0023875902796,112.39697121832879,121.00314069262757,131.49749774775503
2021-02-25,127.2448967042836,117.76442410314982,113.27300692736277,121.2705612976631,131.9306652435509
2021-02-26,125.50160734352774,115.9075691235287,113.1618760788214,119.23401238107549,130.93375946375266
2021-03-01,125.31825324762167,116.68831954723717,113.75340210694543,118.38178779961548,131.9912450677388
2021-03-02,127.15446696617838,118.89615600538555,113.19579804491933,117.5577507141551,132.89369595879367
2021-03-03,128.81573797096215,121.79288700024615,114.02398253856522,117.57032144238077,132.78094880932065
2021-03-04,129.03351836135207,120.83211661392225,114.08018728802875,117.68102780825178,132.49370606198488
2021-03-05,126.56427659121915,118.6907630534874,114.31073636967773,116.27184475532981,129.0555099744374
2021-03-08,126.52248774258064,119.8028597944866,115.62515575267078,116.2301615617707,128.2699962108377
2021-03-09,127.2342135634001,119.86992714363764,115.6014191617853,117.11127005022239,129.48413186831377
2021-03-10,127.08129726152694,119.58133870554812,114.99212045024814,116.1283456676499,129.40318293950895
2021-03-11,127.641520683631,120.7465842266317,114.34822270168358,117.16853960577419,129.7472291663581
2021-03-12,127.60879243630865,120.21831135187735,112.57934874362385,117.28001138684468,130.76110222839253
2021-03-15,127.17799399819371,119.82688889149809,113.04507239243637,116.02122554250222,129.99464095000377
2021-03-16,128.39014986208878,120.22807199269019,112.88260227767137,115.10499753740558,130.95289685440005
2021-03-17,128.33523767904703,119.10741896318267,113.60257113719081,114.920690593037,130.07728221318987
2021-03-18,128.64411882621977,120.16577654027616,112.89206295951331,114.6191195829149,130.78400859492274
2021-03-19,129.7140863474183,121.35485412751137,112.39989332189677,113.86473401283892,131.54584025568565
2021-03-22,128.04522795889267,117.733845795002,112.88538290638374,114.85190663907197,128.78081212975167
2021-03-23,126.49373357975253,116.60264480933603,114.73192000048138,115.3114712608748,126.93903134638444
2021-03-24,126.21611053542692,117.20758448163097,114.43270967048215,114.31310132359008,126.57441351405055
2021-03-25,124.77220538746812,115.84729693330694,115.94157738712654,114.9461992424297,125.2290363227418
2021-03-26,124.33528616051403,114.41825870813574,116.57511846397423,115.21485606097548,124.65989486376033
2021-03-29,129.09947747878556,119.31152030036299,114.87845693748979,114.95919679955713,128.37291417111302
2021-03-30,129.27495528855638,118.5440247568335,115.39413273754437,114.764946046166,129.56006307825098
2021-03-31,130.95043327341344,119.90213952654001,115.88989109821199,115.3457119474091,130.86812841947713
2021-04-01,131.71214494277208,120.09392548424178,115.18935918462458,116.16387592717024,131.2246432082024
2021-04-02,131.0741600840146,118.84019134975104,115.57258890283532,118.10991485090496,130.03577254326373
2021-04-05,131.11225462330748,119.79811446252444,115.60562040324301,118.38631951320026,129.34727870484005
2021-04-06,131.7861303335402,120.33597943504817,116.14550286754567,119.79844128621373,131.3554574934309
2021-04-07,132.7027816884694,121.44948111398588,116.09688314134183,119.58224378175389,132.08482416494036
2021-04-08,132.23237462238765,121.09965209314208,117.16850667348355,119.03075258290039,132.32575284114887
2021-04-09,134.32235765845098,123.07558872800068,115.12719513724117,118.00889154578196,134.9171602102872
2021-04-12,134.2854973539342,122.36451100780332,114.70406403711732,118.67335462717872,135.4106944881767
2021-04-13,133.90047596468432,121.74165624737508,114.48526594957293,117.73425426744448,136.43004167279008
2021-04-14,133.38256959379763,122.04928367242162,115.76973608129191,118.94345275634288,135.49533876800882
2021-04-15,134.02877627625483,122.66774226601258,114.96988935998975,119.00923817941636,135.22106151257006
2021-04-16,135.9389748567832,124.23151332376636,114.65121625217458,119.49271805929355,136.11722760076853
2021-04-19,136.89602950391176,124.84656959491134,115.02777815050213,118.65141902954642,136.55162355049657
2021-04-20,140.08120968144465,127.27917136397163,113.77032004751402,119.20028911009825,138.69363502399972
2021-04-21,140.67060994292822,128.1956088289564,114.12773950938933,120.3879941904081,139.22314937105142
2021-04-22,140.26335560578514,128.27033624725698,115.61011780319006,120.7679855268311,137.83104965357623
2021-04-23,142.12674980099104,130.01464411720582,113.63573264785917,121.01031450656575,139.00231372944833
2021-04-26,141.97234338703853,130.0998635070603,113.82573165088408,121.6773350454992,138.56008694395987
2021-04-27,142.84650537790895,130.77439320214853,114.1470286897157,122.5458833522532,138.2038509525792
2021-04-28,144.70805038029107,132.2190180197456,114.29326492221135,123.30236147021981,140.4497752965039
2021-04-29,144.3200024606669,131.5850419533946,114.33566392845904,123.01606999230333,140.83157752862363
2021-04-30,141.52081104882566,128.08494754859058,114.08504368863792,123.45094213871504,140.7851452545024
2021-05-03,141.34343019137557,127.79398893734897,114.1606060544512,124.54967065595623,139.98180355202666
2021-05-04,141.74773286742715,128.87013732108804,114.4984038189,124.8376862648399,140.86949375122836
2021-05-05,137.14960828006724,124.86250454030292,115.05457012944301,122.54000285071432,138.7051959179337
2021-05-06,139.41036905662324,126.97749577919825,115.22921647337591,124.48962823409057,140.8409957359361
2021-05-07,142.1539057799765,130.17665449537802,114.7399651414347,123.15552926249202,142.23474679227064
2021-05-10,140.71545621525811,130.31342279449936,115.07044798255386,122.94904927310502,141.8755572342293
2021-05-11,140.7890826728589,131.59858709024454,114.72732040928378,122.810980008712,141.510389812766
2021-05-12,138.55894557131148,128.91942679578565,115.13530601070188,122.29485160721669,139.66637968080636
2021-05-13,136.22065119245278,126.5254758932239,114.5616574498963,122.36856656206766,138.70231665824198
2021-05-14,133.838067819609,123.93551846789546,114.53002382698789,122.28133392010972,138.45782364196089
2021-05-17,130.82643429761808,121.02042001371574,115.1004242921013,122.61901450398717,136.84320880087233
2021-05-18,129.64590470114743,119.63643432428223,114.78071796409093,123.29819528204753,136.32929542498235
2021-05-19,132.60368373871353,122.52619243601488,113.58320666850234,121.90665324690906,136.95164699194166
2021-05-20,130.0829365996884,120.20579321649116,114.52791757910519,120.41132283152788,135.9510603475434
2021-05-21,129.3288805977694,119.5547112701139,115.86118644618924,121.64538602503654,134.9560384413245
2021-05-24,127.94579788284466,116.77084881620277,115.5166402566915,121.28997204640505,133.5302418707684
2021-05-25,127.74427255425698,116.62267659969538,115.4081883506527,120.60839263614784,133.56643856380342
2021-05-26,128.4217371957538,116.58877808799923,116.18419592396896,121.0819309130656,133.68022784844413
2021-05-27,129.51313871425413,117.80146755869801,116.63043809197163,121.69921948354181,133.70415620049346
2021-05-28,130.07497218872265,117.61071202285834,116.49539552765779,121.83086425241119,133.86093012510517
2021-05-31,129.87433803001514,116.20161810558542,116.0117227981643,121.8740584322221,133.96194696226902
2021-06-01,128.27271448636318,115.47051263381304,115.85125303490764,122.27795840772777,133.5178608194603
2021-06-02,127.27799451185658,115.63418853935077,115.35162561478494,122.54197341954945,133.91919539533924
2021-06-03,126.25373216837181,115.51886306162432,115.51338981462098,122.5452379098164,133.54616997334696
2021-06-04,126.05024840988987,115.83294642951924,116.18940277002514,121.10558815679859,134.16414240645003
2021-06-07,123.53555807303368,114.00887134369609,117.68520537512896,120.18805888830451,132.04547261975534
2021-06-08,121.89643195360927,112.25077279241795,117.85419877862844,120.68612397272831,132.03126177186414
2021-06-09,123.9379784736578,113.92239692126816,117.14241914252214,119.30157394788812,132.76259326432586
2021-06-10,125.37295960485505,116.34800536875159,116.00170324017947,118.38998789666246,133.9092280731323
2021-06-11,125.79445520862554,116.25100568365178,116.14835228948715,118.18721143186958,134.05618676101122
2021-06-14,126.61908956102567,117.07306062611889,115.6335911050601,118.0211921294549,134.599027743849
2021-06-15,126.05688404425112,116.34887956370055,116.90030768461554,118.97172691443299,133.6952129685962
2021-06-16,127.1111548508936,117.18021010002555,117.47319247519738,119.75863413412402,134.02256968023033
2021-06-17,127.79407263672604,116.84594431174533,116.37192975237586,118.51294993290608,134.75863945487944
2021-06-18,130.450934408987,120.88386182862483,116.35648696882186,119.18244471503779,134.97501743908745
2021-06-21,129.60142675793207,119.51641205698121,116.05027617641338,118.84127165732812,134.24369782354856
2021-06-22,126.52318580505519,116.95999127050347,116.05198946970796,118.45152495159238,134.12250336038528
2021-06-23,125.12730419496407,113.9511955645283,116.00325714911656,119.42594873416803,134.73600467264853
2021-06-24,123.28110148142997,112.45714940155631,116.151708870032,119.01281117532862,135.59779426037534
2021-06-25,121.05764743048843,110.43674149055529,117.05749013880737,119.93267309776357,134.15739765128768
2021-06-28,121.50514991371313,110.63760066156033,117.11206396101032,119.76998548889964,134.83005843180956
2021-06-29,120.96623520222548,110.33982119866728,117.25391144665363,120.70263475347363,134.4717851997737
2021-06-30,118.39251045138192,108.58401944677267,117.33789386149473,119.53428301667053,132.56069525981118
2021-07-01,120.34518856710797,109.23385392979664,118.96836398348418,121.7453977438353,133.33002791838905
2021-07-02,120.26591382084352,109.32776879018861,119.39528875255144,122.46716715212409,133.57925005459742
2021-07-05,120.39519585074581,109.3355345030864,119.23491895250574,122.26676706209875,134.50789168151536
2021-07-06,121.25273238467618,108.40744184663845,119.28564896968183,122.94082971622453,134.89387686737828
2021-07-07,120.68742529644945,108.53359863268825,120.21627203131014,122.3905561726601,134.6104311899311
2021-07-08,119.28022430168453,106.35373317411145,120.0147551781487,122.97938250044247,134.5253976728887
2021-07-09,120.01463562962608,107.47970409527552,120.25905499432751,122.55304684649582,135.20529763201483
2021-07-12,121.16736591992228,109.03256692262586,120.90048688532295,123.60939539556082,135.97970139777638
2021-07-13,122.72337334610684,110.51955489246059,119.8276425978774,123.31172422223429,136.64555367429145
2021-07-14,121.7290514799285,109.47080726530751,119.48120931352193,122.71098720994196,134.77064322594353
2021-07-15,122.04061996815024,109.77227204906855,118.79362253429035,123.08971144320304,135.8434095056986
2021-07-16,119.68636873834816,107.04000365879303,118.77168282076241,121.85064450172804,135.06459355916562
2021-07-19,119.40798857775266,106.61742730220627,117.34435876484768,121.81199627583314,134.42446335358102
2021-07-20,119.49386579571598,106.86199274100274,118.33535227899148,121.0204937661396,131.9754940344587
2021-07-21,119.7574925096448,108.17074541105531,119.30836936907045,121.47589959388658,131.54843396163085
2021-07-22,120.91740024949868,108.71744362953406,119.28809679482941,122.25038397559378,132.9463857319449
2021-07-23,124.92169125922939,112.81582507133456,117.90182452016383,122.36380880267018,134.36515571897382
2021-07-26,123.8802743879217,111.55301218160727,117.74608985515111,122.29112956207521,133.2272528846802
2021-07-27,125.54675742790688,113.16383891917725,117.32350101696245,122.11895217652655,134.38353374915377
2021-07-28,126.78981836816786,113.8280479760602,116.4764017875098,121.79999208930879,134.31755191326965
2021-07-29,125.54333570539846,112.3295020570475,117.3769503842469,122.2492719234619,133.49665400708554
2021-07-30,126.82523052758438,113.47591745359185,117.33769706162147,122.38547805525195,134.3981267373095
2021-08-02,125.93832851446196,111.10570368860915,117.28128522305386,123.76730808622169,134.5556824031858
2021-08-03,127.39729506119973,113.24079890138982,117.07736323786267,123.99805675190943,135.0126827631981
2021-08-04,126.91409313839837,113.16239435502395,118.11463311143578,124.16049995202832,134.12485082715
2021-08-05,126.91489720343236,113.53645667624588,117.09651991154925,121.5219371862529,134.00427506148796
2021-08-06,125.0557780988342,111.43479823877993,117.40298857622697,120.95915585094129,133.92604779455903
2021-08-09,125.54611394815896,112.08748660810342,117.75805838205461,120.13103518559727,134.83157761388324
2021-08-10,125.43197100715197,112.39045765792126,117.04881536274911,118.34631777493037,135.565819106514
2021-08-11,125.99853647232334,112.37907551541646,116.21259483554137,119.19471895512244,135.25793860167744
2021-08-12,128.48222912847837,114.20142027172584,116.00928107100981,119.34764606596515,137.10572329998442
2021-08-13,127.64332136977859,113.29906805643031,116.22618177714234,118.41216862579654,137.10167048729218
2021-08-16,126.85722195942104,112.40802914598784,115.6789102971055,115.79634139116344,136.63923467897183
2021-08-17,130.5299142399283,116.38496880839115,114.84103597927009,115.77409219368162,138.97547382441024
2021-08-18,131.38689917412245,116.45106884999268,115.35694837896573,116.8672076584238,139.80130625748316
2021-08-19,132.07821878634596,117.12126819421285,115.68191006230751,117.63267248481135,139.8236393273032
2021-08-20,131.169095180863,116.32143301019144,117.01296179718297,116.92711877413218,137.78224252959538
2021-08-23,131.42843354645777,116.6007595267637,117.08204323141736,117.20718197414399,137.74191621504602
2021-08-24,133.7781585616611,117.81404987858433,115.81523254715418,117.15507495398842,138.13213268318782
2021-08-25,133.49585282086252,118.62122274215051,116.01129028573816,117.22350632801195,137.0348989222922
2021-08-26,132.50847251911736,117.43532084798412,115.98077772432065,118.2147070541261,136.94451879691437
2021-08-27,130.741141365402,115.91300185032682,116.76371066150051,119.23070498257013,136.9553947225535
2021-08-30,129.1485664866064,113.88180355911442,116.16599129661074,118.58625875845496,136.59187403830686
2021-08-31,130.67872053612913,115.28256524973568,115.56817781012509,118.74345173371941,136.9960466104481
2021-09-01,133.9554194960704,117.36828653332879,114.82750805816242,120.95864940157315,138.9936712450986
2021-09-02,133.64993839221935,116.85081507483316,114.74244686919872,122.1543598681074,137.21269184561368
2021-09-03,136.10925822870104,118.24573065032517,113.89862463344545,121.96635547240899,139.16597980132465
2021-09-06,133.4990239875956,116.11163568687468,115.93846558705876,121.12050710511511,137.27085789952343
2021-09-07,132.4385362919992,115.39295711640769,116.2240223238562,120.43435255917225,136.9816653802488
2021-09-08,135.30611896345593,117.95382014566313,116.07042572246675,119.7074979703545,137.82634770866318
2021-09-09,136.07315248386354,119.63203469848649,116.25911843213277,119.47789501641222,138.2093744257967
2021-09-10,134.03138941684597,118.10213687823877,117.39792776258395,119.15070735081005,136.4452830942822
2021-09-13,134.45902175927748,118.22358046077974,117.2201666591263,121.07085141222531,136.56674905984036
2021-09-14,133.88083696370333,117.25788409370026,117.84912657679969,121.14087317646461,135.57262407782235
2021-09-15,136.00360444039404,120.16676546173828,117.01998234393642,119.3072901685706,137.6760054619669
2021-09-16,134.8862589522649,119.6284204513265,115.89418489069085,119.3755396480436,136.57510713296443
2021-09-17,136.0690994106341,120.7637606910912,114.94057266837989,118.80586747850236,137.98462220330293
2021-09-20,136.24200696504974,121.31571279049061,116.35641266451269,117.97365132527975,138.8265603181768
2021-09-21,136.41261891345232,120.88050539770366,115.2916061513164,117.48728496482069,139.90640364947907
2021-09-22,136.20382719884262,121.68419858200829,114.40279715231199,116.92126381286359,139.17549679635616
2021-09-23,136.79816384810312,122.84625870107153,114.03388398453708,114.48857450100087,139.73432919973828
2021-09-24,137.515104231609,123.8098033388453,114.78176076521909,113.94519788333419,140.38007411322116
2021-09-27,139.48295777011364,124.50321759751033,114.4548940091658,113.8623444485897,141.39806625522263
2021-09-28,140.0648971013661,124.72791099939671,113.81451110120626,113.76954769439762,141.06517850054277
2021-09-29,138.23986528199754,123.44847658609335,113.43727702552479,113.84158694143393,140.62116916348774
2021-09-30,135.37696180570822,120.24547117401498,114.8500405369384,113.20616682776958,138.27083042659237
2021-10-01,136.12759060448033,121.47795070173272,114.55777640696148,112.62181992460786,139.83149097696997
2021-10-04,138.96813726290878,124.85113608310303,114.0591882865969,112.08262691959945,140.8856757374885
2021-10-05,139.8394910057373,125.97800159769179,114.89505893463337,113.05376232830852,139.9564969044319
2021-10-06,141.60473683886215,126.99500554595188,114.17022562915464,113.34051904903338,142.5801467595354
2021-10-07,146.88928722342337,132.5046525801396,112.96372247947195,114.0383573246008,146.43240162823577
2021-10-08,146.32405555597867,133.26256183747546,113.36267598081892,114.36844407084237,146.59826062883437
2021-10-11,147.06431470757715,134.59960939047443,112.8345353576882,113.69767416656266,146.30455214396184
2021-10-12,147.83993407510877,135.93681465949362,113.05306091836269,115.25084092337967,146.68151051242975
2021-10-13,149.02633474242168,136.293429382887,112.46768515071435,115.89170003866694,148.13804530463898
2021-10-14,148.50062894147194,135.72383881416596,111.5048337367815,115.10916942480335,148.89950665345808
2021-10-15,149.52564862141733,137.1022123678676,111.37123051596657,115.15754802674746,148.96272801913364
2021-10-18,150.7795618950877,138.65293825623027,111.49546461176392,114.89332637262027,147.83829599112343
2021-10-19,152.7647003576105,140.24800363631505,110.47921812928124,115.39588594396379,148.87986105810378
2021-10-20,154.70775072689463,142.6374655421324,110.62160452030243,114.48563214709434,150.77500506742922
2021-10-21,155.1927605116554,142.8284194489328,110.60444939302354,113.05611446067923,151.31098825685808
2021-10-22,153.27574844029354,139.87469724311833,109.82463538709327,113.5483602642756,150.08678974597527
2021-10-25,156.09674759198637,142.22662689762956,108.09169339715596,112.31209273940945,153.09082951075587
2021-10-26,155.8047252096092,141.51316941942056,108.21639834733567,112.8017998993325,153.8117213952478
2021-10-27,158.51292150336678,143.87398706133985,106.8061837321624,112.25590078263306,155.90982849649762
2021-10-28,156.67970258714368,141.33245808817577,107.29679947906816,112.27524701485794,154.78678835711233
2021-10-29,155.25361270568916,139.77305288804342,106.92116465920869,112.69733775644242,155.07394841899796
2021-11-01,151.81408468153887,135.73654789200415,106.48708309049826,111.58673985044825,153.34819176456782
2021-11-02,149.17316593584087,132.51558158507183,106.24858507647377,111.38576126497288,152.090042554479
2021-11-03,147.8811994261676,131.4122848344236,106.14016987383275,110.91544396005946,152.8226141111725
2021-11-04,150.25994728364142,132.74408551421348,106.15615913692835,112.0554876985705,153.1145811306799
2021-11-05,151.73630111069298,135.26413488871432,105.24010864738776,110.9473014225683,155.10741194118464
2021-11-08,152.23064944149598,136.1464264650525,105.40835660829471,111.3590014204332,154.22060124242617
2021-11-09,154.14385569730274,138.85666956825523,104.98503877841767,111.28926605558904,154.14711026603334
2021-11-10,155.0950862281419,140.21224373173845,104.8108224835205,112.22616578611499,154.46874881835288
2021-11-11,156.14589748527854,140.4474318075597,104.54415729683203,112.20449625479172,155.26239217460085
2021-11-12,155.45349611790658,139.67765654335662,105.19479134541743,112.0403026190778,153.29712876611111
2021-11-15,158.71724333383074,143.88397677536076,103.8575278561683,112.34646034909717,155.10951812552676
2021-11-16,159.2190829074834,144.60455939462122,103.63841850056718,111.62707952522454,154.86414818472213
2021-11-17,157.46858006888132,142.23815763572685,103.84185094444886,110.96802103284014,154.4330835008175
2021-11-18,160.27891455240513,144.5101364438711,103.47346295825095,111.64961090535918,156.38396932717353
2021-11-19,160.42500288715866,145.24038895196622,103.80583269920969,110.7054235967659,157.05983122396086
2021-11-22,162.13312650872186,146.29196774950697,103.49208464905067,111.43042730271155,157.85854990973002
2021-11-23,164.22070993543622,150.21115701804916,102.78476896463506,110.00566981775184,159.49888189568486
2021-11-24,165.6426560176915,151.41690111639457,103.46608143726732,109.39660035485493,160.49863016447844
2021-11-25,164.43837927136076,151.66378536975935,105.05421205912428,109.13768126261884,158.8228717040683
2021-11-26,166.13457013907578,153.0207760777575,104.7153779384933,109.2622292507547,158.14562463778992
2021-11-29,166.10698300308707,152.41440556780532,104.35481240774904,110.35502343130688,157.20819514734615
2021-11-30,167.72793172468508,153.7775166544902,103.88818284941298,111.03677050133882,158.47878512228476
2021-12-01,168.87642457875137,155.72461469415117,103.54838938693848,110.42780889370813,158.26670576575688
2021-12-02,167.2037160294014,156.58888191977084,104.80493645951287,109.36596882835316,155.9004458139683
2021-12-03,168.1705535831748,158.03094002758834,105.03858995939694,109.32186692835744,156.18361744780142
2021-12-06,168.83222975621243,158.7727958762901,103.48524421277997,108.54888896070183,156.3818968864537
2021-12-07,169.1872057706093,161.7317511784498,103.852334990548,108.21147494388559,157.2782502624821
2021-12-08,170.16718114936427,163.11003213670276,104.11302986404849,110.06927085440223,156.74343311532556
2021-12-09,171.13434077431936,163.27599012538371,104.25896428829206,109.5783039887625,156.7443416299874
2021-12-10,170.5283405590123,163.52962447304827,105.0134242509909,108.71090281977196,156.21653648926278
2021-12-13,169.0762988575185,160.9058529657997,105.02610194889131,108.41048761019161,157.52068707471253
2021-12-14,169.95473779543033,160.58689448919208,104.42595915061862,109.22441156067211,159.9264708429665
2021-12-15,166.72019325967838,155.65007735789177,106.0440066713156,110.02122607198837,156.9051367360999
2021-12-16,167.7897948344053,154.47088040872313,105.69791198934786,110.52922625613787,158.2592473657702
2021-12-17,165.74833810858212,152.52627327091116,105.43241516886658,110.36912457687322,156.61118057428902
2021-12-20,164.93663367812383,150.89115570124568,105.9313129837582,111.28664436210198,155.80850380306117
2021-12-21,165.01231583213155,149.76615521357286,105.62786075576433,111.2645717103803,158.11469760711455
2021-12-22,162.81045678350802,148.82436510528493,106.74687555758425,111.55927467155465,158.14411400061474
2021-12-23,163.5374487271092,149.85541723400482,106.61170145206536,112.58149834151203,159.5346035999808
2021-12-24,162.30958871922562,147.56304232206182,106.60177312547611,111.87242470885195,158.80332379505685
2021-12-27,164.71976561569844,149.54467444136768,106.1282409303292,112.07367250129923,160.91769047459735
2021-12-28,160.27848060219816,144.71904539708547,106.97979277639686,112.94320934381233,157.91741596468987
2021-12-29,156.66922840426614,141.71326978924546,107.22953505170827,111.5067268666504,155.44835176772676
2021-12-30,156.32231505940658,140.90623622563857,105.78105578351402,111.65799634864906,156.88267831708805
2021-12-31,157.54448417138622,141.20908383438297,105.35827192400373,111.74434964635785,158.14797399155535
2022-01-03,158.49291549359475,141.43218272492055,105.24859739048749,112.16180026575134,159.79751534646522
2022-01-04,159.51584120838103,142.90357038151382,105.22560192832566,113.28145020710896,160.63603347112843
2022-01-05,157.5485235778158,141.9903134039145,106.16281993965697,112.79903145243915,158.75037226504455
2022-01-06,157.79412700185475,142.467588535298,106.32997809098322,113.00566106118201,160.17881801543686
2022-01-07,159.50753734287167,144.15546845137462,106.71243593232663,112.38875496498939,161.14372892424194
2022-01-10,162.6516982699229,146.90991605656006,105.63406458696178,111.69612815203331,162.12618071427647
2022-01-11,160.79468058824884,144.68560321081588,105.05329683332366,111.14235575760274,162.06288642905034
2022-01-12,158.72154284660755,143.7660095955581,105.88952188430095,111.83253109146831,160.03260428404184
2022-01-13,160.03167851021067,144.0556980666041,106.22666790396083,112.28398505056485,160.91387447188686
2022-01-14,157.45402661736193,140.73481392832002,107.06323580771388,111.47774295252776,159.48304312126436
2022-01-17,154.55598233331128,138.4894006241706,106.86551633575445,111.27611192591544,158.50807767743154
2022-01-18,152.95458733433003,137.27333565826584,107.41786726066636,110.67350693660345,156.48079333297898
2022-01-19,149.04636692652298,133.65479143685144,107.16639916181623,109.97188297004672,154.19005983147576
2022-01-20,149.96295935231143,134.2014500226887,106.80498839917266,110.46662969848529,154.98961869294428
2022-01-21,150.2319736290787,134.69086833790763,105.81547366709137,110.55622882945416,155.9393531198669
2022-01-24,148.09864992628334,132.34265247109448,106.21860667884941,110.23195329213382,154.8003880895026
2022-01-25,150.3462544816931,135.1710139339444,105.04849947451771,110.34825601758469,157.5057091906429
2022-01-26,150.74342452017643,136.24807649113194,106.41031475523937,111.61293205028377,157.34864448433157
2022-01-27,152.33242025725733,137.78164646869396,106.19160678567303,111.31568397900328,159.50313331828693
2022-01-28,150.53167678285243,137.0743473345112,107.0006362095587,109.98281360662239,158.4396258437657
2022-01-31,146.4371672914639,133.42593972018116,108.44541457092045,109.36555092879559,155.6592523341604
2022-02-01,149.57822830536037,136.0136808349091,107.13855456726633,110.4190079957968,159.4229387870462
2022-02-02,149.28570535331843,136.3669564195178,108.20445040522924,109.9987542065134,158.3389425153245
2022-02-03,151.19215758138452,139.38054290245555,108.38277579970219,109.33395133278782,160.93998477925498
2022-02-04,149.92642963838435,137.75289061735364,108.88122168113152,110.56128257175463,160.70007926547706
2022-02-07,150.3729684181004,138.4258776216605,108.90792446454486,110.9381818354583,158.65870823242128
2022-02-08,149.53700155236092,137.66506060444442,108.3546366034115,110.77799345609137,158.1411541380767
2022-02-09,152.38803041594582,141.5529230889271,107.65330326847796,110.49000045368558,159.84024271447768
2022-02-10,151.25732437922596,140.45627014918423,107.4189858298771,109.16912862291841,159.72459238982532
2022-02-11,152.09746125679104,140.55391190273022,107.85930902465108,108.91002027205352,160.07787813831922
2022-02-14,153.29053323438418,141.59142515719552,107.9914081810706,108.59224137116357,160.38130551325773
2022-02-15,152.60527654474373,140.21121486639078,108.00169533575061,107.20207554874708,159.41078119182134
2022-02-16,151.77838395029625,139.0790348207274,108.02753788278983,106.96749594171062,159.24403909419505
2022-02-17,153.06762064138096,139.73251310583782,106.9866724534033,105.83183131854315,159.76692824139502
2022-02-18,152.11507229484437,138.0895934253883,106.29949643986495,105.03198073323404,159.5272753241502
2022-02-21,152.89699755281234,138.31129335750057,105.89743242983793,104.18329181486159,159.92981768300123
2022-02-22,151.0345372680394,136.8198701722509,105.14657582100307,103.20591748785222,159.37609803171802
2022-02-23,151.06565252678328,138.7550612582397,105.59162401193409,102.26208872424665,159.09372843502575
2022-02-24,147.54356348476873,135.1029875189556,105.73557292172713,102.47774454287268,156.55256175154435
2022-02-25,147.04173964607926,134.0233579289967,106.98329008594965,102.60742488944314,157.2067076086941
2022-02-28,148.1842276640406,135.38118956657996,107.09265790594662,102.95312764074811,156.07491011837803
2022-03-01,147.39194576426584,135.11655221610337,107.31621392049391,101.67031660053955,155.40413816451775
2022-03-02,150.1112190066795,138.60126155212296,106.88732472505764,102.36626136434961,156.69069688330967
2022-03-03,146.7417536775133,134.44069024933074,108.54723323471949,102.34896560254947,153.88825341668445
2022-03-04,145.9202847772677,134.92276892038205,109.98189491766361,104.2207809521295,152.78095169859134
2022-03-07,146.1460955227345,133.90896498109217,110.89878286397993,103.71989014785505,152.5705747695532
2022-03-08,143.92940557143982,131.18200470232856,110.77565884007382,102.8522700051239,150.83586282807417
2022-03-09,142.6946027393337,130.46190495587308,110.37233058353493,102.52516895509407,151.22497137237426
2022-03-10,141.53044931751694,128.6942651924044,110.4547079307373,103.265696383638,150.6095883649588
2022-03-11,140.34519244528548,127.76932945586084,110.02494088552208,103.31912140834127,150.36420341627738
2022-03-14,139.82679917586617,126.67488632121142,109.46862678056017,103.52551479239385,151.25488125203313
2022-03-15,138.75744674758195,125.95367280274286,108.29744014549907,102.43262893390452,151.05509495053548
2022-03-16,137.24274256811378,123.83069858399199,108.09623557407284,102.45445543557996,150.09873743093672
2022-03-17,133.55657065255622,118.81996405883879,108.31101192750434,102.56390559190349,145.65460244161227
2022-03-18,132.75566366961527,117.71209011022759,109.3824574665863,102.61166981156407,145.10631486457075
2022-03-21,132.9806958941799,116.55018682918372,109.71505846753979,103.12628020228543,145.4549519422374
2022-03-22,139.24606176355437,121.11134481710448,109.39657363310253,103.87533228771363,149.26202234857325
2022-03-23,139.1700129525118,120.75843582616857,108.99623098602372,104.00541647225114,148.13324602354413
2022-03-24,140.42351030210247,121.65009926856965,107.94464147691119,103.45902453524754,150.17652659766802
2022-03-25,139.52142671682208,121.05056717110678,107.65926189502633,103.78016521672843,150.36251386011793
2022-03-28,142.6164732191761,123.81618375666876,107.46874728335227,104.22735976948611,153.20278464578047
2022-03-29,141.38626513969837,123.1759521217108,107.63053134499138,104.00577175224008,152.5587025574728
2022-03-30,141.81422507051587,123.49757982676239,107.68119595941268,105.32652675961293,153.61714671981704
2022-03-31,143.293326890533,124.57141979936246,106.76084448510248,105.9625534545243,155.51618910366315
2022-04-01,145.82561345704286,126.52146615696492,106.07396024850782,104.7870045959956,156.81404256173803
2022-04-04,147.56951952974418,127.8216304413447,106.13361042374115,104.9373774516689,158.015016950821
2022-04-05,145.53714832618192,125.99189792565673,104.54767934631266,103.87592353354987,156.11275028115023
2022-04-06,147.64335236020474,128.48637779309965,104.50342104676444,105.25415108555822,156.55533881216297
2022-04-07,150.73919108417795,132.0352794533128,103.83356843117949,106.20384536098044,157.63259747200397
2022-04-08,149.24775191122438,130.1922006777307,103.72314519838564,105.17591831022388,157.8677967116024
2022-04-11,148.7841506632941,130.00994457496563,103.46186033330329,103.53832466264028,157.921974522911
2022-04-12,145.3699918748602,126.75886009009318,103.19997447303632,104.53868060394899,156.9676076351693
2022-04-13,145.55447300819466,127.81043723059912,102.70139661325643,104.67009535271319,157.48993496351153
2022-04-14,146.01562465381988,129.13733967723064,103.16337783747515,105.03448689283232,156.20673608255143
2022-04-15,144.3334435397981,127.45355888596012,103.52760203911858,104.07967003281267,157.1382258573759
2022-04-18,146.95984004889445,130.3639472104144,103.11734220230213,104.04550359326534,157.98678566389427
2022-04-19,147.09647834419567,130.6784111778221,102.31165365031445,103.97104677009335,158.2664499600304
2022-04-20,143.72889706672922,126.85040001252004,102.60976999288998,105.20022759623238,156.759028855273
2022-04-21,141.42552955097315,125.00673207264863,102.08391169579245,105.47701106819505,155.3091879191064
2022-04-22,141.2666189800423,125.7653257428078,101.37869659742513,103.93189438949884,155.02427507751173
2022-04-25,143.02687821408887,126.3989169802307,99.16720346890735,103.03786244991848,157.30280067484676
2022-04-26,145.08691450734796,128.03174718482236,98.51053473086296,103.97126489129538,157.1660490527794
2022-04-27,144.41048314142824,127.52482866501138,98.91781208474933,103.64046990496809,156.6437553094432
2022-04-28,140.09839647758344,122.97711840810446,99.93271498034379,102.7900540191349,153.81685656518468
2022-04-29,140.84966992709207,123.45380223105069,99.87724184196402,102.15769325739595,154.06344228866448
2022-05-02,141.88105487994187,124.5304270947321,99.33031020133815,102.22806465125602,155.46901022594025
2022-05-03,138.39088090738377,122.03439276292214,99.83382859567041,102.19289769458082,154.33863332749326
2022-05-04,136.1129553320572,119.4033607180228,100.04295112912958,101.42779068831118,154.34685472306975
2022-05-05,134.7135419512156,117.72175180766504,100.40641709773695,100.51675305322132,153.00929558359098
2022-05-06,135.2267249899393,117.98809027341461,100.22737915197071,100.14517065299593,152.1101824518834
2022-05-09,135.74858095092011,119.61292637702175,100.24413582890996,100.24096811465884,153.0365513509725
2022-05-10,133.68086318695285,118.774736129815,100.87478087279757,101.29164526632411,151.06468820493347
2022-05-11,136.5973442325712,122.06120990908616,100.69165742095987,101.73913621271925,152.6662988223461
2022-05-12,138.56521746714705,124.04262736892069,99.08715344762754,100.48894075156029,154.26399652964278
2022-05-13,139.08067838535024,124.4993887858912,99.73846602055198,99.36064352372053,154.37574578574103
2022-05-16,136.0465289778624,122.10313166005173,100.29703105577268,99.42953477527475,151.72472768684548
2022-05-17,138.13533013267363,124.81324761683186,100.32038940348139,99.53736338231953,153.42513838038846
2022-05-18,136.96356807370645,124.26276319428796,101.6254302592554,100.63149309958636,151.67983888984003
2022-05-19,137.55758013775466,123.95953375551096,101.79183712586828,101.23296811351634,150.3928351906394
2022-05-20,135.63983404721395,121.91205464867699,101.95631628965344,100.14211925884726,149.52885941351119
2022-05-23,136.0491521102213,122.17697602084074,101.38409938193647,100.77518074651022,151.32926722104912
2022-05-24,135.2596945517755,121.00564772634482,101.8106813511196,100.62101677765922,150.56955066023176
2022-05-25,136.46023766429397,120.8907369799586,102.29047366982039,101.20173790444751,150.68211693128217
2022-05-26,136.31411469757998,120.72687192356571,101.21513197055295,101.8879993553651,151.07171946565677
2022-05-27,137.0387640162329,122.04604056735513,100.48932753886437,101.97026613266857,151.58989795609722
2022-05-30,138.43124906152173,121.95262834299065,100.02952291030334,101.70096499218879,152.83901655125248
2022-05-31,139.21207470917957,122.21745177084765,99.3952113486032,101.52404662267911,152.77187371218176
2022-06-01,140.61864627456188,123.29528294086273,97.31162210803285,100.5980863354234,153.52597779265557
2022-06-02,137.8659927121153,119.86762284042412,97.80477473419845,101.54856665928324,152.01614609972754
2022-06-03,136.8625984117198,119.23109189996855,97.73934829225487,100.81361957707817,150.52526160579208
2022-06-06,133.98548030214528,116.28572496587257,98.35166800231546,100.6356352935582,148.29285854520106
2022-06-07,132.46488541990945,115.25731153007833,97.87503194081462,100.75737964616344,146.84220265666173
2022-06-08,131.26883044988696,113.2127152307439,97.71450679932421,101.38606203229779,146.60065382551787
2022-06-09,132.81006636587372,114.96377610458882,96.77336193225736,100.91403998940658,147.24996202427232
2022-06-10,134.930631261596,116.17908078060313,96.8355074175381,102.02195936663489,149.87326827171515
2022-06-13,134.2672800148411,116.0201067324449,98.37700143161697,102.05207977681158,147.64282266854045
2022-06-14,131.23819401100022,113.66443677846318,97.8495599521607,101.05204407602307,146.49030141768455
2022-06-15,131.52981924734314,114.20086654635443,97.95309092184318,102.0698337396113,145.90352384065898
2022-06-16,130.46127866902975,112.72091818398253,98.62196081405797,102.9561862514931,145.3804180778744
2022-06-17,132.31407983397963,113.71056913975607,99.20673621155265,104.75896518063918,146.79291003735872
2022-06-20,135.1431648307384,115.2865879924357,98.22641421785454,104.32900286541383,149.29715602571184
2022-06-21,133.4401327139281,114.20640510157997,99.43410017658996,105.08034080194926,148.11423009269868
2022-06-22,131.85826931735593,112.22259886743015,100.46545107763542,105.98222908548915,146.7650296704312
2022-06-23,131.19701136412522,110.37115120486737,99.80476543088332,107.3062835393777,145.59489254972974
2022-06-24,131.49532159922143,111.25061073747533,99.02701278575435,107.06718941653696,146.83180780727332
2022-06-27,131.51504482746904,113.01944079292754,98.16756795974372,107.2770869614005,147.14707160295723
2022-06-28,132.7332741926679,114.41678160830122,97.50739250066319,107.31281269525405,146.6521754085885
2022-06-29,133.69412638346049,115.49296076229992,97.72720754933187,108.38034845285773,147.43530375267798
2022-06-30,133.93171061073926,115.15492392292659,97.19628455340903,109.22510892968687,148.91598816619467
2022-07-01,133.54902415414475,114.83082592586986,96.72486359982807,109.90856799056101,149.44224576155798
2022-07-04,136.65999648587365,117.1485308311921,95.85433593737015,110.25919814894864,152.08835371976647
2022-07-05,136.30631882280116,116.26199621962255,96.3942858280033,111.13830995819194,150.89689326893318
2022-07-06,138.52338384592383,119.03819506828712,96.1317583577226,111.30631868700746,152.76219662006332
2022-07-07,137.090991543976,117.73663654865952,95.10711495949334,111.3388562169078,151.10039111952563
2022-07-08,139.5642553238105,119.80323542705361,94.51239507962403,110.93835232917466,152.49693389785423
2022-07-11,141.93997057387932,120.35677828839664,94.69817497973928,111.90004395792211,152.69396966608377
2022-07-12,140.10841286075367,119.79689122137248,94.55827346347114,110.43232866217043,152.70237881592575
2022-07-13,140.677622134744,119.70276650553895,94.53101668322319,109.74292670518966,153.89021847826902
2022-07-14,142.46935585723855,121.6885755476451,94.45821599344826,111.36914375760212,154.98645298889664
2022-07-15,140.44878571300208,120.13627474768005,96.06159466812208,110.95071344848205,152.85950396264226
2022-07-18,141.15065779739814,120.74513220840109,95.3453524357576,111.65741046729332,155.48357077678406
2022-07-19,141.48286681086998,120.45119988757445,94.31525156405688,111.52020651872716,157.00988863049798
2022-07-20,142.2896039507527,121.18679187743436,93.82816323382778,110.49123040544337,158.36763743759798
2022-07-21,143.84984637605342,121.58527588049073,94.39810745650041,111.61397467514375,160.170609119
2022-07-22,141.53306793081396,118.5723091833597,94.63140735997388,111.94385352676395,160.25034119131783
2022-07-25,142.7322701092961,119.4927550652658,93.80269982098879,112.7794926864813,160.50005236835173
2022-07-26,145.5214902727872,121.81262291021034,94.23359610093775,114.00354751029104,161.815547670705
2022-07-27,144.61449026394217,120.76986567929092,94.61937950749557,114.16020798885427,160.59391344215837
2022-07-28,144.3270578402448,120.5642922238739,93.42010280283759,113.91492288184119,160.1211029901189
2022-07-29,142.32957297064675,117.65710874300154,92.62111643001538,112.23307156690865,158.63324380517687
2022-08-01,145.6656514379888,120.27763270951885,92.12409106303609,112.8678360909936,160.87866445422316
2022-08-02,145.5302812121136,119.36882961992443,92.91131179537282,114.88756298440192,158.98132988334578
2022-08-03,143.74195518650234,117.61115134591913,92.63766653096769,114.950761225547,157.4697243062823
2022-08-04,147.4764678938014,121.6591263036836,92.19537862281535,116.05235906217943,160.7796277271732
2022-08-05,146.4784400904045,120.23059134243125,92.35828309848065,116.82157642069542,160.25420938715433
2022-08-08,143.7064882735318,117.2588881703662,92.72954272726618,116.61475125326062,160.195529775994
2022-08-09,141.31638275363235,115.49092563100962,94.02197064419234,118.8494576358142,157.95395587152453
2022-08-10,142.14974714527656,116.58298529944658,94.023306782312,118.8340586794707,158.82333910368556
2022-08-11,137.8302494565934,113.21689504689283,94.88604656749044,118.33438403060327,157.7224123633264
2022-08-12,136.7139335664737,111.98229079152222,96.24025844997944,118.14395290004506,155.97913937656983
2022-08-15,136.4727284788156,112.28680450863055,96.4583921351336,116.98170997170027,155.29907079642695
2022-08-16,135.47808067896548,111.36083969186852,96.89397080927269,117.41209240287809,153.050291552877
2022-08-17,137.20776887437063,113.04120450152804,97.41874993435717,118.31573287655381,154.7711945056639
2022-08-18,137.97593256952507,114.55546512259036,97.6717616213882,118.3390856773084,157.05397312885293
2022-08-19,139.447921281951,116.22784337406371,96.6566836245008,116.87228908230784,158.58453882941853
2022-08-22,139.6914328243259,116.05404907909885,96.6611117687687,118.36801234244032,159.33265093760508
2022-08-23,137.7787634612206,114.27749107331755,96.51788459708013,117.66142312070302,157.89913656901416
2022-08-24,136.98905044829388,112.78744704455896,96.5128808896507,117.1661877853015,154.88499130482657
2022-08-25,140.36386670709462,116.44358783510368,95.72660100085464,117.22308485495523,156.24222597078236
2022-08-26,143.2200853470132,120.1990172602973,95.41889063036997,118.2226422544493,158.24744912741667
2022-08-29,140.9227341697172,117.85794432116892,95.87512698098591,117.73731085203028,156.52918117057587
2022-08-30,140.76817086316416,117.66689717625451,95.92919352996347,116.81140233213708,155.7878892669921
2022-08-31,138.59822793433793,116.3513446448962,95.1176012977309,116.98614163737295,156.109600398171
2022-09-01,138.09564760787453,114.23664418229988,94.8439595266373,116.97802964849626,154.99495428399618
2022-09-02,137.24185459484528,114.43769489139932,95.47838136543743,116.19405969803623,152.92675328202066
2022-09-05,136.7032890370045,113.8216550503834,95.85911557089639,115.85190907030638,152.86254094234744
2022-09-06,139.87779210183825,117.16793448643965,95.29357597474579,115.83520843085017,154.6601804604678
2022-09-07,141.85953743102513,118.54637724576487,94.92968716620382,116.06932758004066,155.50783475274073
2022-09-08,139.52316949787084,116.6608685065118,95.32268227107645,116.31094073172568,153.59023212954844
2022-09-09,141.5671637818817,117.93404058931591,95.92070459301881,115.48838337426915,154.79954744984082
2022-09-12,142.37482826148386,118.141420441668,95.98398343392883,116.83080112820765,153.378210132604
2022-09-13,143.23376672899414,117.29022717383984,95.10997770070108,118.21114196708066,153.68895711007266
2022-09-14,141.21609574111417,115.38946515431878,96.67389729681148,117.08533691531431,150.99928411733472
2022-09-15,143.75363321236622,118.79113126694578,96.26474481417596,115.99944948096297,154.3098111429598
2022-09-16,146.5041158535074,121.673206419234,95.33437882832278,115.84733494896031,156.11083455955801
2022-09-19,147.08576878784757,123.16039395869845,95.8406403807465,115.10067570469975,157.4012228784955
2022-09-20,147.6384561663998,124.12141127994735,96.66057120048302,114.55264924118407,157.32709784826497
2022-09-21,146.69689861257643,122.20401411310291,96.93886387856378,116.86492550544743,155.1284737654936
2022-09-22,146.64007302626115,122.5826990849678,97.06065917321087,116.75198977387682,153.97862942573065
2022-09-23,147.0497034060726,122.44124324785884,95.62244071307693,117.23343831212208,155.5884219248621
2022-09-26,147.14086418195603,122.67661124700567,96.25932355094616,117.73818187259633,156.13996206825925
2022-09-27,146.6156027245721,123.08967522848462,96.61833306086146,117.87558133579152,154.67863907195118
2022-09-28,147.12046919097756,122.9827316839526,96.09849813236741,117.05757440321352,154.23668543834498
2022-09-29,150.8716375798027,127.24677945700333,96.68116968943306,116.69347068407363,156.10483335616485
2022-09-30,148.52979421616465,124.6410763366457,96.48198958175772,117.41367182687856,154.60445840692046
2022-10-03,150.43402816710517,126.76937889883682,97.57550345765556,116.87004558293243,156.2140642378922
2022-10-04,152.50359278538258,127.96422693296677,97.77686248068703,117.6614693765737,157.02392445060994
2022-10-05,150.99575532154333,126.10133141857472,99.23489964951604,118.23093305672361,156.25192953551772
2022-10-06,149.5626859273245,124.27718415399582,100.10315195638435,117.32428295461226,154.72721012702877
2022-10-07,149.6237566992659,124.40759548563345,99.98765234214682,117.61538992950042,155.39606137152185
2022-10-10,150.9427874516333,124.91184025041069,99.51964357963755,118.74030644808985,157.03435178626142
2022-10-11,148.45610866300285,122.943990389265,98.7463916399864,118.00620174182225,157.63411214059047
2022-10-12,146.76746309217378,120.88017026041764,99.4605963038816,116.82156881790876,155.8137504643698
2022-10-13,147.81792092393397,121.38809980202643,99.08940033597678,117.51715153734477,156.88944779089238
2022-10-14,148.29120741118973,121.57939597423722,99.21385346579171,117.57275786879946,157.47145328308883
2022-10-17,147.40691961111733,120.67943922555217,98.74708331243407,117.20500385253159,156.4828398888734
2022-10-18,145.4363017448524,119.11909250767654,99.23982259075257,117.81237995588043,154.85958281027624
2022-10-19,146.14845010837715,120.10514465501052,99.42007541829176,117.2207459358197,155.30472876747973
2022-10-20,146.78707258706186,120.67318364632409,98.01586805684734,116.78436876336869,158.081794234072
2022-10-21,146.15288326373516,119.631513330513,98.31136852341864,117.180687714116,158.60393750781273
2022-10-24,143.9467905707145,118.17340102313052,99.10570660541897,117.03583162942893,157.34533856450892
2022-10-25,145.72503577677566,120.30592065455703,98.13204179976044,117.47040696462614,158.74243500262594
2022-10-26,145.8524707432618,120.46715943839288,98.02214765733788,118.47916818351582,158.81575945703582
2022-10-27,143.89300791603296,118.46993486129766,98.45338283707916,119.52710151617893,158.06031238731626
2022-10-28,142.42437496086157,118.78755125915698,99.02792731273738,120.46906829358912,156.96752092261968
2022-10-31,143.33593524554283,120.15072283598283,99.66258372604028,121.79466559755798,158.01361892886655
2022-11-01,142.7939762299528,119.28618961792961,99.93313588930793,122.7562156261276,157.4036079353845
2022-11-02,144.61917791418918,121.87347311131363,99.11626494239555,121.71593361040655,158.689868645106
2022-11-03,145.15301820846332,122.00556286746291,99.82250561571914,122.59468946777001,158.72384951076717
2022-11-04,142.6518989932978,118.86828645626491,100.36877399458632,120.65098707719602,157.86317349056992
2022-11-07,142.3811676385042,120.74133754267389,102.05764168351092,120.92918188150965,157.0333063537873
2022-11-08,144.08219233981922,123.41795016760022,100.80304568528662,118.79539949937575,157.9977162843522
2022-11-09,145.0897376423292,124.68075454012808,101.31934262327435,118.07689902274134,156.37693532960407
2022-11-10,146.5836062962066,125.49205573814402,99.7221470676814,117.76114331040277,158.4935264974787
2022-11-11,146.36890740100048,124.97951550029178,99.63388790895308,117.40591001522316,157.23451705685326
2022-11-14,145.1136230430201,124.18653312094112,100.08913182508228,117.53087166714002,155.5279803089237
2022-11-15,144.79756006560487,122.412776201527,100.12517257255111,118.98234225893259,154.0586741421834
2022-11-16,143.77946929594893,121.71000609466753,101.11042994121695,118.86758803069117,152.5318080375701
2022-11-17,140.38238060193578,118.69254973426825,103.02849191489474,119.4960218711558,149.90841646656742
2022-11-18,140.92495678035868,119.17771264370944,102.40212271810852,120.02653297382606,150.64275403080848
2022-11-21,140.9547425415688,118.56694650061974,103.16626344059263,121.09521714047374,149.89986380067367
2022-11-22,142.64928611343862,119.77317595623933,102.30758515198781,120.31945752358422,149.6926198682996
2022-11-23,143.45646832070526,119.2972255882118,101.25992642741191,118.26318875356836,150.36014971942762
2022-11-24,143.1976950125419,118.85240644428241,100.63095854594226,116.91826436128116,150.80565584863155
2022-11-25,142.25164180127763,118.21591662724273,100.27056490619172,116.73084298527398,151.5047043071925
2022-11-28,143.2522383709612,118.84091943253723,100.22076344513908,116.69145791105655,152.06343048118524
2022-11-29,142.69250422625805,118.23535909466838,100.4458037779332,115.85959215306778,150.80952490522938
2022-11-30,140.31488885548725,115.08262662355206,100.02680682884606,115.60247505160943,148.89969271795164
2022-12-01,141.17970193304515,115.86585868846112,98.64202403062234,115.65014771985159,150.57418034036104
2022-12-02,139.49594309869838,114.64979779923725,98.45036442242903,115.34412072009302,148.71044083058092
2022-12-05,136.4943701906263,111.76111883597828,98.90776639309564,114.79270437941429,145.90774045715347
2022-12-06,135.83936254312138,111.35060704576551,99.02090782859285,114.87363602067452,144.98699647899318
2022-12-07,137.74934751850617,112.31247940145761,98.88507649946833,116.24700509736022,146.4543617555569
2022-12-08,137.4145765568877,111.6939518447023,99.55386498856255,115.32557582049844,145.20332518008632
2022-12-09,136.75901377286434,111.88051259861015,99.98858398319338,114.46591672635348,144.45759155577346
2022-12-12,135.7508430449709,110.55954019039471,100.7479349786855,113.55370674504496,144.82819136144147
2022-12-13,137.10003758910014,112.40068826061113,100.26165324015099,113.30653242421695,144.6649519181699
2022-12-14,136.2368627603348,111.94557357621713,101.26588372974699,112.64446945320388,143.5271506184873
2022-12-15,135.989512387104,110.87008673199765,101.60088452336846,112.2820199729288,143.06177765905252
2022-12-16,135.25198789058456,109.74452303066136,101.69237288251148,112.10463990862746,142.31234887299283
2022-12-19,134.0696773013734,108.90723822118669,102.99168537943937,112.59010492505506,141.9741208228259
2022-12-20,131.83303804278196,107.05141053419582,102.74940559698346,110.86882200583361,140.24799381060282
2022-12-21,133.71861856634487,109.25284405011695,102.57825785450237,109.72326841566806,141.19730149624965
2022-12-22,134.2027334672864,109.78261527626734,101.31498965625212,108.4988602262154,141.8531042441721
2022-12-23,135.06639393917678,109.21806778913172,100.90652475960853,108.7745979441066,143.05979811320023
2022-12-26,136.1893752441731,110.54184442055879,100.21978922150873,107.03038379276309,143.6062703007245
2022-12-27,137.8263145941711,112.81311494105051,100.43143718880079,107.57773992741977,144.76429855291974
2022-12-28,136.90654102605788,111.924550147088,101.64235222108462,107.2218054157562,145.0508306036134
2022-12-29,136.37748789712373,112.274284577304,100.93762467927819,107.19073259488205,144.49782047886532
2022-12-30,134.0613608850697,110.36230107186256,102.0349543605051,106.62434840433568,141.64416138745827
2023-01-02,133.9136068759067,110.17880104342943,102.40714297822994,107.52822959072772,141.39880918900957
2023-01-03,136.89533257335833,112.947509109915,101.60181286499359,106.31033646581672,143.09151802765953
2023-01-04,136.3427349401736,113.05327217023951,102.06107197327587,105.39605615969951,142.76525864260623
2023-01-05,137.44143569878705,114.97895503004538,102.50343811955477,106.2021607786244,143.30602511463837
2023-01-06,138.0818776130807,116.34229653086179,101.6058719530273,105.52327313943921,143.41141783478398
2023-01-09,138.7101277075194,117.69576991420476,101.1830481219816,103.42922002436123,143.5776799041557
2023-01-10,140.2306244038266,119.42771496376521,101.19448806142913,103.38000980225672,143.40762553128783
2023-01-11,141.09774493750433,119.67366509900515,102.35405937032294,104.49777485297973,142.97535294900788
2023-01-12,140.0625639811692,118.67024766393112,102.39288514846376,105.25498532336566,142.58083652965462
2023-01-13,138.83287337427086,118.78288482945645,102.77782352062495,105.67794590420621,141.39856776117873
2023-01-16,139.43782200587336,119.54118827180558,101.47135375178773,106.7879027273621,143.21444005611258
2023-01-17,138.77321340834138,118.2066457305304,101.74981059163449,106.98348292617385,143.00235086654106
2023-01-18,139.09224313897647,118.82666190372677,102.6359050765635,107.81686502814792,142.06531350961706
2023-01-19,141.36650622219588,121.98170311823309,104.3104266834226,107.7978920355986,142.87899223805846
2023-01-20,137.8344379908408,119.08068778413934,104.67382544138717,108.95198692131443,140.36034980767894
2023-01-23,135.04050685441825,116.18197396597787,103.9143102347401,108.87739134011298,137.59060235267907
2023-01-24,135.08662196866013,114.90000780595118,103.56679913164488,110.27527967068677,137.97059389604203
2023-01-25,133.6868647584251,113.60244124631373,103.85814810464771,110.58212150548226,136.12134563038455
2023-01-26,134.63748629041424,112.78378300590927,103.08671139627914,110.24943368795752,137.26212351122922
2023-01-27,134.67404982381848,111.94685536506267,102.35962960546038,110.23795937234513,137.43671806253047
2023-01-30,133.73813395347537,110.81648489070346,102.95982015519058,109.97523785485193,136.64521199787302
2023-01-31,137.22057319452253,113.0480230626935,100.98079383676736,110.43354114305248,138.63855089024094
2023-02-01,136.69654836289632,112.10011621259788,100.87089589654936,111.70551966833315,139.0096846848917
2023-02-02,138.11090409880373,112.47394806853517,99.78773493401638,109.19143498566032,139.44052440112574
2023-02-03,139.69647780311487,114.17891237827584,99.38081416010141,109.17730464409736,139.91238541346667
2023-02-06,140.03972693916006,114.95984578861254,98.36381535360984,108.94659283208719,141.19370950028548
2023-02-07,139.34216056573447,114.78719361475802,100.25681010184306,109.54534015484612,140.44333973494986
2023-02-08,138.1080509418358,113.8101622111247,100.78802977988548,109.74296934364803,138.84381889994881
2023-02-09,138.45005360615576,115.02574575425379,101.09333229313486,110.58173871545077,138.79541981612397
2023-02-10,139.69593834632553,116.31300092054155,100.27358536056727,110.64078904307297,139.00479605977839
2023-02-13,138.63500869999461,115.48570369678079,100.67045728989434,109.65632258694713,139.09060830588083
2023-02-14,139.58660984441826,115.88998411834169,99.48294164054822,109.21922309422105,139.65203348203252
2023-02-15,139.7761245584536,115.82796905660982,98.18304151663953,108.38340968805709,139.97577157702955
2023-02-16,140.83897274637349,116.3295773902729,98.97086923039562,107.40129126736664,141.16851111518056
2023-02-17,140.45985850526154,116.5421337412384,99.14160386499324,108.26093222430285,140.66070522446415
2023-02-20,138.60811367160395,115.80137712081297,99.50022363685964,108.2002692143262,140.55349273408245
2023-02-21,136.89166523760116,114.64055978624053,99.49446987403348,107.78450591076691,139.72620147531006
2023-02-22,134.42725081152923,111.93547533488544,100.75393210666266,108.76608572936897,137.9126247968739
2023-02-23,134.81943982915737,112.10527737504903,101.50914744679945,109.02063938307715,138.0123964068992
2023-02-24,136.67352553388412,113.28188302942432,102.07923766581068,108.37053723140959,139.95485103094921
2023-02-27,136.06230690261475,112.5872708249622,100.98368183311415,107.46070345379496,139.2209494749838
2023-02-28,135.07017374022524,111.62128436221587,101.77031741733215,107.83465074427217,138.64541246811996
2023-03-01,133.2945098099794,109.50685783307945,103.20599525806094,107.67537722549847,138.394787514151
2023-03-02,132.90572512967557,109.16540727423592,103.97244962334999,108.96898955165695,137.85956761415272
2023-03-03,132.2865284350175,108.58602300616693,104.31469102991291,109.75402375087103,137.42728842395138
2023-03-06,133.26897227335527,110.42771808852237,104.4625886550435,110.07006867782647,136.8318431574173
2023-03-07,129.06183585339025,106.92132419650942,105.29125767223096,109.31399897398425,134.4993163118897
2023-03-08,128.9682860591997,107.49976524130476,105.43981188345599,108.64225630112804,135.13714853167525
2023-03-09,128.63224978816766,107.50969641961623,105.23245795635839,107.92328970439875,135.0892213780129
2023-03-10,128.6520519155367,107.8105058912761,105.0829814149604,106.33205565454482,134.81597003097633
2023-03-13,129.87756841129467,108.73689157850312,104.64015933682163,107.15354664734653,135.11830601159002
2023-03-14,127.47306204502458,106.48031124687343,104.82327238382105,106.09750058510915,133.61459043502316
2023-03-15,128.22490680342818,107.14896796178645,104.8605936923136,107.67420819091791,133.79372645033703
2023-03-16,128.6532015362623,107.23373881410951,104.1840574819024,107.03414159964181,133.87866186020298
2023-03-17,129.20817408301315,109.11237646970689,103.75056981611792,106.3867766903289,134.3358572569948
2023-03-20,129.8218594415645,109.82640292890981,104.4667032913336,104.81796118186779,132.6605393146275
2023-03-21,129.0493495254024,109.78618651940224,103.68189558263086,101.91638707963186,132.8990262532009
2023-03-22,129.4266752001144,109.47400811330117,102.89793223643764,101.0137439272799,133.39239730132053
2023-03-23,128.4539323542335,108.88765627528161,101.30429865711174,99.54392739830648,132.59963869799589
2023-03-24,128.0587967363219,108.20668821953312,101.8558625598013,98.36448077762897,132.18663256360443
2023-03-27,128.91679542268855,110.08716163058065,101.4862636904628,98.42362376874667,131.54065745912632
2023-03-28,125.21643547887112,107.20582396196508,102.29948058116595,99.01504214964795,128.38498933232705
2023-03-29,125.99763899138668,109.0229922510383,102.51517274597603,99.26014290848248,128.79028353556882
2023-03-30,123.6225107345881,107.62803016949324,102.71722421363991,99.24950709071608,126.42946966083886
2023-03-31,121.87281755414858,106.84048131310043,102.96641567969151,100.04398670155403,125.43416124731195
2023-04-03,119.17909029930355,104.82878232418842,103.24170766154617,100.18710675479537,123.96644170338806
2023-04-04,116.9722011797375,102.83977139810175,105.16455237531903,100.95508096487467,122.15436495912171
2023-04-05,118.48162459674958,104.38301902351972,104.95887637900219,100.27258429624797,123.17327916328469
2023-04-06,119.95379681461064,105.2962825193943,105.49346650131706,100.71620007388363,123.18823884030417
2023-04-07,121.38983388001819,106.48359310141939,105.6420773539763,100.8033706858591,123.85345440832363
2023-04-10,122.10879217458532,107.33047479314972,104.18490027043154,99.47652461669452,125.28659455625535
2023-04-11,121.91517170331127,106.83937797602978,103.31450154764141,98.34876490708314,124.05791111006563
2023-04-12,121.7669998287825,106.34919494621889,102.68860843536227,98.08524488277138,124.40175939796497
2023-04-13,124.82558901581871,108.33419216333564,102.65796102722844,99.37793374976677,125.47941090428137
2023-04-14,125.13001758870341,108.34575260103048,102.68231010006271,100.5975654139041,126.05214058040333
2023-04-17,125.89372368496497,108.79970290002099,101.54287666939874,100.1389455886861,127.61831327218782
2023-04-18,123.58659350706829,106.02976620433023,102.0460670043994,99.34974432069698,125.65484035499695
2023-04-19,122.95838023830574,104.65679766386768,101.47914077347208,99.67340656307474,124.59493139083901
2023-04-20,120.60071900448082,102.14111511486237,102.41322189152405,99.59654046093004,122.7302992905777
2023-04-21,120.66491543897551,101.22111928678643,102.60555724975713,100.11973549953537,122.39381390348933
2023-04-24,122.12147299282239,101.90637592179168,102.93020948362954,100.68787987616506,122.80778959449576
2023-04-25,122.0923490213236,101.82031406565237,103.71141028448585,100.18963564189185,122.02556568171808
2023-04-26,123.61064487401224,102.84665939070594,103.91642519464284,101.8319720974562,122.49431821726606
2023-04-27,124.6213285129822,103.09820197332604,104.10854387952777,102.31807080323941,123.2387995280027
2023-04-28,123.65590392176703,101.30129356590464,104.54120617607192,100.90598419660786,122.32477939990298
2023-05-01,125.05249625513028,102.63597233625799,105.5106883587476,102.25810954709135,122.3341903527108
2023-05-02,125.09348353110934,102.6454025356064,104.45995722021857,101.13338325872515,122.28502382610478
2023-05-03,122.03686853983274,99.98011917730545,104.97111135526251,99.59950971114286,120.82653839987304
2023-05-04,123.08522295625393,101.02652576936228,104.5372278050869,100.01440390561804,121.95109696414879
2023-05-05,123.53926499925187,100.9694284521873,104.5635529579093,101.06220480816235,121.78077902005344
2023-05-08,126.64939960688513,103.406567622104,103.86024972749803,100.79699865627771,123.70039609152492
2023-05-09,124.00158363063294,100.77633174738895,103.69008779460005,100.4867756570928,123.0676587406965
2023-05-10,124.96285311348166,100.30344927807661,104.64713212128183,101.43813692018917,122.69302263212536
2023-05-11,125.19847495021234,100.6034103502283,104.17236413411788,101.42207562595414,122.56288568107377
2023-05-12,124.59096889246091,99.70062573178049,103.33309200815994,101.16973156803988,122.88322974434945
2023-05-15,125.3607670456848,100.81034487738219,103.42546745895937,100.84674873601472,123.81654372094664
2023-05-16,123.31861376481412,98.5495034298585,103.19072584379789,101.34331615846757,123.47031657483095
2023-05-17,124.03973944056679,99.747670003687,102.53498627878335,101.36324961924524,123.99760975683884
2023-05-18,125.30030386659996,100.7726394167064,102.0087127107528,101.76573877900805,125.40580733689244
2023-05-19,124.29537759457492,99.87138943506973,101.54793611470406,99.52451156629816,125.12623565437147
2023-05-22,125.20358704867527,100.79825825883233,100.13760128088126,98.8142081239263,124.55414793772444
2023-05-23,127.26148495102944,101.97585649523681,100.4216491050801,100.02554416596648,124.90205653714908
2023-05-24,125.53156621068729,100.6840427745255,100.27382511684029,99.75854642754413,123.75798944091447
2023-05-25,122.84846694544069,97.14202048781195,100.84202679758103,99.36281287780722,121.77179122675335
2023-05-26,123.87429661546597,98.63812769467427,100.52184842463599,99.0344562721146,122.75121423954644
2023-05-29,121.85722334447746,97.03496997479081,101.31029087186391,99.53534848667726,120.20261925987002
2023-05-30,120.74390367458622,95.61581793833838,101.56218744049099,99.90103646477694,120.51281948524091
2023-05-31,120.02673490318053,94.74521062138489,102.41630702790079,100.39695260644899,120.69557044643742
2023-06-01,120.44259585689714,94.4960196542404,101.40172902437101,98.9898150160059,121.59903316760364
2023-06-02,122.16048809849546,96.9015398829075,101.66785515847042,100.06381946365546,122.09843515532785
2023-06-05,120.46526825107647,95.91020108604334,102.35488519666924,100.0862321252521,121.28738049223229
2023-06-06,120.93245976114663,96.98504259480401,103.1551483088609,100.77377967297305,121.87929794526275
2023-06-07,121.67846194837648,97.38178447705769,103.44477876049267,99.9904854217717,122.83773275057355
2023-06-08,119.93428937950306,96.03623176062852,103.30803186068769,100.05977372792556,121.96368434029077
2023-06-09,117.63909830859049,94.28528592865469,103.48193522548665,100.39594710978692,120.72983005724818
2023-06-12,118.19730192667062,94.27010395588806,102.9134378069696,99.99869085082196,121.72416484997406
2023-06-13,120.5764392797773,95.89030109958914,103.00884480040675,98.85369054917696,122.12195231807206
2023-06-14,119.18916617211535,93.9945413779972,102.22044687460274,98.7564725281527,121.4688631583321
2023-06-15,119.73181832789639,94.80996906730094,102.31006839371113,99.30385196579512,121.70973596741163
2023-06-16,118.02636780719592,93.91075342764114,102.38333953732493,98.28051353973206,120.68687126442856
2023-06-19,116.73353871960414,92.59155287503596,102.87093396142986,98.56218670823282,119.26471565464077
2023-06-20,116.0503598311617,92.5557260911877,103.41379427349369,100.10868033496148,119.55915599996565
2023-06-21,117.64390729946592,93.21504295742243,103.4453485122518,100.45819585337622,120.00676830289785
2023-06-22,117.88109907322388,93.90019944940904,103.7723123921966,99.8803877076089,120.52431297107698
2023-06-23,116.97918483064016,93.2407178550791,103.79853075904266,99.56522500725106,120.54002560080389
2023-06-26,115.51901266971998,92.98666600352882,103.08519999353376,98.44093273634378,120.25865945479211
2023-06-27,116.32900541686641,93.63521736449682,102.8523646097141,98.79128450095607,120.61898107219716
2023-06-28,118.27381409807825,95.74665061480553,103.0119486183222,98.37360592180572,121.56734467993576
2023-06-29,117.8473670529367,94.84782008603965,103.27736986760084,98.09926023995763,121.65468384503274
2023-06-30,116.33393595778433,94.43504832289996,103.15739985208296,97.83308324972897,121.45144721042097
2023-07-03,115.53731779064248,94.18267300040321,102.60733009144576,98.48991973775796,121.24401546188166
2023-07-04,114.7104244981249,93.30457530157213,103.2978580590083,98.2211781090019,120.07670371560846
2023-07-05,114.4054738123165,92.43579641396856,104.46614281950836,98.30640022642638,120.0587692085787
2023-07-06,114.69304810234726,92.18584790435952,104.33088464204148,98.96309370167577,120.12029970575308
2023-07-07,116.33514922822756,94.11918828029465,104.59997284349976,98.90215164821254,120.24805266280931
2023-07-10,115.4785675606139,93.47670600672082,105.16979761637427,97.35660849544855,119.5861259116036
2023-07-11,115.69763856805895,93.5246916726916,105.94461585056794,98.01393919753853,120.31919016977437
2023-07-12,115.39780510131754,93.7456188289156,107.15475348790642,99.30627757581543,119.13700433144339
2023-07-13,115.04652115065632,93.26177732228932,107.5440932265509,99.93759145021663,118.30001742225724
2023-07-14,115.1401761709704,92.30964056685276,108.35399942316448,100.04924833453475,118.09537957326745
2023-07-17,114.7123386995319,92.52193438284328,106.62222282268763,99.21855194720692,118.3197902745043
2023-07-18,114.08788640825371,92.85767072224994,106.29772878560608,99.42122583604258,118.36308749085178
2023-07-19,115.81497519047488,94.02652564634644,105.34751074604326,100.2163782090618,119.83550019164988
2023-07-20,113.6678526247604,91.87727836824958,106.07893646163646,100.82913476296062,118.03152788198767
2023-07-21,109.69276598042434,88.69237398192111,106.28104395183395,98.6770584307562,114.01884039654733
2023-07-24,110.76421972454693,89.68482204935523,105.86762285109985,99.7185483278968,115.12527925755197
2023-07-25,112.91255828142106,90.86652757315736,105.21631761333113,98.74099987143246,116.26246934124515
2023-07-26,112.57569605648368,90.88796909690738,105.3685808766168,99.15231647799664,116.5055530563398
2023-07-27,115.48680720618552,93.25337336377632,104.01626009729333,99.3241668387162,117.94268113677037
2023-07-28,117.54057021680424,94.88844796714426,103.14679078453032,98.9897047794027,119.72536570828021
2023-07-31,117.31807017249614,94.36157841342062,104.22657757644944,98.79470860883575,119.27608507150198
2023-08-01,118.23639775891886,94.30975510286623,104.22059295776572,98.29427511537453,120.23194143618092
2023-08-02,116.87055310353954,93.49889676603136,105.2975185369685,99.07122505817163,119.38570322287336
2023-08-03,116.54616587393676,92.92463701901762,106.30108758079832,98.9328926277188,118.22571412077912
2023-08-04,117.47672025317317,93.31507503492689,105.39855642360808,97.73575457100974,118.62404571820788
2023-08-07,117.36011517649689,93.34012453792111,106.06539762989249,98.334610931149,118.2604756500106
2023-08-08,117.080991967608,93.36312361739462,107.00424446792071,98.6941756178873,117.55886460489154
2023-08-09,115.6860431320319,91.42884987978319,107.68855638662693,99.28281535421071,116.97852284364147
2023-08-10,115.50743390491157,91.98313875633775,107.49984917556618,99.77410749203315,116.96352508584718
2023-08-11,114.66420547600515,91.56144860861966,108.01850759041156,100.04968909527354,116.44714873479644
2023-08-14,114.612065714708,92.71664211750672,108.98395099401816,100.73982736805559,116.28990436775189
2023-08-15,115.9972541218259,94.18289536327646,108.69024507987697,100.58204177884025,117.05515184686031
2023-08-16,111.58412596471763,90.44576076047713,109.45929522718268,101.3406988917027,114.58013332370172
2023-08-17,109.99209263704365,89.03593437882745,109.15350558600466,101.32029009507863,114.00396655171554
2023-08-18,111.25635006227918,89.74800096771516,108.79483948100825,100.43406523355416,115.17038061958009
2023-08-21,111.94908262653847,90.59194378780752,108.65087300904848,100.76619652758805,116.59552384670049
2023-08-22,111.56609014008309,90.3282045733632,108.02338836520215,99.79687616189223,116.61596870355085
2023-08-23,113.04402873504318,91.48553359614989,107.47238176389034,99.55431637216542,117.219969742061
2023-08-24,113.44416587562516,91.08153290549723,108.1313097572148,99.50012802410943,117.65672240916898
2023-08-25,111.71527869709041,89.92591302549607,109.05986086519536,99.79331987689602,115.85922762054896
2023-08-28,112.04981884368206,89.63121866346813,108.7242715804307,100.59761746736572,116.61532184678988
2023-08-29,112.0702337952161,89.16934289804985,109.09141319658984,100.83866812930884,115.04076106760996
2023-08-30,113.1227478865409,90.05633800043721,109.63700239518155,100.3935572270335,113.46172088388727
2023-08-31,113.50159668190234,90.52412378801144,108.40678798081026,99.23626385945006,115.66733870875588
2023-09-01,113.0853491698696,90.53085902573041,108.12042011058787,97.4424196770237,115.40773321582887
2023-09-04,112.72491735657684,90.02252268836477,108.10750699756748,97.60675911316486,115.12190872503494
2023-09-05,111.015097466736,88.7970665216977,107.25871040249983,95.47634447762915,114.89424175045859
2023-09-06,111.69054032588059,89.34898477240883,106.15245076400718,94.68238579889105,115.38840810559508
2023-09-07,109.55158521004631,87.15010099465437,107.06927216517713,95.7508965481187,113.7298015515539
2023-09-08,110.54607919094552,87.08398858477716,107.12897138588964,95.51606974057657,114.37724233176789
2023-09-11,110.21742248958782,87.43701590484832,106.71565162594565,95.6538769624246,114.18512153105591
2023-09-12,110.00804622856133,87.17052933900501,106.19547101316422,95.43573538081219,114.17426696402488
2023-09-13,110.32650664934833,87.4818015308354,106.64746445219878,96.30662920915852,113.58772349018251
2023-09-14,111.47669027010672,87.8912628541936,106.66883285074948,97.04877238569533,113.00339617526546
2023-09-15,111.60107049410959,87.77058828257718,106.10368565885658,97.88333352981034,112.83420988984749
2023-09-18,110.52116015197366,86.89544463968278,106.83065959236026,97.86848836264181,112.77872994096514
2023-09-19,111.22536870604645,86.45118580891736,106.15874990135636,97.50711189617536,113.56536286882002
2023-09-20,107.72201376747287,84.73758568782716,107.55154833859986,97.34694426581329,112.11724972900363
2023-09-21,110.75157137719216,87.70034440925316,107.4493135854673,97.84221875919862,113.71171538207902
2023-09-22,110.11923026026034,86.7653707127521,107.09717351771107,96.6862595452536,113.38640570758731
2023-09-25,107.89305869807728,84.9735801941285,107.6537152131773,96.61616555850968,111.73616221163041
2023-09-26,111.87672121638536,88.97521747261253,105.8656687279919,96.68500375615186,114.01960038973593
2023-09-27,110.51476122961112,87.15840735055266,106.40250509970579,96.28248250421593,113.7046307572952
2023-09-28,111.83269247944791,88.93106874495544,105.59391884013498,96.42832662328698,115.05795004416264
2023-09-29,111.1963490150055,88.01134209521658,106.75955274790813,96.98739389028404,114.76897321304997
2023-10-02,110.09940680146852,86.49064880790672,106.5787231564321,96.75441923158917,113.5438927082458
2023-10-03,110.08639991035875,85.67838159370761,105.73004841325,97.06815966488912,114.11059647760446
2023-10-04,109.56871628263927,84.76747474531304,105.11937558658317,96.56906861341086,114.37079625062086
2023-10-05,110.78919654818513,85.54999770876431,104.02591232132292,96.59750428666233,114.82203375225583
2023-10-06,110.10019502656422,85.60102883306597,104.81477248347444,96.78639829609847,113.47393356303006
2023-10-09,110.3794926662418,86.33321178972673,104.56765750529595,97.6316342688002,114.52898033229401
2023-10-10,112.5831964975718,88.32782878366437,104.4211730941194,98.95004401497597,116.05730889435428
2023-10-11,111.90603004098824,87.5402107955954,104.71258153684883,98.03136035263265,115.49217770285118
2023-10-12,113.37855285803667,87.72408290669065,105.21124176462209,99.4735940745464,115.81145970560702
2023-10-13,114.1178592464419,88.33956779152035,105.83648900118428,100.56796331934643,115.16343088217356
2023-10-16,114.92206479972707,88.90809379851439,105.68203184378558,100.10902539793204,116.69640212690918
2023-10-17,116.35637742207786,89.73822668172778,104.41079397024137,99.62761787725685,118.06288158960992
2023-10-18,116.6917712041242,90.63288197536224,104.92438354139419,100.49681974322762,118.3424996193475
2023-10-19,114.74633444940467,88.91376313412879,106.06312149337131,100.60532863818563,117.3047049087573
2023-10-20,114.30743203996767,88.0463285810621,106.02189289910622,100.84078891228381,116.6488126522524
2023-10-23,113.98410947473754,87.32517092303736,106.77841369870262,100.93913194755145,117.14837665383624
2023-10-24,116.07514502300145,89.00579489597041,105.58901205361933,99.25520057448341,117.63400406812427
2023-10-25,114.16152810454831,88.1040303007734,106.21043508373407,99.35861934529318,115.08362534218635
2023-10-26,112.5203879664196,87.17342903969161,106.85794636741907,99.15190301534103,114.41651275679328
2023-10-27,114.72911521179185,88.90436620899958,106.33910809081164,99.4818849047665,117.19523498625546
2023-10-30,111.83882777101832,86.83369802171403,107.01049228883551,99.63345270734946,115.08734411771952
2023-10-31,111.77311347118255,87.11788201156713,109.1457415777966,100.97259314184208,113.95925595868857
2023-11-01,111.20473420290371,86.4256569907924,108.04202324450924,100.25168430234817,114.39349456397403
2023-11-02,109.50432647352686,85.50442557736595,108.87235846779708,99.635036865659,113.18845063570792
2023-11-03,111.60460430993105,87.60879695751277,108.37866544416033,99.5670694637304,114.50468640133784
2023-11-06,110.91922227731831,86.01957563792986,109.79187858655362,100.27802865228152,113.95049596583178
2023-11-07,110.84214528635621,85.60845947586178,109.63589084579388,99.06757994885726,115.309541698992
2023-11-08,109.20011378691359,83.76250429719957,109.69321944050586,99.86095214613503,114.41404509172199
2023-11-09,107.58027975192235,83.0053705137739,110.70278833468366,100.25264721098586,113.74369466773359
2023-11-10,110.67131322902641,86.56038134363645,109.54176072905166,101.39481975296411,116.05453281183674
2023-11-13,111.33414030181534,86.3130875106653,109.14084951901299,100.88778140920292,116.98830443971062
2023-11-14,112.76511422229196,86.52137021245544,108.62016380668284,101.96508125057574,117.75802057571241
2023-11-15,113.7516695647401,87.50054419283124,108.62476781321146,101.89466164402677,117.52114881069369
2023-11-16,112.22075844389867,86.577134108514,109.0684619848864,101.6392051613225,116.32598568547667
2023-11-17,111.80977615939707,86.73413507505146,109.0151642046074,100.43448092658996,116.59273971687254
2023-11-20,111.53488959227309,86.52020127127513,110.17794069743087,100.80524314606738,116.3040147438944
2023-11-21,109.95699637499673,85.10214992885065,110.99022295591969,99.68361540511702,115.32799276530888
2023-11-22,110.08998857830998,85.23190750705902,111.67396749404976,100.20211264936034,116.14104861354787
2023-11-23,108.77737747723066,84.20472372756151,112.09139039946608,99.31548961092534,115.89885431082305
2023-11-24,111.81183986565459,86.71810693164896,111.62161627481886,99.7279017560498,117.2507822766387
2023-11-27,109.36884918627045,84.34863260168231,111.24729824426451,100.5217606266166,115.96441538404537
2023-11-28,108.91485559912036,84.38433054146316,110.65217831323606,99.5695427215208,115.92963285905647
2023-11-29,110.25943431286925,85.73475143994347,110.49826375077348,99.75772521499205,116.97500647894236
2023-11-30,110.52624393583442,85.47291569214221,110.39063963575839,99.048676956825,117.16005574644444
2023-12-01,109.88875339629618,86.13468789625429,110.70060787089449,97.79320621475924,116.68248232786252
2023-12-04,110.57361361777953,87.50171855297374,110.22601728749615,96.43352656484862,117.71978566646524
2023-12-05,108.74172016337127,85.73635091629124,110.4995102850246,96.21865311724508,117.06152958895177
2023-12-06,107.84964534954959,84.85265581676725,110.70928650045566,96.27639210363161,116.56471581336838
2023-12-07,108.41392216828693,85.72203755616911,110.88441145921266,96.68948553246463,115.86512858916207
2023-12-08,108.47926675070343,86.0030277195021,111.40203962532802,96.34113466030854,115.35031903294428
2023-12-11,107.73193050715324,85.62021187473812,112.35637565730158,96.21308460686384,115.25496036139083
2023-12-12,107.89156312579271,85.69799626632262,112.15642720006495,96.71955415054592,115.60702395955748
2023-12-13,110.83807147927665,87.80930324174379,111.65587967617783,96.72455408356717,116.80181953547542
2023-12-14,110.82361756913916,87.86318871071661,113.69621757706805,97.29485828174995,115.5284029723338
2023-12-15,111.18668999331365,87.17197996864437,113.39015072097811,97.43470774129611,116.24912954353688
2023-12-18,112.48573601592638,88.02428134436133,112.90146438055606,96.9590013535271,116.34984995430821
2023-12-19,112.90404092407987,87.76051332363055,112.41268745079829,96.23883202770914,117.00260092518977
2023-12-20,115.34470577587331,89.1700167189531,110.38996489022266,95.94219579423023,118.83206437466147
2023-12-21,115.64736009671022,89.20278090557451,110.14621084719435,96.20485285196627,119.72258368304686
2023-12-22,112.93420534693865,86.77598837669646,110.9463787884842,95.43559305469003,119.13922829935993
2023-12-25,112.07309122821994,86.04614622877682,111.54946456132826,95.09046379577038,117.3047752471809
2023-12-26,111.49660357341386,86.05710186833284,111.53600850747279,94.30566837298477,117.59501702027906
2023-12-27,111.05404024396684,85.44957658527956,111.72138101083482,94.88662081433858,118.81266246432345
2023-12-28,112.15645518785944,86.90381534031285,111.15725565349454,94.04193332526563,119.63141309823942
2023-12-29,112.30069276143904,86.50950694560343,110.92569827493173,94.35468368531978,119.98693785968082
2024-01-01,112.98027526487384,87.20951673829275,110.41918548431597,93.89859102540487,119.72796945204298
2024-01-02,115.40000776742994,89.2207166887378,109.64483487282799,93.3509096466355,123.15287445357812
2024-01-03,113.91366300836367,87.77734923080939,110.2706592490345,93.79809786154341,122.7852158079199
2024-01-04,116.38459868522463,90.06475780665845,108.95217178560148,93.50026470474802,124.75592837265228
2024-01-05,119.27311457919647,91.77321354462715,108.96505362517448,94.1773581203448,126.88196103165559
2024-01-08,119.12713184891099,91.2284478092307,109.45336472707015,94.85853744532875,127.30734587909028
2024-01-09,119.10811253227556,90.91256918230518,108.35658231942844,95.10224745260636,127.91645250136703
2024-01-10,117.72772197407302,89.51302863166471,108.3361195838057,93.87537814338269,126.55302875399377
2024-01-11,116.12592279393066,88.00321700025637,108.19800995064439,92.47588844834128,127.04761897823238
2024-01-12,117.87135217266369,89.04679051451883,107.90331408137526,92.98513683901538,128.92643991565126
2024-01-15,116.71347119601052,88.64150304434243,107.88528805278233,91.78821467712918,128.78854335762327
2024-01-16,118.52125794986836,91.37382906882698,106.81090353973008,91.9576918692814,129.95053879705262
2024-01-17,119.63539386743591,91.55852246585137,105.61279987325662,91.28195526754061,130.96193302902063
2024-01-18,118.71504174955572,91.13360030091908,106.54309988283552,91.8359935252481,131.3137093144083
2024-01-19,119.30742025767213,91.01320449669983,107.22855462357882,91.84134479013571,132.03346791748635
2024-01-22,121.56051829225314,93.08607378153411,105.72858991537342,90.97406112074937,134.74073666588978
2024-01-23,121.31381459639252,92.9239465504301,106.28918261420408,91.60458450546137,134.63101595804923
2024-01-24,121.01004232321206,92.51478237203236,106.90618744186189,92.18310178221508,134.06776923972973
2024-01-25,122.58139980473727,93.7387173107864,105.96693723951938,91.56286364892074,134.54872924770797
2024-01-26,122.18069099086392,94.04436436978186,105.60646816186765,91.41205072970078,134.0023132695311
2024-01-29,121.79903412845935,92.94986094602515,105.45131786782574,91.29105198424406,134.18114006208674
2024-01-30,122.12537892334525,92.60598846592673,106.01172861530792,91.77267115679493,134.29484234044963
2024-01-31,122.11192214270643,92.33195532602709,106.12511796906968,92.17936973996444,132.97810210669226
2024-02-01,121.32245268562387,91.56208251151986,106.45793427661036,93.0313633552443,131.8854163972933
2024-02-02,120.59748525442625,90.71733531893923,106.06090181978854,92.58569169513157,132.13375629239067
2024-02-05,119.07240632707273,89.69893845201837,105.31749639195749,91.67930057283854,131.2781556325196
2024-02-06,121.46556118524134,91.49869308201673,103.30192833295557,89.95727087245025,133.27642044013808
2024-02-07,122.36018544249336,92.41051793074281,103.23345820576367,90.81196740194073,133.44963566651197
2024-02-08,123.67420250157201,92.64818074483003,102.25890394423574,89.54290174312877,134.24186892862485
2024-02-09,123.60554667174601,92.650980025826,102.32026222301897,88.92334355468753,134.03174773854124
2024-02-12,121.38443410272843,91.55702483197697,102.69431993043601,88.32584611232444,133.83872601736638
2024-02-13,119.57496139283705,89.52664975656613,102.32557142058813,87.99256447735907,133.21067649016913
2024-02-14,120.6363213793581,91.64298729415806,100.81491565302325,87.81641167395786,134.0155843330553
2024-02-15,119.78740578300125,90.63916408669562,100.39318742824648,88.70914179850408,134.2942658023765
2024-02-16,119.82074881615307,91.33813656365464,99.5234774460837,87.41190946459825,133.05345458586905
2024-02-19,118.81509632898735,90.59635739983483,99.81620572454486,87.4651234710128,131.36922906730106
2024-02-20,119.96021922631657,91.65265974166277,100.03344333017448,86.43928909465808,132.14441482513303
2024-02-21,118.2504042834777,90.05071127914121,100.71615166001789,86.53783777071281,130.32027111749795
2024-02-22,118.259305922537,89.30126269915236,101.34126935263137,86.73881866332856,130.855585160468
2024-02-23,117.51209866019059,88.43910234397163,100.9953037402682,87.12595193457891,130.04389926839806
2024-02-26,118.42107180478916,88.98777212706494,99.52517097705972,86.39267267511407,130.208038094727
2024-02-27,118.4692493672959,88.44539788823725,100.01596801759365,86.60239691462414,129.9094501733834
2024-02-28,119.40168595805119,89.66034669341212,99.85536675862983,86.09955879742677,129.26271165781657
2024-02-29,118.41869998635784,88.56443937381701,100.10024356303506,85.87612688287088,129.087227842727
2024-03-01,117.54763580119072,87.83748463087252,101.0274314730266,86.30582164115756,128.24839003127724
2024-03-04,116.69855004879295,86.85128975099006,100.64548504776789,85.75398924903898,128.39187588022406
2024-03-05,116.38782157440126,85.95985395108085,101.74052540215757,86.3965759296119,126.8466683650598
2024-03-06,115.77071156512271,85.52295470216902,102.96797492390424,86.00770580273719,126.75416822865932
2024-03-07,117.71494603883855,86.76954147112865,102.29696014797412,85.42767166844851,127.8956874015194
2024-03-08,117.66325979657447,87.0427029515071,103.0435812310459,85.14546740135269,126.27271810923766
2024-03-11,117.63326303677484,87.15907605987468,103.2287467181089,84.97316342445154,126.28464550086076
2024-03-12,119.77246364987822,89.0428843869185,102.5201023056629,84.67754869742024,127.58302694718518
2024-03-13,122.12490018087017,90.83046177809956,101.96749876422754,84.50952838635506,129.79995992750096
2024-03-14,124.9970393301475,93.34784194299736,101.41841793727092,84.6858986855915,129.9030415788282
2024-03-15,126.11473915282633,94.31247007744831,101.45890794228522,84.37896983774199,130.21223893658475
2024-03-18,125.49270352099748,94.34184822926123,101.41412641051797,85.53010971463982,130.26142467631686
2024-03-19,123.57163713094481,92.72519614863617,101.40255042989155,83.88297245660338,130.31762906893806
2024-03-20,124.61429883188728,93.83623948742729,101.31513964724861,83.07698743512006,130.5665293851735
2024-03-21,125.87307388412574,94.31238731016481,99.38592471801716,82.52527067526388,131.76083005804998
2024-03-22,126.07783929128998,94.8540548922826,99.78171246415435,82.79190615257168,132.60984723249646
2024-03-25,123.77973815632551,93.26090871376938,100.67867661678127,82.00623217423093,129.96897556968253
2024-03-26,122.67174790318644,92.02636576535392,101.34672833193778,81.75912336017507,128.51478079728278
2024-03-27,121.7713857485039,91.86623373706237,101.61905798470703,81.5470854528796,127.88894744959904
2024-03-28,123.65941747708331,93.01742227738171,101.99095034932328,82.08601708206787,128.66473059881844
2024-03-29,127.37053626199572,95.47489192262952,100.89766883742013,81.50437084979225,131.62996140064217
2024-04-01,129.95237106592026,98.42691648266808,101.23144926021648,81.68328288810913,132.68001392779198
2024-04-02,127.34630137324868,97.40779241129005,102.18487924983195,81.24429711351802,131.9797110329955
2024-04-03,125.85976581345042,96.40467430092015,102.41347725843468,81.50185742865604,131.0839282431556
2024-04-04,123.66840447840089,94.64304522565786,103.55456478082768,81.58264578944554,130.07472703261712
2024-04-05,122.11681691845968,93.35490520744314,103.491603119708,81.83064460049766,129.2858058467806
2024-04-08,123.12805212798104,94.74181000216056,103.7803238316386,82.14033625218097,129.0839509694
2024-04-09,123.1239355474279,94.46129125811574,103.52548158886576,81.86502463200165,128.46084462322693
2024-04-10,120.2319927839116,91.73357728678528,104.2463305377171,80.95694504991239,126.6391873777994
2024-04-11,122.9736694976626,94.49373259739741,104.75306552042478,81.62705021004604,128.80334787377637
2024-04-12,121.90532630375247,93.27853670936324,103.16577104488245,81.76453396894094,129.80405424835806
2024-04-15,121.09610327257805,92.48396031961076,102.84575468412982,81.81302628545538,130.25027558239572
2024-04-16,118.56358853342222,90.61574988513071,103.25888822041101,81.66778142668062,129.04228229147895
2024-04-17,118.29582105528245,90.34459007685763,103.17620672689456,82.20877713032941,129.22339391216954
2024-04-18,118.6089503837775,89.97124879079837,102.78186390370001,82.76675822295128,129.5348624266155
2024-04-19,119.54766640801395,91.60758855280568,103.34274974310958,83.00350147918022,129.57444748537114
2024-04-22,115.88441566482663,88.51000410861673,103.95382533790931,82.9834630998089,127.21776927923099
2024-04-23,115.43888404001974,87.28061191580188,103.33847099741018,83.14928450816365,128.2976053033215
2024-04-24,115.30378538243771,87.3279638776887,104.0031693217195,82.81875013023067,128.25496705550302
2024-04-25,114.27920963485761,86.90945818813402,104.39835010968245,82.93259224105415,127.02663504612646
2024-04-26,115.24879882576866,88.69502156947846,103.64333843092864,82.45894730371903,128.03159389961203
2024-04-29,116.33638728162833,89.32109857695762,101.52455236186206,82.80056601376916,129.86820283500958
2024-04-30,113.90316865460927,87.01814990583607,103.03503294970466,83.92089110323396,128.6278071289458
2024-05-01,113.66245148339922,86.86038704013235,103.01345509555708,84.58510961259228,127.90784577663656
2024-05-02,112.56338151325582,86.44037647527537,103.30969881698675,85.33210746216564,126.76028889459107
2024-05-03,112.48938906357392,85.9419013227916,103.27438824621251,84.43130172702774,126.34580748096909
2024-05-06,110.5506292259024,84.67928654863108,104.2455758681166,83.33517580718348,125.81101931033452
2024-05-07,113.86371898987042,87.42451596525089,103.0125907448417,85.16375898262169,127.29858597392763
2024-05-08,113.89119175499197,87.53331866225844,103.87941689920103,85.67527027350327,126.70480455278692
2024-05-09,112.5912134967255,86.29675453900782,103.51832371626249,85.42797265952962,125.67769297632567
2024-05-10,110.57262715884795,85.23043720966697,103.7638789654582,84.3185502950214,124.33449832807575
2024-05-13,110.66334744291204,84.48876301467014,103.84558722347109,83.82356839489526,125.44606458341472
2024-05-14,111.35914613324383,84.87356010079526,103.16752918461911,83.66267710954253,126.46861913158129
2024-05-15,111.32507808055591,84.74456216003307,103.19967527683929,83.30514216610254,126.18850072111695
2024-05-16,108.53866600710471,82.92066342206714,104.1305952287576,82.66739701451937,125.56625356089894
2024-05-17,108.65200183953378,82.5421803983378,104.59157993182238,83.15333445567131,125.7357381212103
2024-05-20,108.09689145465624,82.29356941273595,104.59013010771297,83.38799702261362,124.13347247085633
2024-05-21,107.53408698306363,82.61129900776739,104.34330794053656,82.72468275422789,123.61131184896522
2024-05-22,105.96649015885313,80.31774301526681,104.45297213781753,82.77770408228929,122.55534290067705
2024-05-23,105.78226288634657,80.18683499143823,105.16808326497772,82.8596238146888,121.8459805126543
2024-05-24,105.42540580698878,80.15138411846378,106.22212812786154,82.71254742419623,121.38653159286217
2024-05-27,105.85346345447574,80.06417221849223,106.05838034478346,81.8849311343144,120.48285484908547
2024-05-28,106.31931998429434,80.27373441768087,106.04460845481766,81.96412413170826,120.11635485669517
2024-05-29,106.26158310495978,79.68382474119225,106.89803920987843,81.4773702044723,119.65209122603477
2024-05-30,104.93254195730512,78.86350856063021,107.06560298205825,80.98165894446512,119.3869819414904
2024-05-31,104.96960067885752,79.11696169967887,106.43558460605982,79.90350361785164,119.65150474683823
2024-06-03,104.56797058348724,79.06398628152238,106.53005890382975,79.95481242598352,118.35882034026606
2024-06-04,106.93761080369148,80.91581470547213,106.34808585668749,79.74721200945747,119.97717712957746
2024-06-05,105.26573352857824,79.75870164696718,106.57819627594769,79.57083597434558,119.40396526484034
2024-06-06,103.7088024090085,78.19297233583306,107.25093226363241,80.85526353203791,118.2218016488582
2024-06-07,104.44447463521573,78.74242622334835,108.34026937325415,80.24323384246092,118.37422046350072
2024-06-10,102.40712552423415,76.01083515956701,108.93061545232806,80.38713444165737,116.77047438002552
2024-06-11,102.27662514613054,77.19904764240157,108.99703507947514,80.47966091560512,116.35084508519952
2024-06-12,102.63896984303081,77.39169334603831,108.60151206894506,81.52934114024639,117.43389727231535
2024-06-13,102.80739626325335,76.5495490854948,108.15884185006124,83.23592903707423,117.4954243780978
2024-06-14,104.16842337638981,78.24291498994168,108.02503046639127,82.76986090047646,116.81698800607494
2024-06-17,105.02364180966495,78.58261227251108,107.85716530728664,82.1266518402573,117.15343362211605
2024-06-18,105.06613738499402,78.73255072600247,107.11520276302802,82.6218977986573,117.03497317593926
2024-06-19,102.95497692444653,76.98741519323931,107.69600739963101,82.60141335518914,116.51431747789222
2024-06-20,102.6628539100871,76.70242342655145,107.02921441439359,82.86714755490124,116.65605919116284
2024-06-21,102.14539896762247,75.48587429666388,108.00885711398598,82.47071468759022,115.63697940507332
2024-06-24,102.58463788424305,75.3386870344621,106.80482960208147,80.93468225040029,116.61694361620407
2024-06-25,101.91350508230641,76.01971212318871,106.51736068570968,79.98233361441729,116.0071541329454
2024-06-26,102.2108495412521,76.06164732292943,106.81116671339996,79.56076229851665,115.20817728942005
2024-06-27,100.00528486718083,73.37199799160007,106.92767979896256,79.24935663514965,113.43927399137092
2024-06-28,101.4974506786193,75.04143787440782,106.36588126958526,78.14971114965113,114.12526110632717
2024-07-01,100.76688657047836,74.19112044393111,106.06267768203175,77.61559123143115,113.52156725453409
2024-07-02,99.99838859669568,73.66861215212465,106.526229326473,77.09850014411894,113.71510078743489
2024-07-03,98.82233278579452,72.08474854881217,107.00280820075072,76.70463803778127,113.03760622157422
2024-07-04,95.97189912493786,70.40380105940824,108.35103449975476,75.7280134162563,110.09250438655403
2024-07-05,97.89778554083532,71.63536677754917,107.16942115219676,74.43691782949934,111.28803238653397
2024-07-08,97.63026658863573,71.70648491437261,106.35999843422013,73.27526392525301,111.61469588539019
2024-07-09,98.80971449147607,72.0181209395763,106.63690370724001,73.63840892287492,112.85664724813667
2024-07-10,98.72645304499954,70.95629897516082,106.39633157217996,74.30623451345502,112.28458760859263
2024-07-11,98.2668241815682,70.53315760351457,104.5956179595118,74.67419825745625,111.98216581478822
2024-07-12,98.86318835947053,70.95904778636923,105.24188576525918,75.1792996220616,112.01572762210394
2024-07-15,97.80315934874537,70.45305430932069,104.36240222067813,75.08607849256101,111.00245824325607
2024-07-16,99.27288693122746,71.65177365180139,104.37917960092729,75.33723460875402,110.81581735571402
2024-07-17,98.2475221042336,71.12177354545231,104.81303058711231,75.94291590343907,110.37857429478974
2024-07-18,97.10780931973343,69.92557569241937,105.1486419013759,74.6110014106249,110.56932423578839
2024-07-19,97.62257401385864,70.79420946954832,104.0466525646679,74.98464462418363,112.55068833337529
2024-07-22,96.07520347372513,69.88943527076992,104.5290254503026,73.98485869319516,111.78821270577801
2024-07-23,97.0362666439783,70.40930880164302,104.97463368057858,73.36427992199765,111.30264561464229
2024-07-24,97.19532545959296,70.5429921290442,104.46307930027618,73.6856053899922,111.86880305546542
2024-07-25,98.19621073506126,71.27503081183126,104.56452533479647,73.61771935685559,113.6657786682618
2024-07-26,97.23874374696389,71.35242669061084,104.98854094309826,72.71074836136415,113.84256432764741
2024-07-29,97.3856536610862,71.80134805504572,105.80059110990649,73.09038127030284,113.36481718800951
2024-07-30,98.52589948192843,72.70398675909733,105.9269294649993,72.10423492430228,114.25723143476465
2024-07-31,97.77089256810255,72.76552982361592,106.65699594808046,72.2293577804723,113.94369296909885
2024-08-01,96.59947112775598,72.47786288491984,108.41901428369123,72.66377325482625,113.77192956607188
2024-08-02,95.939718147935,71.62956190362706,108.58851364248032,72.90468432390296,113.0695221464924
2024-08-05,96.55883809128953,72.24611834124543,107.75031806041181,73.02837312227737,114.21488046609494
2024-08-06,96.75752062818755,72.86259014526235,106.9514140175905,73.01995057928487,113.87027403485541
2024-08-07,95.46397162817894,71.56482033154307,106.65890811345243,72.49636027539434,113.00939509866498
2024-08-08,96.42298873375745,72.21036335465716,105.30463342544975,72.89881367712273,113.46754623768514
2024-08-09,96.35504474478364,72.33267058682084,105.48344492062904,73.5098174398521,113.69628413365969
2024-08-12,95.35914646769372,72.39486162239709,106.03672360228424,73.30448087612741,113.57571154557704
2024-08-13,95.64459561916713,72.78604263824553,107.6232582223547,73.61415608963567,113.12113540647437
2024-08-14,95.77839687483893,73.32326084070829,106.64500303425095,72.20745878011594,113.10853579062858
2024-08-15,93.90046261521063,71.60926241223031,107.49978824708357,71.72227367563127,110.83314640970517
2024-08-16,93.9785921139486,72.01211574398451,106.39897757402154,71.82292932985337,111.69623602892436
2024-08-19,95.05455500983948,73.37849111561582,107.61561810044908,72.04211711348736,112.11535458215882
2024-08-20,94.57954257030285,72.98570483199205,108.78324301872766,71.56515483874612,110.96968379093329
2024-08-21,96.14258028643656,74.68881785612032,108.1329416767036,72.0076360149692,112.33041726704623
2024-08-22,97.8734635510075,76.16260453180334,108.31682061258687,73.72221025599572,113.72881896047686
2024-08-23,97.931398572251,76.51289996735628,108.10134515280676,74.94564087217265,113.9856465523206
2024-08-26,97.61065367105117,75.89309289402001,108.87737807395123,75.6603458063466,113.26706814074944
2024-08-27,98.28586718233466,75.82839117989667,108.7052317925932,76.06545655285744,114.73186070385391
2024-08-28,97.376740048735,74.5436850200753,108.27918883935456,75.13450863895356,115.07607720348723
2024-08-29,99.18635740146475,76.16154066015027,108.5947894904463,75.53866981695242,116.04509362616714
2024-08-30,98.78996394172557,75.70513535244457,107.6424917535886,75.38342641857531,116.04070195381524
2024-09-02,99.67357385038835,76.47077137908279,107.2869082226366,74.90919235726798,116.7109731081746
2024-09-03,100.55656676812667,76.7181664037453,107.02131601141826,75.16298122503483,116.84350357708573
2024-09-04,99.84721302683212,76.23436166501186,106.4797945768307,75.09190861381984,116.01780932556791
2024-09-05,101.12068877608785,78.25585924918288,105.70423712793388,75.19728614173535,116.6130262470016
2024-09-06,102.38383281255317,78.76179885586359,105.5924735455861,74.93018359779376,117.22307634763598
2024-09-09,101.1171089797988,78.07125588023847,105.43828031872633,74.96966590285385,116.32931368636194
2024-09-10,100.97820759626646,78.01944087690816,104.9860051001856,74.92858355766509,117.34329596995087
2024-09-11,100.03536019450581,77.73917116147531,106.29656822868347,74.6428750235963,115.49258206425273
2024-09-12,100.39784140346588,77.808025490349,107.39590475217832,75.06179706386013,114.88611812340268
2024-09-13,99.0157733396535,77.12368353432943,107.47341462584498,74.84471975187317,114.66674900428808
2024-09-16,98.4403827571021,76.6232084789596,107.62327986113287,75.19269908301001,114.65526894415197
2024-09-17,98.18036579764427,76.43273608921449,107.45312074077505,74.2694769285425,114.68461074489402
2024-09-18,100.40967874849882,77.92490100536708,106.23819481555073,73.81477934086347,116.78081541008663
2024-09-19,100.95006611304969,78.30724880512527,105.47109317082115,73.73376462229466,116.33655851523245
2024-09-20,101.12381316992926,78.82636822120054,104.65822258586435,72.62300017251083,117.66225104158283
2024-09-23,100.38145156004728,78.69656635887864,104.83182463388712,72.41264019684449,117.46932360076161
2024-09-24,99.31660649903571,77.85774655247138,104.8833568674448,71.55790563361394,117.007224448018
2024-09-25,99.0027964449099,77.52661932099406,104.17066242841113,72.18250215492154,117.5961876830131
2024-09-26,100.14824598981198,78.3594409955206,102.71426067804946,73.00540694801684,118.70977205802076
2024-09-27,99.24835415578474,77.78290273194976,103.72838199421659,73.13671627226836,118.68294894647767
2024-09-30,100.53818569316813,78.408517582501,102.87187825822272,73.66259484747903,117.98579255126957
2024-10-01,100.35787364238024,77.64201508106532,102.52591420711983,73.46355350894007,117.71096749689269
2024-10-02,99.69278846289505,76.62234286445961,104.09792285456125,74.92952697720405,116.10253622387492
2024-10-03,101.58549603023074,78.01578558382955,103.63755043712078,75.05078877346818,116.95114684195711
2024-10-04,102.78483757037958,79.05829020972692,103.01700856396663,74.29072792188475,117.26620834327592
2024-10-07,100.76032970749861,77.39222315217489,102.78342322068106,73.80042488796029,117.0042816298201
2024-10-08,102.21043155212632,78.57399309686276,102.3374250128115,74.91169050112538,118.36286530705272
2024-10-09,101.80836867537168,77.62745111773988,102.60525721079642,75.49514848619624,117.61541212888231
2024-10-10,102.16413120482422,77.76375070049886,102.37100348428787,74.08880741549959,117.7096762375232
2024-10-11,103.35254847598996,78.46526224445556,102.05261483026955,73.77634112998331,118.71385363661066
2024-10-14,103.08400978475554,77.84206737016622,102.9100938018142,74.56668375856117,117.89876127867707
2024-10-15,103.69977796426066,78.5706859539166,103.19355796361258,73.7504636462208,118.80600656825438
2024-10-16,102.99084609271824,77.83989424051008,105.04992621614623,74.38514301486279,117.57938177064109
2024-10-17,100.26534449271456,76.22247819390815,104.98912718465216,73.35057417926717,115.79813781702943
2024-10-18,101.96954868757501,77.93641997353421,104.46689663481574,73.55555247826875,116.61367361408925
2024-10-21,102.14043377194541,78.10796799064715,105.05524973733371,74.2759601544985,116.87134697031432
2024-10-22,101.69630973149783,78.06135599263926,105.16237317207438,73.59565534087508,116.3255335390873
2024-10-23,101.79946271938103,78.53619786745645,105.07242160022197,72.85814371666216,116.45217118465978
2024-10-24,101.93805988642133,78.73104446976619,105.6480682639553,73.58409029202618,116.01529908569358
2024-10-25,101.18435826171867,77.65688932592118,106.24571369506042,74.51798741736151,115.20060132063776
2024-10-28,100.89121030064112,78.04039014708225,106.75533550203728,74.77201546379717,114.18716638488937
2024-10-29,101.71294265713652,78.32476771149206,105.71365030440238,74.45502380088472,114.56863607167787
2024-10-30,101.44246797304264,77.48194118241365,106.32556095433164,75.31618832114546,113.01735786436484
2024-10-31,102.63355406841428,78.11382824960249,106.51242137390406,75.54922217287725,113.64867625497996
2024-11-01,102.40558731309658,78.44711823234228,105.83147512227391,75.58693020037927,114.4202406745988
2024-11-04,103.28587403306038,80.17152323659526,105.3937915080561,75.97182685186333,115.05684145414531
2024-11-05,104.81459512866567,81.44176741225328,104.72948185540056,76.73225919710377,115.8396226664561
2024-11-06,103.03770378730168,79.728902669649,105.566020847633,77.5743502878702,114.66208691621532
2024-11-07,104.66759177466507,80.48842145367806,104.74947595477838,77.48302884087693,115.72150688876891
2024-11-08,104.773215259864,80.88072728057247,104.47579140193251,77.44981296103047,115.85131074309945
2024-11-11,103.60911371337613,79.8657441284986,104.67990888493158,77.26237914214934,115.14182144789056
2024-11-12,103.7031993350702,79.7541503888083,105.45636932705698,76.85915656957593,114.49825317972882
2024-11-13,107.16269279747539,82.15559741011904,103.57821340568645,77.27447675586902,115.70479225935881
2024-11-14,106.86014176862375,82.87392541843525,102.79435226831235,75.70320462810145,114.85071438074208
2024-11-15,108.01212773861684,84.34430446157467,102.24584881188166,76.0057154467461,116.54864700067391
2024-11-18,110.32878880935948,86.1719962273675,100.19084561937407,75.23756764443485,118.16198022695083
2024-11-19,109.98596796373252,85.7957788247152,100.95860086755324,76.15986047846192,117.642587168193
2024-11-20,111.43578303236548,87.17802792401977,100.67170700775358,76.7537717705807,118.59955947074619
2024-11-21,114.18754863059719,88.80060730914187,99.6085319615125,76.8011262458667,120.6812779249197
2024-11-22,115.92497222799032,90.2389515606074,98.3278168823556,77.10532286466776,122.53720840841649
2024-11-25,113.22365329407944,87.98008901787804,97.9562621083667,76.26739803952783,120.57426385037353
2024-11-26,114.32318816148208,88.95353237581799,96.93000251150184,76.57703571697057,120.59181077468774
2024-11-27,114.77606409327461,88.93445232907538,96.56076792933364,76.85899544395947,121.28416992170887
2024-11-28,116.61748867020083,90.42578058679408,96.33338878030318,76.76861945285646,122.47403206500522
2024-11-29,117.23250978089297,90.88886622072435,95.11319577139695,76.64675068976466,123.45418974575348
2024-12-02,116.27564845626898,89.45210571153265,96.11616031409916,77.22628124604364,122.41701033019912
2024-12-03,114.68913762662008,87.73872540871793,97.19139553158239,77.51532415735453,120.8154089160071
2024-12-04,115.39060744726083,87.92265305366908,97.8948294551436,78.67327031123466,120.66659862956526
2024-12-05,114.52009574699392,85.94768207933757,97.03066741517587,77.66831448368337,120.47239587919161
2024-12-06,114.07177196617167,84.95210249874499,96.88137171709565,77.94816921935823,120.59317936767064
2024-12-09,111.4713869051031,82.81372924081094,96.61973693887163,78.06719363284097,119.77780015429956
2024-12-10,110.27013482033993,81.50777568058263,96.57082372365419,76.62630533949067,119.28881450290396
2024-12-11,109.90909556142088,81.65522114464422,96.05076263000102,75.99143622407249,118.29948176161619
2024-12-12,108.58452755124661,80.06942541542082,96.88086377903737,75.76697891847458,117.3358950188097
2024-12-13,108.08838737944096,79.11903279877419,96.82093267988705,76.10736746611744,116.29076785779846
2024-12-16,109.13785574053976,79.57468528518046,96.23326217523686,76.41680660412821,116.62849715602674
2024-12-17,109.18706581547177,79.47579787183759,96.28093781102433,75.09429102557739,115.44578050985777
2024-12-18,109.99413337582453,80.55861755834883,95.60936265053547,74.78009151082794,116.30121828402402
2024-12-19,110.90913180784834,80.3816357075785,94.75580056288226,74.5699030813709,117.45667779916134
2024-12-20,114.23431687783012,82.8677392074325,93.1674834534559,74.71929705106194,120.6252409558636
2024-12-23,114.38238390970913,82.5707885426273,93.63979255467618,75.32199392270212,119.8668613156257
2024-12-24,114.90592436672289,83.42825443634332,94.27255454156544,75.4903463174513,119.73301537276322
2024-12-25,116.59817676245083,84.19306703849655,94.0960644155073,74.94355345960872,121.3384041082971
2024-12-26,116.23712512274697,84.49926952771217,94.53272709731984,74.27114833381556,121.94377774703563
2024-12-27,118.40087260430492,86.59662749120648,93.67352314247631,74.02761489438394,123.51845868948776
2024-12-30,117.40103350020613,86.61584100834243,94.06155113165869,72.42516043778751,123.07360647003766
2024-12-31,116.91054504172098,86.19182367629892,93.94470604702094,72.77546907522706,123.6017636445662
