Date,SPY,QQQ,TLT,GLD,HYG
2020-01-01,0.005960569836134792,0.005639041838758019,0.002381067483036058,0.013627897241131738,0.0013683799840096872
2020-01-02,-0.0028096434833901666,0.005649230923390455,0.006471236579934507,-0.0027884685491322177,6.887149257767475e-05
2020-01-03,-0.005561012313749547,-0.008524212453010103,0.0026823429211922816,-0.013901562966990317,-0.013222168808642423
2020-01-06,-0.006747450350891673,-0.012799522923188644,0.0031112761848195378,-0.005930983214058108,-0.012246208304147597
2020-01-07,0.017587785227058648,0.01763875386356974,-0.004333764901829368,-0.00897342081951803,0.00704572043506386
2020-01-08,0.001331071076518393,-0.004886654239204677,0.0012890861348710423,-0.002737101759728326,-0.00154310790464338
2020-01-09,-0.007220479346752763,0.0024132044012533122,0.002936232778244752,-0.009698114572090506,0.00019863635404055832
2020-01-10,-0.014650123799652267,-0.014578461528351641,-0.00821985542505997,-0.016219898533970958,-0.004504266583874496
2020-01-13,0.008861598959944926,0.010451722807650492,-0.0029416242583661482,-0.0019490866385725725,-0.0026333374234800556
2020-01-14,-0.008638130500736503,-0.011799052480014964,0.008564804560643914,0.004844410623940007,-0.01625064168740372
2020-01-15,0.00388900763273754,0.002061310110748557,-0.005466273786723618,0.0034295924570765246,0.008987693326053923
2020-01-16,0.011175361429394383,0.007390221372397663,-0.005366969529878837,0.003119246156237665,0.012295583787506031
2020-01-17,-0.005750090854143479,-0.007190448443593091,-0.0054865569389370445,-0.012116510085575467,0.0026398065014244035
2020-01-20,0.016274880342849875,0.017073262326611986,0.0019277283118026563,0.00659608667660208,0.004463330497526825
2020-01-21,0.004336747266100967,0.013093762136576193,-0.000427290205624523,0.011042944396800997,-0.011246339502689506
2020-01-22,0.009862830052502686,0.011063719074119679,-0.004396446035416,0.0006680424572393359,-0.00445048004997615
2020-01-23,-0.0026360626540501433,-0.0008699482940483925,0.010103745123001565,-0.0005871928128529652,-0.008337908086298834
2020-01-24,-0.0060210845230144385,-0.0014399501822223958,0.004181799251431271,-0.004194310038065989,-0.0013035919563783112
2020-01-27,0.0011649305921764847,0.00656517540551007,-0.004085482962715096,-0.004740580840176731,-0.0002885258159851777
2020-01-28,-0.017562179377585422,-0.017225302909830154,0.006414087087765133,-0.0008907222903297539,-0.011943850350945364
2020-01-29,-0.01698444890460497,-0.020537995901367498,0.0020707287011590713,-0.007983914650251353,-0.010379796041359836
2020-01-30,0.004848610281774461,0.015553407396085517,0.0009588218298006374,0.0015911973700464932,0.0022903778294023885
2020-01-31,-0.0230252545835885,-0.02485925109678926,0.006402758559300868,0.016810559862456123,-0.014285384884682152
2020-02-03,0.0036185681080033497,0.0036934712518399953,-0.008242040002779841,0.005933643037877225,0.008207172533501325
2020-02-04,0.009492383364516563,0.005198812534187117,0.005683678395087978,-0.00565107633664162,0.006219583589297437
2020-02-05,0.026285467509719742,0.022778137267526172,-0.011024754504351421,0.0020343547419898592,0.013534672759437927
2020-02-06,-0.01860796117279359,-0.019596349752242365,-0.0016830384196749987,-0.000661620319324727,-0.014063111348073472
2020-02-07,0.018599212860210473,0.015665556308129474,-0.007361687812001613,0.007264746285521079,0.004824837049724806
2020-02-10,0.002729519215249553,0.010101789360189864,-0.00992388270058398,-0.0032690854296183415,0.005691267263685706
2020-02-11,0.009381874461327724,0.0032829068923735005,-0.01142930143571862,0.0020981928236325055,0.009223034835440189
2020-02-12,0.0030059142041505187,0.0051272597041281944,-0.004809529724472193,5.001148065272478e-05,0.004486996461196384
2020-02-13,-0.008572217016316414,0.0010363917171860308,0.006331249403041585,-0.009585708081677548,-0.0022912907392456587
2020-02-14,-0.011696180042727858,-0.008235279226131776,0.01075657672132541,-0.004654891804053475,-0.0035813305569667242
2020-02-17,0.0049533711232379795,0.009827144901822231,0.011000102851712943,0.0028376006901416344,-0.004218299041820901
2020-02-18,-0.01067417315550628,-0.015933180245755633,0.0018268553048716146,0.00201745861778471,-0.004628055906848698
2020-02-19,0.009926198988432286,0.010725459769357416,0.0064456247878147375,0.002472859896283309,0.0180963347854201
2020-02-20,0.0075080081731800745,0.0033554944802579394,-0.009154078330389908,0.0020470338586191135,0.004932424631768127
2020-02-21,0.008568005929105104,0.011792913548240169,-0.0024148336661810083,-0.006146505954003715,-0.0031245784741219577
2020-02-24,-0.005358179424804253,-0.0010521748427862456,0.0032585996429053705,-0.009767016289133896,-0.0026612917733586454
2020-02-25,0.004623808556746042,0.00011328846901903817,-0.0007940679853317525,0.0017435968777321947,-0.0037491711249315364
2020-02-26,0.0042934483241793995,0.007685245718647038,0.005951865004291371,0.010639775340761697,-0.006500306628420749
2020-02-27,-0.011253900478981473,-0.009253261640700564,0.006463501905175221,0.0039431939474824495,0.01346171769130598
2020-02-28,0.006850686128318004,0.013583756086577824,0.0048267384521216514,0.007141945885283964,0.0009135180550158674
2020-03-02,0.009107630645919209,0.005535142103371545,-0.004333464683973715,-0.0030323387245806237,0.00604633751037032
2020-03-03,0.027775902800082103,0.01956738520142142,-0.004155447950830781,-0.006986845080177954,0.012282093984138721
2020-03-04,0.013067407163608394,0.014378378963205818,-0.010096492158638944,-0.007085314656298437,0.012961283568765922
2020-03-05,-0.00876439958060564,-0.008219444883899594,0.0027156348408407067,-0.005609869464297375,0.006289727034029793
2020-03-06,0.007607028267816135,-0.0029467908184123066,-0.002066601487007104,-0.0026296114773365956,0.008548769809281128
2020-03-09,-0.009510248861192408,-0.010837209560765594,0.005568610198189742,0.007082926696969998,-0.012746705231362326
2020-03-10,-0.004014014830091381,-0.006914332934112083,-0.0032995158977651585,0.011570569717263017,0.0010951115379526266
2020-03-11,-0.015130607452020543,-0.01120400806072764,0.01773245204904011,0.011329773719842782,-0.020289319377046616
2020-03-12,-0.005810808874395016,0.0007144254789713113,-0.002108166468620007,0.00029120855707896054,0.002049454163419005
2020-03-13,-0.011123165658936996,-0.012265471591929634,-0.017282294546444137,-0.016729863610094788,-0.0027699477843966492
2020-03-16,0.06738029182610188,0.035573199774717165,-0.011927955674061717,-0.013689870160600697,0.02284536040740042
2020-03-17,-0.07782875760957024,-0.05342614816857404,0.005474438123292498,0.0079357506544387,-0.011468656782242582
2020-03-18,-0.02495358761021662,-0.03522052418665271,-0.015207217656853105,-0.0010091179467609248,-0.008621682979417698
2020-03-19,-0.006129936643567395,-0.025475598745140174,0.029736382319736892,-0.008374202617502874,-0.03845901144096838
2020-03-20,0.1054127411742151,0.12987856986329588,0.02915158860513469,0.0027229222108596665,0.07193743616794282
2020-03-23,0.011238601519292861,0.02692820112845703,-0.009931832403739627,0.007488382135517195,-0.00600016555617888
2020-03-24,0.03741711814407533,0.019943498458979084,0.013922608943262381,0.008479046046944305,0.007237314555997216
2020-03-25,0.044765730589791906,0.06875544507849925,0.020761621437872385,0.009030302848754555,0.02836352245851555
2020-03-26,-0.006335678698674228,-0.04260770652290187,-0.009822704838375605,0.0028955689788133197,-0.0033214820682312567
2020-03-27,0.011754784974269896,-0.01612548795192939,0.019465161959870234,0.010949035761080144,-0.017384313885024136
2020-03-30,-0.0011342074481689886,-0.020061539653521962,-0.00474719710871282,0.0018682765785830735,-0.00010602948761586983
2020-03-31,-0.005237782109606782,-0.0225742476720454,-0.015104357789343124,0.02003609301156846,0.012472522420866838
2020-04-01,0.06556618509053753,0.04642180276031623,0.028360243558025043,0.007199158304585578,0.02507357766952229
2020-04-02,0.0006613257337333896,0.02540422442310671,-0.00010400863900606784,-0.006517187772818282,-0.019653209998690673
2020-04-03,0.007941098601115488,0.03211742083062039,-0.006112839937937024,0.003986396137643167,0.014181511443368938
2020-04-06,-0.009866644746797177,-0.00925312180690264,0.0042620702522077865,-0.004125620696804905,-0.008760823516404382
2020-04-07,0.0027845992482916355,-0.004956628547082731,-0.010367058344421044,-0.0078261612202204,0.002578053474725383
2020-04-08,0.003730890787176055,0.012099558066529577,0.005252623634012084,0.00034992950649019507,0.0007550299034346346
2020-04-09,-0.012030352375653707,-0.013014157146788023,0.0013507967681514895,0.0007413265881052569,-0.010992154039176347
2020-04-10,0.006232158170894068,0.015099102373938671,-0.0013818219718421084,0.002287042573092438,0.00768057812315897
2020-04-13,-0.004814645662630035,-0.003938156270079622,0.0014782742812962275,0.00024054135327574764,-0.006981089351587459
2020-04-14,0.00029412209110731257,0.0030481364666327666,0.009253695788489683,0.0105795333637974,0.00959342937549201
2020-04-15,-0.009208170754656594,-0.005097137997371601,0.004087565166468149,0.015617383279946707,-0.009709394582916385
2020-04-16,-0.010076662106169313,-0.014104399073977564,-0.010932969851326056,-0.009746066769680867,-0.0066597646800123905
2020-04-17,0.0018047254377144917,0.003812238145943813,0.0114066449236576,0.01180490833581999,-0.004944001434423016
2020-04-20,-0.010780976056180296,-0.008872490805627622,-0.005085273565510301,0.009239395007874745,0.002452698144788519
2020-04-21,-0.0056301078252564574,-0.015442706622823977,0.008860867020586577,0.0031741260005735826,0.0010861947725455524
2020-04-22,-0.019133131905532407,-0.023824913299876214,0.004691089433419044,-0.0007929281789753836,-0.013655708866079646
2020-04-23,0.007474199188169985,0.0021644264768888857,-0.003496143411959349,0.0018033567658125801,0.007333863440474451
2020-04-24,0.008539378537066678,0.0029948492688845673,-0.012469243703186183,0.007092197624344758,0.00937043482207761
2020-04-27,-0.008981838438678644,-0.0011295574789181777,0.004019384799189697,0.007460527324332273,-0.004838071577948468
2020-04-28,0.024728975098583846,0.03617373750306274,-0.006974354999922332,0.0075505575798194766,0.018572694235997125
2020-04-29,0.016423578690388185,0.012333577393870188,-0.0006287970550525195,0.011588491285988498,-0.0009016596800464283
2020-04-30,-0.014199102151989301,-0.026429345040907146,0.0008127505541659657,0.0048331237878126085,0.00021273846658847624
2020-05-01,0.0008891373650373023,0.009890321417150308,-0.007830875810603717,-0.017208750314152192,0.002317995727800541
2020-05-04,0.004608785387271688,0.004767371574115709,-0.014092527802298442,-0.005503773185502395,-0.0010131884708756197
2020-05-05,0.008036070585960462,0.01063685459045273,-0.0077344322629024015,-0.005815501096060522,0.00045981061025828114
2020-05-06,-0.0007521491672780625,0.004433422577125175,-0.005355358439866052,0.0006387101612458186,-0.0015893599116149645
2020-05-07,-0.00951447398714813,-0.010799462361819175,-0.00400834519311534,-0.0074651259075005335,-0.010432379965327086
2020-05-08,0.023576701594996672,0.02549914577978452,-0.010520905387294622,0.0017018714348824315,0.014346666023832265
2020-05-11,-0.002651635194398676,0.0005237564299505004,0.005781954219063165,-0.0026600033756118135,-0.00591578641381079
2020-05-12,-0.0033006203658197284,-0.016172978170355495,-0.009958436820596396,0.007592687607473034,0.00944002059667081
2020-05-13,-0.00298843247467654,-4.409856710303708e-05,0.0030710732886008556,0.023293250192279374,0.004219989009655007
2020-05-14,-0.0015350110977691985,-0.0068904923563384585,-0.010172050305033679,-0.0020622513462154623,-0.0024084891345626707
2020-05-15,-0.01706704451517209,-0.021866280750944964,-0.0026415400372641097,0.008963154374474867,-0.003297950988107029
2020-05-18,-9.567169579940846e-05,0.008017554273193138,0.0014051957669831213,-0.007193515864354011,0.008003502078727439
2020-05-19,0.006466920524215904,0.0012499400153471517,-0.0035116719212554366,-0.005890501572868295,-0.0035386865988064355
2020-05-20,0.011114130570379696,0.022405862917397205,-0.010459304037938261,0.0003948315871830218,0.005430285466378173
2020-05-21,-0.005845504605176353,-0.0095245557069761,-0.0042007316583535246,-0.0019190692635890337,-0.006532003989901157
2020-05-22,0.003245481909358066,0.00320783459234917,-0.0023690942480813653,-0.007123233646137661,-0.0009471334374302348
2020-05-25,0.009064694709909072,0.012477899977911907,-0.008157281217751371,-0.0013103700931640925,0.010975156406492666
2020-05-26,-0.02003286337345646,-0.018520600332811457,0.0014659904107872234,0.0006675957091975509,-0.014661249643177133
2020-05-27,-0.02165858520797423,-0.032176974113446666,0.004996188925052085,0.0013476985297161425,-0.017681291119971833
2020-05-28,0.007663109505328487,-0.0008914521548494998,-0.0034316807154336167,-0.007610238321622241,0.0008247576538559634
2020-05-29,0.0005687840557969682,-0.004110470230153765,-0.0030643721378714314,0.007158852630458856,-0.0020739540456452786
2020-06-01,0.010028305344781703,0.004565174413047101,-2.221903488655389e-05,0.013659395416349626,-0.00819476691969692
2020-06-02,-0.009562743065645722,-0.007097698636180184,0.001597384275157829,0.0011488741132513155,-0.008443693173737159
2020-06-03,0.001039077449674799,0.0002610977301888112,0.006898216205845535,0.005039633401848712,0.0005668236611939511
2020-06-04,-0.004942523593469608,-0.007980400959074872,-0.0016899143938750327,0.0017741191583074943,-0.004438734247769159
2020-06-05,0.003477298282756955,0.015119727606144879,0.005767355133590077,-0.0012549706799423806,0.007177715266667256
2020-06-08,-0.004896904476258616,-0.016438908725807243,-0.006224196707578916,-0.01571250088178765,-0.003487971749582176
2020-06-09,0.0002210205502746204,0.009435600565836987,0.0029940533875559778,-0.0018406396134984097,0.004138466697679706
2020-06-10,-0.026533623708094624,-0.02718663938694596,0.011904198467046764,-0.011416246563881752,-0.010778055932045396
2020-06-11,0.00406195688993297,0.002081208321227941,0.0026184815866326745,0.019220638496139943,0.0026076411437993947
2020-06-12,0.0029786470356040332,0.0006766335734310896,-0.006348270869899561,0.004606716329270092,-0.001419183010636303
2020-06-15,0.0008587948466327096,-0.0016990649813841724,0.0024645365849655307,0.004079163986011729,0.005341750839009137
2020-06-16,-0.0061201967862569645,-0.008049776401520409,-0.004646844281262744,-0.006129224852004013,-3.6944267691549175e-05
2020-06-17,0.009083863399744223,0.0046902240962916775,0.0024658524998658793,0.013668847979635489,0.006264807832244415
2020-06-18,0.02252154975069679,0.019927459363679317,-0.014125590712727124,-0.014210456105301871,0.022980488848177615
2020-06-19,0.007852387876248692,0.008123244511837716,-0.00035314448665671737,-0.007075455603584449,0.01718302783753798
2020-06-22,0.00155065418370273,0.0022646024209897,0.004174839353139111,0.0054994851321738345,0.001010891737927073
2020-06-23,-0.009485693465343743,-0.007594431519268354,0.0144855695472585,0.013799988936395106,0.00020464398186361685
2020-06-24,-0.0061345881171742216,-0.012014278071289759,0.00022677260103773884,0.0002236356795711539,0.002468722214286107
2020-06-25,-0.020309575556577832,-0.013406520517086382,0.005277045342412501,-0.006176439307442395,-0.017055931622542125
2020-06-26,-0.01985828006238923,-0.016797934633205884,0.0061688422911273175,-0.011593956090449276,-0.018843119210553327
2020-06-29,-0.004029416391481539,0.004832775552107922,0.0004561851302000942,-0.013293423044093314,-0.0033669678032623197
2020-06-30,-0.0032726828369720458,-0.018310110997658915,-0.0011164600684141412,-0.00045839898774540456,0.0017494965518567301
2020-07-01,0.022187473139344143,0.029995855748076276,-0.006813010202868938,-0.007906772797621071,0.027211557048880845
2020-07-02,0.0007106212081738592,0.0008391614632761962,-0.00032817668656990445,0.0014736561930846059,-0.00029737266031147044
2020-07-03,-0.006883944082562835,-0.010389303471408888,0.0012711658130337687,-0.0043719385861541935,-0.007919825774616158
2020-07-06,0.0012771627323027621,-2.8202203651718663e-05,0.00886719816626549,-0.015831940852254364,0.003845506278837498
2020-07-07,0.014953022309971548,0.004673181519531338,-0.007316351288424123,-0.0011703029663007044,0.0015470290530854916
2020-07-08,-0.009333800251090504,-0.016111849814365396,0.012677688483344954,0.011391332346631405,-0.0013721492887860212
2020-07-09,0.008660064768518822,0.003100190543701038,-0.0062222784000098225,0.0037402861779137877,-0.0006766438750005215
2020-07-10,0.008555981162068658,0.007864788681730616,-0.004723885008376038,0.00522148845466763,0.008086184141360878
2020-07-13,-0.004331593989828959,0.0017118326587798344,-0.0048849110047394645,0.0008243554536843608,0.0025553525631281542
2020-07-14,-0.0037145572717678836,-0.0021975128745707158,-0.006610848328024329,0.0032729539603598536,-0.0010109739398746528
2020-07-15,-0.006272676246228475,-0.0009769088654350928,-0.0020985596851885507,-0.013501461650278506,-0.011052957800029631
2020-07-16,0.007272119416147676,0.00077987538706398,0.008231189521417957,-0.009812262317985291,0.010227776355088293
2020-07-17,0.002532209606431421,0.0021872539604067885,-0.004113722797901919,0.0018807684095635368,0.0022052518731965516
2020-07-20,0.013239622584198257,0.014837279016750188,-0.002470911499581901,-0.0013604419049536684,0.007154205956038843
2020-07-21,0.0036936212267047104,-0.00541896267385773,-0.010396024035513608,0.0035275001154020935,0.0052627028544735025
2020-07-22,-0.0022078000362321494,-0.002268561017105763,0.002753267869159827,-0.0033600989273671667,-0.006120099051476432
2020-07-23,0.0023501430611721787,-0.002845704661127192,0.001328950702735306,-0.01094932550073523,0.00599055948339754
2020-07-24,0.005671169788956516,0.007491854119510519,0.004780740125444268,0.015275446560869531,0.007432127737005837
2020-07-27,-0.022090490775979743,-0.030731315967021992,0.0011343137567476319,-0.0023562216601222116,-0.00918872132423599
2020-07-28,-0.008708925757841587,-0.00832281777992677,-0.002300205050897372,-0.007310084784711282,-0.011530638548380785
2020-07-29,-0.011078798953330853,-0.01930774438224315,-0.003984177647978631,0.005393058017638156,-0.009962608343943979
2020-07-30,0.03158858477804869,0.036611845784537106,-0.0068424440447139336,-0.003753027429836301,0.02187332599627121
2020-07-31,-0.0069076539148532875,-0.006744764793478904,0.017815259810578795,0.0051196771631402595,-0.0019837046102077595
2020-08-03,-0.008438117101510649,-0.009248889200458046,0.013211030936655722,-0.0008835778446838656,0.0018950761355686406
2020-08-04,0.008493023225465706,0.006029670148677619,0.0013636217829296467,0.009924399687035353,0.0073961701266701705
2020-08-05,-0.01884269663868548,-0.024214192112654808,0.0029646695148099135,-0.0022401718563957464,-0.007325290093215703
2020-08-06,0.0021324120111990462,-0.005038054681805744,0.0009947798735216306,0.006541686719062531,0.0036584156521331053
2020-08-07,0.012969368706655462,0.018496067376161232,-4.119375195319807e-05,0.0011538096369437065,-0.0020762844037531996
2020-08-10,0.0051554186295910305,0.006673035307502528,0.0004624889761839949,-0.008610820123928687,-0.0034082453599521747
2020-08-11,0.012637834239994842,0.013347575277160564,0.0008985954793093306,0.002970087651807078,0.006454228889379341
2020-08-12,0.011259405671711973,0.00925363177933868,-0.002670943876133888,-0.0020050147356321527,0.003999396065156511
2020-08-13,-0.0037100654816236726,-0.0027633207051568293,-0.0018698112677264264,0.00777872577432394,-0.006046389453209639
2020-08-14,-0.0022424597299363085,-0.004819648222488059,0.009324176636074794,0.005224627355066771,0.0019173305043788513
2020-08-17,-0.017826724476443664,-0.017668750977714635,0.010376643411654111,0.0012735191759219787,-0.006093628375091354
2020-08-18,-0.006207461401204466,0.0010702126639123724,0.0167882137770766,0.00171500315203462,-0.009717406029669867
2020-08-19,0.01744061372541241,0.027386478587731595,-0.006871978864893277,-0.004059140460914372,0.00955993763418653
2020-08-20,-0.016133406132411324,-0.02235703446714738,-0.002570245921708576,-0.009019359908775523,-0.008153597823757885
2020-08-21,0.002810576790438249,0.011524060274525877,-0.006007597997701961,0.004126322931311959,0.0023163683155108194
2020-08-24,-0.0005935645158291954,0.0030655454900913016,-0.006419557122488101,-0.0004335648099462446,0.0024511525265932827
2020-08-25,0.0059094151680977895,0.007929399285323218,0.01390035947916663,0.0017118284959984683,-0.0034403241755250583
2020-08-26,-0.007477686317097172,-0.01107387351319466,-0.0023400206927842917,0.007058197073731819,0.004440878263179696
2020-08-27,-0.0068489555249937155,-0.011918228286107831,0.004225361651263334,-0.00298406500268519,-0.0014721942746994002
2020-08-28,0.0024350762502155965,-0.0057030227351433545,0.008068337838443997,0.018521718049604,-0.00423018163993577
2020-08-31,-0.00465241871923181,-0.00342509356500539,0.0034757247823535937,0.0052371766788647765,0.007681613756926762
2020-09-01,-0.0021233667299285926,-0.006659223133426754,-0.00850901644505124,-0.008644592422968856,0.0006681760455098147
2020-09-02,0.021534694362213454,0.020273846090376482,-0.004574860111211308,0.0024862045938275684,0.01861524755550584
2020-09-03,0.03032318911048346,0.02963408858982008,-0.011327330320074049,0.009353847918729785,0.02231417045948039
2020-09-04,0.022160487908832405,0.026989520820550707,-0.007697910121198743,0.004934848344309837,0.019633175462476938
2020-09-07,0.00984578617436837,0.013351150574411873,0.004359992120771354,0.011942440002286489,0.011671545552116922
2020-09-08,0.007784518651075712,0.007438430339358358,-0.001232123038010353,0.010150710913471871,5.862614930515538e-05
2020-09-09,0.0044240797064748144,0.0025903183931179396,-0.001221343766193521,0.010264023054120509,0.003717091753326433
2020-09-10,0.0005572385778737858,-0.0068632334782887045,0.0036708421617457176,0.007617708059918229,0.010797121921514627
2020-09-11,-0.00369333881943601,-0.0027617371515761754,0.0026541586051556302,0.012035746337157163,-0.002860016538154562
2020-09-14,0.0033482583092440707,0.0069292384860245295,0.0006512526815272638,-0.0029878335698460892,0.002679499439457638
2020-09-15,0.012883580998317264,0.0081960342575469,-0.00317802268725239,-0.0032499752793208898,0.0136198926407055
2020-09-16,-0.018278242857405296,-0.022685371597091587,0.006805496708372307,0.011585257396636583,-0.011483762026624926
2020-09-17,-0.006662394320318381,0.003170669975587289,-0.006117764349147646,-0.021858797143273618,0.0006323084764897116
2020-09-18,-0.006024650692231334,-0.012069816865305394,0.005368441669737962,0.0037710749487657232,-0.007735622133462818
2020-09-21,-0.015363652784050733,-0.011703272035211485,0.008608088894080147,-0.000871761648841635,-4.3025096952842736e-05
2020-09-22,-0.012841017195913832,-0.0221530302894053,-0.0018604360947452922,-0.002171023526812963,-0.00517183662302488
2020-09-23,-0.0028948326942759587,-0.0011754428000462836,-0.006812933635695344,0.007221432140359398,9.252730608091482e-05
2020-09-24,0.013407549979057532,0.01627125528487364,-0.0004696041276168676,0.006289535035518061,0.009613358020879583
2020-09-25,0.007712673118410527,0.015571139042798254,5.259577163640978e-06,0.005609092633325551,0.003876008735358619
2020-09-28,0.017281406585393674,0.014837441881567845,0.006257669878355425,0.006051516848210734,-0.0005590511608706379
2020-09-29,0.0015372529789294714,-0.0020868482063590883,0.0044130654109993265,-0.0022274913858588274,-0.002987678095253126
2020-09-30,-0.022674488771346372,-0.026819024719274887,-0.009403107379552005,-0.019543406280512845,-0.005478822746523259
2020-10-01,0.009429601903809986,0.012455530854645977,-0.008233074378918267,-0.0023110225404886454,0.007076184210746695
2020-10-02,-0.013900376270310514,-0.006670805665128275,0.010020443110961359,-0.001486118993077962,-0.009349913896562818
2020-10-05,0.0025005936953706297,-0.00851873673725678,-0.003434135909294695,-0.004275093629471053,-0.003741423825542671
2020-10-06,-0.003373203514631459,0.006243077174125524,0.005964235261233809,-0.004052178790121355,0.00010441610038356313
2020-10-07,0.016792265239032027,0.023097030840791427,-0.0034754696364701723,-0.003934267304637013,0.013459776159994713
2020-10-08,0.0047218246250609955,0.009979888971230158,0.003255950612392288,0.009302943248596079,-0.0009646346766157153
2020-10-09,0.015808728787611907,0.018052236344283497,0.008881717531303963,0.0012142520707475516,0.015179850896437107
2020-10-12,0.0023749294015517736,-0.0010251465575851616,-0.004029565480573688,-0.0030323160219784206,0.004381151674918309
2020-10-13,0.006274025856425995,0.0035863111897130673,-0.0021468475536755723,0.016871780834280935,0.013274438525559469
2020-10-14,0.005235884036088385,0.005828368516518858,-0.0006045502840045071,0.005302364763575719,-0.0025654028440019855
2020-10-15,-0.0030885184490801413,-0.012470292047626019,0.002281276128067476,0.006653592537437437,-0.005065481335601846
2020-10-16,0.018887841159480393,0.013547348573556297,-0.014813232075802716,0.00025574138054901903,0.019024157234999884
2020-10-19,0.020207132297494424,0.01917115632512787,0.0011281182888635349,0.004337973902091496,0.009117291464941285
2020-10-20,0.010603919249840069,0.014960742362058832,-0.012195127447127549,0.007540112820285714,0.016421518931988413
2020-10-21,-0.007506752418114353,-0.00588553019794325,0.005284556635959323,0.0023582366243427052,-0.008101845717732143
2020-10-22,-0.008059480415256618,-0.008790720512949076,0.009396385609864938,0.006413476869416333,-0.00853879277052932
2020-10-23,0.009260384527780137,-0.005690066692544866,0.0029865157027322217,-0.007643487930673709,0.0012233095171337634
2020-10-26,-0.013436038735513727,-0.021525080391472166,0.009962978692436255,-0.0008478917969956263,-0.007998650717500702
2020-10-27,-0.0005630469465502089,0.002013117757541027,0.0009154497423344264,-0.009774404973851446,0.004779185207958768
2020-10-28,-0.00592507899793575,-0.01490032711495232,-0.0020535068591921836,0.010671709504771554,0.0019206694324641219
2020-10-29,-0.00418382561289431,-0.006406966579241047,-0.0011149346930802854,0.014653035396613537,0.0003831001012875278
2020-10-30,0.005160499766292835,0.011191954422115872,0.0007566869981066883,-0.0015669445631441114,0.0015971955748367097
2020-11-02,-0.0008592151129687675,-0.0011264573110899903,0.004729984420894868,0.0021827330964340062,0.00227816232960168
2020-11-03,-0.0009685989613029878,-0.0006081695054921503,-0.012130062440089273,0.0017006962593770554,0.004653685388569899
2020-11-04,0.011976121318315826,-0.0030369689496676424,0.00809056320106244,0.006984765483348342,0.009431670933589185
2020-11-05,-0.01247887112550637,-0.010031785536361894,-0.0029061431333455056,-0.008721034631486494,0.0046774987158994625
2020-11-06,-0.002288188809160159,-0.001262966234413265,0.006145932457049795,0.005600058520756316,-0.0018563077664032796
2020-11-09,0.004379532029594705,0.017887895396822482,-4.8589621047052156e-05,0.00022239040378360154,0.008480470036295748
2020-11-10,0.013266311195495806,0.020752239586067003,0.0012123857870529593,-0.006638348857596759,0.015455563745536914
2020-11-11,-0.013756144716224257,-0.013104411133972545,-0.0008980587052177834,-0.0036754817277732986,-0.005047364942140995
2020-11-12,0.003856286585403277,0.006454099788876863,0.009283864468171714,0.007527492292962142,-0.001585444722913108
2020-11-13,0.011569046019460287,0.018943897234353847,-0.009952271592568262,0.0015683254618527164,0.012676090154548623
2020-11-16,-0.003570762040319903,0.0037156886680788904,0.0008391587194445713,-0.0005761852664189641,-0.0026877948465975814
2020-11-17,0.00018694857097761042,-0.005814446527736214,-0.009674277116165609,0.009021529085046517,-0.0019853284900234838
2020-11-18,-0.011896708193475686,-0.024584477130879162,-0.002160187718062751,-0.011158348701883,0.0026379409397483374
2020-11-19,0.01211780507211161,0.009230661555840724,0.010415013730785003,0.014454981792057831,0.0017882046078607282
2020-11-20,-0.02999286857848288,-0.01962227126195105,0.0006189364963929876,-0.019679136656212643,-0.009873773349550086
2020-11-23,0.029277028876071275,0.039019318030797195,-0.003336157752877185,0.007371036446203992,0.02097274839699425
2020-11-24,0.009107143077441182,0.01131785737610188,-0.0015715650459222027,0.00034768420627059356,0.0011001764842644185
2020-11-25,-0.0033681009224012888,-0.012904106977060173,-0.0007557873824314509,-0.006885684643430528,-0.007985707186946063
2020-11-26,0.0021587298138417417,0.009954754188880099,0.005992083122629241,-0.010155576373589876,-0.0056858988531336635
2020-11-27,0.011289254255858592,0.006726365045223876,-0.004957648846560305,0.005072746439368378,0.0017617546878070912
2020-11-30,0.0012645060737515189,-0.005962370637606039,-0.004883534721620724,0.0018090501164604374,-0.006912552767767824
2020-12-01,0.005285696855524788,0.005565564829956432,0.0020379691756233958,0.0035113048581812785,0.009585223384939064
2020-12-02,0.0015026940317748874,-0.0007431952152914248,0.00010566824775269261,0.004772556653356371,0.000992100796032612
2020-12-03,0.0004871002944465886,-0.0033289070402097985,-0.00467848843577875,-0.011725457248045197,0.010570916993833281
2020-12-04,-0.014926358824695422,-0.019822830223217534,-0.0009722776270307318,0.004136020805700366,-0.00908391022302095
2020-12-07,0.014972904872084806,0.012375571133918663,-0.002603578292130872,-0.003947644478797886,0.019732510300733436
2020-12-08,-0.014251181028354154,-0.013596325697061623,0.00787220713764898,0.0033741881737662663,-0.010289160262601713
2020-12-09,-0.001557848396801114,-0.001431703329813431,-0.0004790520169107378,0.006709598998358093,0.01137651735056272
2020-12-10,-0.006689901420094003,-0.014696407290673535,0.0003750012289320611,0.019449647365014065,-0.007845301283816244
2020-12-11,0.01966940166532881,0.030317128949727462,-0.007588624858665698,0.0034032640140719533,0.021350193684465963
2020-12-14,-0.004549532891849845,-0.006000181632661198,-0.0025483812114349973,-0.009322064896052076,-0.005367032932317317
2020-12-15,-0.014687283201147079,-0.015577339518683097,-0.0009143815971863117,-0.0013873947460698447,-0.015707686678790845
2020-12-16,0.003970562786573485,0.008835191628495461,-0.012940388707795158,-0.002430479813319453,0.012259563895727589
2020-12-17,-0.014515692224294465,-0.006403010772150944,0.007433053849392457,-0.006430714001656789,-0.009468950572241635
2020-12-18,0.006699922950260669,0.007608281349000251,0.0016393683235768292,-0.005058489090469329,0.00384693748582882
2020-12-21,-0.016964573962859764,-0.018818924216080685,-0.001238125613730157,-0.009091488868322669,-0.0018990784945285086
2020-12-22,0.013095721447131229,0.01739832813043897,-0.009863685717499716,-0.004464692172119424,0.015960779085536562
2020-12-23,0.0017006029636788568,0.014551143424716952,0.0034091288857264826,0.001131772183163342,-0.0011549157856786312
2020-12-24,0.0016024908573873877,0.0008834266609283396,0.003892348590062808,0.009191066992533185,-0.004329543270675957
2020-12-25,-0.015974795442693337,-0.027221276790438325,0.006238848472930917,-0.00713451568877636,-0.02202235968536832
2020-12-28,0.004662943254371569,0.018683624339000494,0.000252128560636753,0.005102652092110992,0.0034255247707800085
2020-12-29,-0.001186675838293712,0.003769142523020463,-0.0009363524716591859,0.0006077652547545399,0.0015952512710733849
2020-12-30,-0.008017085443716584,-0.003161810509426898,0.0016183863328173506,-0.007370095538699047,-0.0015573895340570613
2020-12-31,-0.010781615781492447,-0.011417641624217979,0.0027905526398430986,0.0072453997742043955,-0.003589310678424643
2021-01-01,-0.000300323504941727,0.004164619533984639,0.009224801234716097,0.0071670543238209865,-0.0022479205236325354
2021-01-04,-0.015742034788201915,-0.022740577056097066,0.0015864770100219331,-0.005943384527354956,-0.00986250682700627
2021-01-05,0.000679799098765286,0.003635999442391115,-0.0002953986606856659,0.003198216008010047,0.0009518338593943744
2021-01-06,-0.023705598796246456,-0.030598008377948474,0.004755830136845763,-0.010755071616739664,-0.010608527238808846
2021-01-07,0.01836900998812437,0.026403242746953565,-0.005409711751806171,0.011360174705320266,0.012153732877004735
2021-01-08,-0.004045031653416472,-0.007707320020888631,-0.0011925353643122232,-0.003620086520929255,-0.001042925568244099
2021-01-11,0.0019268877725983752,0.0020849059529957593,0.002214510887952847,0.010190814781425382,0.00569799636795907
2021-01-12,-0.017818775621398844,-0.03313848595099046,0.008939506719660241,-0.00773678690259627,-0.013464254961414035
2021-01-13,-0.014041356312712314,-0.024958264796392522,0.005960351248097343,0.007059685680155168,-0.012198788789189462
2021-01-14,-0.031092507505738918,-0.03636978991045108,0.010267726661786958,-0.012256038106426644,-0.018055705030040472
2021-01-15,-0.0001837181900759467,0.0029812987760855646,0.001143997218282089,-0.007373831626998453,0.0060583471833582925
2021-01-18,-0.0019023548763236402,-0.002191677004980005,-0.005323664294333853,-0.0058197762375845185,-0.004436681657828123
2021-01-19,-0.002075352719081076,0.007164354445212095,-0.0069512180160052894,-0.016802742561326703,0.00882118116790519
2021-01-20,-0.0025118841258223936,-0.006367195417288262,0.006722968113795278,-0.0017026154485457988,0.006583591849996908
2021-01-21,0.008135110456071229,0.006054585086056644,0.010990221015183831,0.0018594379441911385,0.00517087827242378
2021-01-22,0.0035915109648779033,0.010997356772588554,0.009562886376256201,0.003665326775278838,-0.004409107921566347
2021-01-25,0.0055196657152693975,0.0022059138643710043,0.010666089626501408,0.0069740993337881465,-0.0020133826164738322
2021-01-26,0.002216163670378901,-0.005012807004157858,-0.007444837939539317,0.00756595275775036,-0.0005949484436637454
2021-01-27,-0.012562931792183275,-0.01053967653237902,0.011000679096176583,0.007052949613129773,-0.0037693388520661578
2021-01-28,-0.009081541062833529,-0.017548792584149694,0.010861230325123391,0.001527976401551875,-0.00921120484623551
2021-01-29,0.015938329702188697,0.020159095080963307,-0.0010096634653670685,0.01832781715334219,0.005429131495275325
2021-02-01,0.011134081536974847,0.012263403714478645,-0.0012169913492915433,0.013003510730947345,0.009020683984098448
2021-02-02,0.006459552948595596,0.012817947914991403,-0.003314933978815325,-0.0073682803736839645,-0.0013169491717531635
2021-02-03,-0.023596279072512022,-0.014044558337791642,0.0005789366125028085,-0.007611510795050249,-0.013430168243502802
2021-02-04,0.003688880373709209,0.008435231722005486,0.004880591813175705,-0.0024121976351938077,-0.00016433755322681237
2021-02-05,0.0033909594058595957,0.0022750971098238378,0.008959165814763751,0.008171272153211279,0.003400979652161068
2021-02-08,0.007954575224008952,0.014976594017665582,-0.00024921150881687725,-0.009365718048599737,0.006412589457701571
2021-02-09,-0.00781628272550195,-0.011289920945213403,0.0053789035643991585,0.010476309251599049,-0.0052729549320438725
2021-02-10,0.0037059961511875655,0.013317579227322254,0.0015587570001522016,0.0193713130334089,0.005261668223879088
2021-02-11,-0.021129153109869812,-0.018545146572822795,0.008375311747446094,0.008483486298541173,-0.009136050666441999
2021-02-12,-0.0016614718078052859,-0.00850086245076328,-0.0016078085316999049,-0.00628358084128197,-0.003943560257968032
2021-02-15,0.007062940853047315,0.016743417107770532,0.0016155614479328702,-0.008447740538046753,0.0058286011979678835
2021-02-16,0.014359577839747813,0.012066821936417097,-0.004973497339615554,0.0012987433750272284,0.004351783776787033
2021-02-17,0.007779365206126309,0.007686226789200542,0.000494645657865097,-0.004902180694741916,0.0013915780501669885
2021-02-18,0.008668576293933257,0.007258589689548694,0.00824262481005723,0.0022897055456544348,0.0034206397526755326
2021-02-19,0.011191089982477078,0.004229399930415882,-0.014754098301207545,-0.014122160037057744,0.015924213389500758
2021-02-22,-0.006622297750709361,0.0069285407998420714,-0.0002186726559838357,-0.0021581282132501277,0.005519864086525377
2021-02-23,0.024073114657909477,0.037149651778616496,0.0024507071762709712,0.011384379839922402,0.015573499059295448
2021-02-24,0.009340332913999654,0.00700101344195193,-0.007877089190651944,-0.0010034898398332184,0.005837107207166845
2021-02-25,-0.005438736591927302,-0.002016598917947374,0.007794122026049105,0.0022100302810721976,0.0032941120798114266
2021-02-26,-0.01370026936960206,-0.015767537554420424,-0.0009810885360590955,-0.016793431932658642,-0.007556285553156946
2021-03-01,-0.0014609701005994025,0.00673597444595164,0.005227255402800193,-0.00714749562177172,0.008076493093279565
2021-03-02,0.014652404346304234,0.018920800871201144,-0.0049018671239552695,-0.006960843393032853,0.006837202653795302
2021-03-03,0.013064983436450232,0.024363537831529197,0.007316389017525691,0.0001069323643002141,-0.0008484010370814988
2021-03-04,0.0016906349629344473,-0.00788855909394733,0.0004929204208818673,0.0009416182971420034,-0.002163282834710435
2021-03-05,-0.019136436807201545,-0.017721725154222222,0.0020209388424906553,-0.011974598447747072,-0.025949882373574554
2021-03-08,-0.00033017886060763505,0.009369699144136776,0.01149865204911513,-0.000358497739902698,-0.006086634842288527
2021-03-09,0.005625291072900285,0.0005598142587421188,-0.00020528915815052901,0.00758072153227986,0.009465468880815975
2021-03-10,-0.0012018489177594335,-0.002407513251790953,-0.005270685394306712,-0.008393081060012337,-0.0006251648571666777
2021-03-11,0.004408386081794137,0.00974437595110733,-0.005599494522262842,0.008957278536467427,0.0026587153347688033
2021-03-12,-0.00025640753218123387,-0.004375054401231127,-0.0154691862826276,0.0009513797939750198,0.007814217448408513
2021-03-15,-0.0033759306854185605,-0.0032559304483456013,0.0041368479566629805,-0.01073316611635006,-0.005861538831708693
2021-03-16,0.009531176155461925,0.003348022342091842,-0.0014372153630986062,-0.007897072288389359,0.007371503143462842
2021-03-17,-0.0004276977875698028,-0.00932105964051101,0.006378032088137548,-0.0016012071440137448,-0.0066864854634238104
2021-03-18,0.0024068303667713143,0.008885740168885926,-0.006254331839192766,-0.0026241663582585555,0.005433126905085414
2021-03-19,0.00831726728715773,0.009895309808418391,-0.004359647832753783,-0.006581673047403486,0.005825113245477511
2021-03-22,-0.012865668143827284,-0.029838182893818784,0.00431930645251252,0.00866969597559266,-0.021019502559408855
2021-03-23,-0.012116768456519251,-0.00960812057083068,0.016357627945763054,0.004001366936354414,-0.014301670822758699
2021-03-24,-0.0021947572932580818,0.005188044175877053,-0.0026079083309855163,-0.00865802791663352,-0.0028723854945682512
2021-03-25,-0.011439943299104548,-0.011605797989440197,0.013185633032629108,0.005538279615452903,-0.01062914023424954
2021-03-26,-0.003501735226986529,-0.01233553361192271,0.005464313071507679,0.0023372396853172314,-0.004544804269791502
2021-03-29,0.03831729081413833,0.04276643996749901,-0.014554233775098277,-0.002218978265120922,0.029785195241907043
2021-03-30,0.0013592449264531736,-0.006432702739830461,0.004488881673743153,-0.0016897365221663447,0.009247658782253183
2021-03-31,0.012960576788575782,0.011456627801294573,0.004296218091046262,0.005060481630074411,0.010096207968316097
2021-04-01,0.005816793807533697,0.0015995207296472416,-0.00604480603915424,0.007093146038529514,0.002724229291203145
2021-04-02,-0.004843781558903961,-0.010439613239682666,0.0033269541641993004,0.016752530924112843,-0.009059812515949398
2021-04-05,0.00029063348007309683,0.008060598875629474,0.0002858073936151816,0.0023402325083735267,-0.005294649502656078
2021-04-06,0.005139685166491783,0.004489761587123995,0.004670036477634236,0.011928082390094213,0.015525481546259297
2021-04-07,0.006955598078562908,0.009253273078969065,-0.0004186104929029405,-0.0018046771071364364,0.005552617953052804
2021-04-08,-0.0035448169216683533,-0.0028804488717037798,0.009230424651771922,-0.0046118151107785756,0.0018240450992891167
2021-04-09,0.015805380808078383,0.016316616940722693,-0.017422015473244505,-0.008584848998637883,0.019583545254786335
2021-04-12,-0.00027441674758658545,-0.005777569114610246,-0.00367533578508046,0.005630618783831191,0.0036580541505635195
2021-04-13,-0.002867185190036332,-0.005090158537784974,-0.001907500744468637,-0.007913321087825439,0.007527818895444619
2021-04-14,-0.0038678456305360786,0.002526887135669107,0.011219523499947556,0.01027057500318977,-0.006851151647545718
2021-04-15,0.004844761084039313,0.005067285730663601,-0.006908944844968117,0.0005530814983843632,-0.0020242560218871
2021-04-16,0.014252152661538765,0.012748021842308338,-0.0027717962467316776,0.004062540751234072,0.006627414976439787
2021-04-19,0.0070403256177032966,0.00495088769901764,0.0032844125918326025,-0.0070405882752594354,0.003191337036352957
2021-04-20,0.023267147988699416,0.019484730553297122,-0.010931777725401791,0.0046259040561086855,0.01568645921453323
2021-04-21,0.0042075611912827104,0.0072002155196635035,0.0031415879090965987,0.009963944627792097,0.0038178705674568403
2021-04-22,-0.0028950918554225095,0.0005829171450036233,0.0129887641705088,0.0031563889653483924,-0.009999053489050348
2021-04-23,0.013284968031443673,0.013598684785440058,-0.017077961625227248,0.0020065663816245362,0.00849782453820067
2021-04-26,-0.0010863993876499293,0.0006554599324798456,0.0016720005107345526,0.005512096565101111,-0.003181434708699925
2021-04-27,0.006157269578112992,0.005184707169593768,0.0028227100689065952,0.0071381272973247,-0.002570985622466935
2021-04-28,0.013031785394100387,0.011046694862991964,0.0012811216741625679,0.0061730194215675535,0.016250808703552864
2021-04-29,-0.0026815917884622257,-0.004794893169273889,0.00037096679560726163,-0.0023218653276614195,0.002718425368169472
2021-04-30,-0.019395727301239056,-0.026599485419047164,-0.002191969077801857,0.003535084045839878,-0.00032970073144137756
2021-05-03,-0.001253390622449658,-0.0022716065924235558,0.00066233367118222,0.008900122576680082,-0.0057061538774102845
2021-05-04,0.0028604277928174215,0.008420962462222336,0.0029589696141563196,0.0023124558047147976,0.006341468510025048
2021-05-05,-0.032438787515990844,-0.031098226975578083,0.004857415404870386,-0.018405366863745925,-0.015363850438170446
2021-05-06,0.016483902541955493,0.01693856171379835,0.0015179435613590193,0.01591011374262345,0.015398124085171704
2021-05-07,0.019679574352456715,0.02519469057527189,-0.004245896543558255,-0.01071654715756653,0.009895918791625657
2021-05-10,-0.010118959143794301,0.0010506361501722917,0.0028802766386741116,-0.0016765791241651461,-0.00252532919094603
2021-05-11,0.0005232293564694447,0.009862102216222352,-0.0029818913481774885,-0.001122979520454183,-0.00257385717865703
2021-05-12,-0.01584027013464847,-0.02035857947792109,0.0035561329242469763,-0.004202624239776441,-0.013030916912881732
2021-05-13,-0.016875809564062007,-0.01856935732699075,-0.004982386208729542,0.0006027641710356714,-0.006902613390335317
2021-05-14,-0.017490617993579167,-0.02046984930935268,-0.0002761274898823748,-0.000712868054343778,-0.0017627176111522024
2021-05-17,-0.022502069635748936,-0.023521089758743063,0.004980357517213832,0.0027615055630492258,-0.01166142005282273
2021-05-18,-0.009023631980865829,-0.011435968320690357,-0.0027776294481680233,0.005538951530541425,-0.0037554905383562196
2021-05-19,0.02281428822903609,0.024154498820148477,-0.010433035415959167,-0.011285988671247736,0.004565061126585073
2021-05-20,-0.019009631316065877,-0.018937985204555013,0.00831734671270584,-0.012266192004734472,-0.007306130786854625
2021-05-21,-0.005796732620201274,-0.005416394076819994,0.011641431148550674,0.010248730472260239,-0.00731897128036567
2021-05-24,-0.010694306704983449,-0.023285259312127462,-0.0029737844058567563,-0.002921721819833956,-0.010564896443488793
2021-05-25,-0.0015750836051076566,-0.0012689144423416747,-0.0009388422810584356,-0.005619420952594845,0.0002710748705903297
2021-05-26,0.005303287794832909,-0.0002906682703957523,0.0067240252568428,0.003926246478935632,0.0008519302143881735
2021-05-27,0.008498573079078685,0.010401425339439068,0.0038408164247629656,0.0050981064294342805,0.00017899694243823927
2021-05-28,0.0043380423024732195,-0.0016192967693261695,-0.0011578672473762086,0.0010817223761010874,0.0011725433903239707
2021-05-31,-0.0015424501372671689,-0.011980999800418057,-0.004151861344413911,0.0003545421767790409,0.0007546401856719845
2021-06-01,-0.012332101691111498,-0.006291697858355689,-0.0013832202417668775,0.0033140766845824706,-0.003315017084170804
2021-06-02,-0.0077547277181256365,0.0014174692898158904,-0.004312663066079848,0.0021591382065878012,0.003005849355402799
2021-06-03,-0.008047442508919738,-0.0009973302808036625,0.001402357348445667,2.663977228261738e-05,-0.002785451487302312
2021-06-04,-0.0016117048976465737,0.0027188924784290695,0.005852247574839919,-0.011747904509168041,0.004627406635670568
2021-06-07,-0.019949903856428093,-0.015747463412174,0.012873829879859815,-0.007576275236004367,-0.015791624712034952
2021-06-08,-0.01326845602183123,-0.015420717094708308,0.001435978319966431,0.004144047994707041,-0.00010762086430716646
2021-06-09,0.016748205729479472,0.014891871897768399,-0.00603949323386651,-0.011472321583159474,0.00553907826561074
2021-06-10,0.011578219597169492,0.02129176099726695,-0.009737855088640578,-0.007641022838674695,0.008636731029526836
2021-06-11,0.0033619339058352815,-0.0008337030342065357,0.0012641973799648548,-0.0017127838966406119,0.001097450041296786
2021-06-14,0.006555410976044395,0.007071379190508754,-0.004431928428429568,-0.0014047146083176773,0.00404935419956084
2021-06-15,-0.004440132358585532,-0.006185719059067463,0.010954572693366763,0.008053933093096174,-0.0067148685276750214
2021-06-16,0.008363452854128829,0.007145152918037723,0.00490062688395505,0.006614237181385113,0.002448529789252999
2021-06-17,0.005372603109723331,-0.002852578844114496,-0.00937458750901011,-0.010401623316969626,0.005492132977343622
2021-06-18,0.020790179993821104,0.03455761807278757,-0.00013270196332458114,0.005649127648166107,0.001605670590644618
2021-06-21,-0.006512085596808261,-0.011312095352994475,-0.0026316606867868853,-0.002862611675112174,-0.005418185005005989
2021-06-22,-0.02375159772450945,-0.021389704915663933,1.4763371109792731e-05,-0.0032795568433462256,-0.000902794433766115
2021-06-23,-0.011032615099037081,-0.025724999406134173,-0.0004199180110058717,0.008226350677831,0.004574186261754911
2021-06-24,-0.014754595133429003,-0.01311128115479877,0.001279720281686656,-0.0034593617485846355,0.006396134350432899
2021-06-25,-0.01803564394074184,-0.01796602458583273,0.007798260375048754,0.007729100030078334,-0.01062256666448285
2021-06-28,0.003696606474049228,0.0018187712557799346,0.0004662138419185398,-0.0013564911434210685,0.005013967118461174
2021-06-29,-0.004435324032523608,-0.0026914851832691056,0.001211211559643695,0.0077870032359688675,-0.0026572207725996445
2021-06-30,-0.021276389618482577,-0.015912675340784527,0.0007162440365950453,-0.009679587684141126,-0.01421182843020478
2021-07-01,0.016493257118049807,0.005984623578449286,0.013895512083368734,0.018497745344374754,0.005803625705719568
2021-07-02,-0.0006587280073954367,0.000859759653379477,0.003588557115289185,0.005928514930867846,0.001869212360481151
2021-07-05,0.0010749681750629857,7.103147703198373e-05,-0.0013431836525650222,-0.001636357684148943,0.006951990122256145
2021-07-06,0.007122680667370342,-0.008488481449932807,0.00042546275555657297,0.005513048805677699,0.0028696099614501027
2021-07-07,-0.00466222143706663,0.0011637280974519085,0.007801634728623809,-0.004475921830319318,-0.002101249397152714
2021-07-08,-0.011659880814495432,-0.020084706358573318,-0.001676285994868853,0.004811043810861568,-0.0006317007997873171
2021-07-09,0.006157025041167516,0.01058703712187274,0.0020355815067587524,-0.0034667246271554903,0.005054063923151434
2021-07-12,0.009604914302732187,0.014447963365937486,0.005333751300687447,0.008619520903369494,0.00572761407522079
2021-07-13,0.012841802859797129,0.013638016711923951,-0.008873779709945814,-0.0024081597711400086,0.00489670347611145
2021-07-14,-0.00810213929969258,-0.009489249465160674,-0.002891096552053894,-0.004871694204921546,-0.013720976628459973
2021-07-15,0.002559524488475263,0.002753837221921728,-0.005754769165646257,0.0030863107034835037,0.007959940340690825
2021-07-16,-0.01929071837242769,-0.024890332861600896,-0.00018468763776967797,-0.010066372948211317,-0.005733189039990089
2021-07-19,-0.0023259136652736424,-0.003947835782347255,-0.012017376718225631,-0.0003171770330221316,-0.004739437544038374
2021-07-20,0.000719191563195939,0.002293859878115868,0.008445173884581035,-0.006497738596297706,-0.018218181854895977
2021-07-21,0.0022061945370443386,0.012247129559192646,0.00822253934551163,0.0037630471796538624,-0.00323590433172654
2021-07-22,0.009685471159647725,0.005054030240812886,-0.00016991745296882104,0.006375621701888534,0.010626897852100593
2021-07-23,0.03311592046693293,0.03769755160695424,-0.011621212106769795,0.0009278075322775257,0.010671745450000747
2021-07-26,-0.008336557573068698,-0.01119357934871999,-0.0013208842666050298,-0.0005939602673871821,-0.008468734533181666
2021-07-27,0.013452368007893657,0.014440011130739993,-0.0035889840478653665,-0.0014079302903263968,0.008679011534332285
2021-07-28,0.009901179176011616,0.005869446134266814,-0.007220200745033922,-0.0026118803145044095,-0.0004909964341857808
2021-07-29,-0.009831094316657974,-0.013164997078117918,0.007731596983739018,0.0036886688286786274,-0.0061116205178765835
2021-07-30,0.010210775546015667,0.010205826390667572,-0.0003344210468658037,0.0011141672228143396,0.006752773969721421
2021-08-02,-0.006993103891338985,-0.020887372564773857,-0.0004807648350042808,0.01129080061562443,0.0011723055201822707
2021-08-03,0.011584769815094048,0.019216792134854114,-0.0017387427568121283,0.0018643749246526375,0.0033963661128997473
2021-08-04,-0.0037928742723245972,-0.0006923701274320789,0.008859696228943274,0.0013100463376123773,-0.0065759150761064405
2021-08-05,6.335506279167514e-06,0.0033055355832112827,-0.008619704206556464,-0.021251225363902934,-0.0008989815453173415
2021-08-06,-0.014648549110969904,-0.01851086865832807,0.0026172311944813688,-0.004631108986100617,-0.0005837669499202272
2021-08-09,0.00392093717522784,0.005857132418590674,0.0030243676939884618,-0.006846283437729184,0.0067614167239018405
2021-08-10,-0.0009091714384255186,0.002702987273477993,-0.006022883096496339,-0.014856422471591958,0.005445619680675981
2021-08-11,0.004516914313170199,-0.00010127321075115664,-0.007144203250722329,0.007168800822392786,-0.002271077671832952
2021-08-12,0.019712075439071563,0.016216050434223327,-0.0017494985360172782,0.001283002402986413,0.013661192218436197
2021-08-13,-0.0065293680253703116,-0.00790140974734397,0.001869684081567348,-0.007838256312584306,-2.955976304026792e-05
2021-08-16,-0.006158562797659022,-0.00786448578728533,-0.004708676407233259,-0.022090865026715104,-0.0033729407284152184
2021-08-17,0.02895138505935499,0.03537949817835816,-0.007243103480863088,-0.00019214076381449685,0.017097864686722725
2021-08-18,0.006565429382102519,0.0005679431139457932,0.004492404612135015,0.009441796899719761,0.005942289026596985
2021-08-19,0.005261708865716728,0.0057552013119217095,0.0028170100536485843,0.006549868365340168,0.00015974864912128502
2021-08-20,-0.006883221274762812,-0.006829119905832111,0.01150613552420215,-0.005997939992141778,-0.014599797341344074
2021-08-23,0.0019771300948382008,0.002401333179481815,0.0005903742044760489,0.0023951945703274127,-0.00029268150821919826
2021-08-24,0.017878361263224986,0.010405509850406645,-0.01081985460195011,-0.0004445719048774981,0.002832953677895609
2021-08-25,-0.0021102528531848543,0.006851244519630869,0.0016928493279513253,0.0005841093443915949,-0.007943363644519938
2021-08-26,-0.00739633689647373,-0.009997383830246075,-0.00026301372342597894,0.008455648164461137,-0.0006595409351094673
2021-08-27,-0.013337495483244383,-0.012963042010400605,0.006750540499399206,0.008594513777197494,7.941848081765619e-05
2021-08-30,-0.012181130301934424,-0.01752347242145621,-0.005119050786443081,-0.005405035759952746,-0.002654299854219661
2021-08-31,0.011848014199069223,0.01230013616612725,-0.005146200534364825,0.0013255580950962075,0.0029589796244241418
2021-09-01,0.025074464660337283,0.01809225253684127,-0.006408942028830604,0.018655324866429717,0.01458162249258733
2021-09-02,-0.0022804684200179335,-0.00440895469960407,-0.0007407736212529896,0.00988528288344734,-0.012813384836381421
2021-09-03,0.018401204415555907,0.01193757676913648,-0.007354054744145297,-0.0015390723335737973,0.014235475810858178
2021-09-06,-0.01917749222260497,-0.01804796631314673,0.01790926765075547,-0.006935095863262373,-0.013617709619166512
2021-09-07,-0.007943786133559309,-0.006189548241358892,0.0024630025535659385,-0.005665056746727269,-0.0021067291608702484
2021-09-08,0.02165217731744092,0.022192541843537722,-0.0013215564073445812,-0.006035276259409847,0.006166389684850344
2021-09-09,0.005668875334564528,0.014227725314456915,0.0016256743136034925,-0.0019180331878554868,0.0027790529423531345
2021-09-10,-0.015004892807636611,-0.012788362449101524,0.009795440958172844,-0.0027384786579744843,-0.012763905045107002
2021-09-13,0.003190538755824582,0.0010282928467769737,-0.0015141758193306946,0.016115255243612302,0.0008902174029295411
2021-09-14,-0.004300081824254667,-0.008168390462508973,0.005365628932284079,0.0005783536121413271,-0.007279407241234106
2021-09-15,0.015855648387276145,0.02480755465204835,-0.007035641730640531,-0.015135956674367249,0.01551479436539597
2021-09-16,-0.008215557909120048,-0.0044799825337993975,-0.009620557367174319,0.0005720478553872994,-0.007996297723110508
2021-09-17,0.008769169428798294,0.009490556136086839,-0.00822830086954227,-0.004772101313391337,0.01032043906043739
2021-09-20,0.001270733437382811,0.004570511022849616,0.012318017591731418,-0.007004840509019525,0.006101680762899703
2021-09-21,0.0012522712502785552,-0.0035873950931530167,-0.0091512490701,-0.004122669384183524,0.007778362647805743
2021-09-22,-0.0015305894445304107,0.006648658372666877,-0.007709225577427273,-0.004817722633786187,-0.005224255888630606
2021-09-23,0.0043635825914996144,0.009549802953915047,-0.003224686606951825,-0.020806218069591667,0.0040153074086010316
2021-09-24,0.005240862620802114,0.007843500062288568,0.006558373305809984,-0.0047461209123703255,0.004621233144217648
2021-09-27,0.014310090149735699,0.00560064098290565,-0.002847723835861588,-0.0007271340634234414,0.007251685457726914
2021-09-28,0.004172117802460036,0.0018047196387546188,-0.005595067939237831,-0.0008149907209575632,-0.002354259598423397
2021-09-29,-0.013029901546622225,-0.010257803590645919,-0.003314463788769559,0.0006332032472329895,-0.0031475474087555902
2021-09-30,-0.02070968074548716,-0.025946091038592634,0.012454138079281618,-0.005581616795198429,-0.0167139752206359
2021-10-01,0.0055447307190227575,0.01024969602334678,-0.0025447455535108875,-0.005161793915792009,0.011286983274510448
2021-10-04,0.020866795965570947,0.027767881840981685,-0.004352285248566149,-0.004787642442373697,0.0075389653157038215
2021-10-05,0.00627016926318909,0.009025672892865813,0.007328393797930249,0.008664459741880603,-0.006595268313777463
2021-10-06,0.012623371412675022,0.00807286935307862,-0.006308655151925257,0.002536463314614052,0.01874618122869319
2021-10-07,0.03731902267206433,0.043384753679892654,-0.010567581372761883,0.006157006174160205,0.027018171577542733
2021-10-08,-0.0038480115066863003,0.0057198690202780265,0.00353169577445066,0.002894523860090424,0.001132665986177668
2021-10-11,0.005059039327373468,0.01003318212229496,-0.0046588581167586835,-0.005864991079744065,-0.0020034922898309825
2021-10-12,0.005274014767442717,0.009934689075804904,0.0019366903934309686,0.013660497175532879,0.0025765320555233492
2021-10-13,0.008024899867110151,0.0026233859038604867,-0.0051778851708494614,0.005560559126100608,0.009929914050658767
2021-10-14,-0.003527603371970187,-0.004179149143873384,-0.008561138362922162,-0.00675225761294805,0.005140214637321331
2021-10-15,0.006902460193278796,0.01015572183740614,-0.0011981832207410234,0.00042028451934688244,0.0004245908337542237
2021-10-18,0.008385941042430418,0.011310728408975786,0.001115495404170174,-0.002294436262795676,-0.007548411894455815
2021-10-19,0.013165832541044349,0.01150401426861293,-0.009114688978796826,0.004374140667784647,0.007045299460451477
2021-10-20,0.012719236608559462,0.017037404054702956,0.0012888070121439197,-0.007888095744691239,0.012729351007291856
2021-10-21,0.003135006374806273,0.0013387359770775928,-0.00015507935681537043,-0.012486437464732892,0.0035548543950581217
2021-10-22,-0.01235245809818486,-0.020680213484197654,-0.007050475909511376,0.004353995411434215,-0.008090612089616912
2021-10-25,0.01840473251899799,0.016814546882795305,-0.01577917362374383,-0.01088758588841629,0.020015350917059232
2021-10-26,-0.0018707781352400102,-0.0050163425356528615,0.0011536959618302484,0.004360235376071806,0.00470891618260703
2021-10-27,0.017381990758715115,0.016682670959917687,-0.013031431804327774,-0.004839453955403392,0.013640749106879535
2021-10-28,-0.01156510711452733,-0.017664965189853978,0.00459351443673045,0.00017234044794078195,-0.007203138828483332
2021-10-29,-0.009101944016400835,-0.011033595687973251,-0.0035008949165603234,0.0037594283050530705,0.0018551974941370653
2021-11-01,-0.022154254346857128,-0.02887899285760365,-0.00405982828651353,-0.009854695133920208,-0.011128604591709172
2021-11-02,-0.017395742636382362,-0.02372954342035429,-0.0022396896140144404,-0.0018010973861653683,-0.00820452589372847
2021-11-03,-0.008660850640047039,-0.008325788842725258,-0.0010203919662834533,-0.004222418553073358,0.004816696375313949
2021-11-04,0.016085532621484176,0.0101345219091802,0.00015064290093566793,0.010278494119552554,0.001910496173655265
2021-11-05,0.009825331725058327,0.01898426860028351,-0.008629273110371401,-0.00988962074738561,0.013015290874249855
2021-11-08,0.003257943729907776,0.0065227310777103125,0.0015987056937642411,0.00371077072255103,-0.005717397303326273
2021-11-09,0.01256781247945738,0.01990682512624291,-0.004015979790389027,-0.0006262211761480076,-0.00047653151265647384
2021-11-10,0.006171057072214018,0.009762398649615657,-0.00165943925843454,0.008418599239013638,0.0020865688092657395
2021-11-11,0.006775271110723203,0.0016773718868033612,-0.0025442524003701536,-0.00019308804833073498,0.005137889458671262
2021-11-12,-0.004434323146000303,-0.005480878178376478,0.006223533341399938,-0.001463342746453467,-0.012657691157300421
2021-11-15,0.02099500685046505,0.030114481700933282,-0.01271225953439159,0.0027325678605159567,0.011822722147528681
2021-11-16,0.0031618465839727146,0.00500808106232327,-0.0021097108714599236,-0.006403235327906822,-0.0015819141453720811
2021-11-17,-0.01099430298577491,-0.016364641397208994,0.001962905714163814,-0.00590410942566567,-0.002783502114320661
2021-11-18,0.017846953864031127,0.01597306127911766,-0.0035475868625933858,0.006142218867878497,0.0126325640991667
2021-11-19,0.0009114632149930489,0.005053296094414506,0.003212125422852069,-0.008456700394537274,0.004321810603063396
2021-11-22,0.010647490047200905,0.007240264262088255,-0.0030224510704340607,0.006548944779674198,0.005085442149942178
2021-11-23,0.012875736573192142,0.026790187655777224,-0.006834490645484282,-0.01278607216581178,0.010391150728882732
2021-11-24,0.008658750061513723,0.0080269942811274,0.006628535331598338,-0.005536709734197973,0.00626805816386498
2021-11-25,-0.0072703298491067206,0.0016304933699245025,0.015349287416667598,-0.0023667928564160548,-0.010440951793126454
2021-11-26,0.010315054643757624,0.008947361459360708,-0.003225326371876201,0.0011412006072968853,-0.004264165853519415
2021-11-29,-0.000166052953130847,-0.003962667851351398,-0.0034432911177195214,0.010001573169848395,-0.005927634688539905
2021-11-30,0.009758462240975728,0.00894345309163346,-0.004471567219274768,0.006177761997905983,0.008082212086639395
2021-12-01,0.006847355966634372,0.012661786209200934,-0.0032707614394126817,-0.005484323840482546,-0.0013382192219876302
2021-12-02,-0.009904926359747462,0.00554997183532687,0.012134878002582197,-0.009615694416041851,-0.014951091199754747
2021-12-03,0.005782392740621898,0.009209198572324735,0.0022294131152336425,-0.0004032506680843221,0.0018163619247827097
2021-12-06,0.0039345542899122884,0.004694370916051329,-0.01478833395628613,-0.0070706619761822945,0.001269527764130209
2021-12-07,0.002102537026902145,0.018636412401940788,0.003547276527784145,-0.0031084059915011215,0.0057318231449718805
2021-12-08,0.005792254646510553,0.008522018392864443,0.0025102456629810537,0.017168196917009198,-0.003400452041296
2021-12-09,0.005683584921737454,0.0010174603395447573,0.0014016922227134895,-0.004460526192539159,5.796189631611925e-06
2021-12-10,-0.0035410789708548757,0.001553408725127245,0.007236403774476781,-0.007915811227371089,-0.0033672994842172373
2021-12-13,-0.008514958256990071,-0.016044625037838284,0.0001207245453696333,-0.002763432202181214,0.008348351683878208
2021-12-14,0.005195517904328354,-0.001982267709524699,-0.005714225198653202,0.007507797155263259,0.015272811545780514
2021-12-15,-0.0190317997468555,-0.030742341378502486,0.015494686702979404,0.007295205347695102,-0.018892020132384765
2021-12-16,0.006415549033469224,-0.007575948365623214,-0.0032636892251767064,0.004617292519691892,0.00863012300194959
2021-12-17,-0.012166751427510452,-0.01258882666212944,-0.0025118454611290013,-0.001448500859796498,-0.01041371558953609
2021-12-20,-0.0048972100699226475,-0.010720235501730754,0.004731920577675757,0.008313192559479779,-0.0051252839566399795
2021-12-21,0.0004588559395203401,-0.007455708602962989,-0.002864613110576583,-0.00019834052727731903,0.01480146299953168
2021-12-22,-0.013343604309289964,-0.006288404125384078,0.010593936048817016,0.00264866845433471,0.00018604464951930627
2021-12-23,0.004465265671282355,0.006927979353316682,-0.0012663050305952524,0.009163054107038264,0.008792547279759593
2021-12-24,-0.007508127449954549,-0.015297244198809184,-9.312604952376693e-05,-0.00629831404898463,-0.004583831898674361
2021-12-27,0.014849257616209671,0.013429054376507703,-0.0044420667805360374,0.0017989043588803333,0.013314372955248819
2021-12-28,-0.026962672007815262,-0.03226881239541704,0.008023800626514463,0.007758618265168563,-0.0186447773458513
2021-12-29,-0.02251863247250249,-0.020769730753769523,0.0023344808288552604,-0.012718626338916234,-0.015635160833148285
2021-12-30,-0.0022143042918701945,-0.005694834116855164,-0.013508211776687876,0.001356595124342179,0.009227029640716165
2021-12-31,0.007818263896074068,0.0021492846367667734,-0.003996782376378733,0.0007733731620900089,0.008065235040862297
2022-01-03,0.00602008586461697,0.001579918830145969,-0.0010409674676077189,0.0037357649018910115,0.010430366657735049
2022-01-04,0.006454078477896677,0.010403485460272241,-0.00021848711272131715,0.009982453372759527,0.005247378989874588
2022-01-05,-0.012333054922082845,-0.006390721905416027,0.008906748872481562,-0.004258585618279187,-0.01173871867561263
2022-01-06,0.0015589065416891416,0.00336132176866022,0.0015745451319140358,0.0018318385014679701,0.00899806236679178
2022-01-07,0.010858517826818629,0.011847466033710636,0.003596895703450207,-0.005459072496010862,0.00602396072564414
2022-01-10,0.01971167619679732,0.019107479131910573,-0.010105395270413535,-0.0061627768113619264,0.006096742309447409
2022-01-11,-0.01141714289753244,-0.01514065833982102,-0.0054979211100983265,-0.004957847721246125,-0.0003904013833377505
2022-01-12,-0.012893074161763045,-0.0063558059326599345,0.00796000769308585,0.00620983178879904,-0.012527742716080292
2022-01-13,0.008254302724799389,0.0020149997336711845,0.0031839412782339485,0.004036875090730982,0.00550681651272032
2022-01-14,-0.01610713526749822,-0.023052778771365752,0.0078753096586764,-0.0071803837178918885,-0.008891907893700408
2022-01-17,-0.01840565367752295,-0.015954924311002715,-0.0018467541212235645,-0.001808711059912595,-0.006113285931542571
2022-01-18,-0.0103612618211549,-0.008780924463705916,0.0051686544345745985,-0.005415402990654501,-0.012789785695200588
2022-01-19,-0.025551508300070948,-0.026360139090832492,-0.00234102673291683,-0.00633958375384847,-0.014639071369153179
2022-01-20,0.006149713305258346,0.004090078477250452,-0.003372426109958757,0.004498847478799064,0.0051855408989553734
2022-01-21,0.0017938714861933393,0.0036468928997128985,-0.009264686480589025,0.0008110968100812318,0.006127729295238662
2022-01-24,-0.014200197542917967,-0.017434113357425382,0.0038097737295620794,-0.0029331277012039827,-0.007303897365078751
2022-01-25,0.015176401381974203,0.02137150351786757,-0.011016028555802086,0.0010550727078439347,0.017476190690013743
2022-01-26,0.0026417022482704312,0.007968147355274305,0.012963681418904867,0.011460770458370823,-0.0009972000832123972
2022-01-27,0.010541061689017042,0.011255718370907435,-0.0020553267798277004,-0.0026632045751344095,0.013692452458145635
2022-01-28,-0.011821143991304017,-0.005133478604085845,0.007618581622166527,-0.01197378774254583,-0.006667627477881746
2022-01-31,-0.02720031809181949,-0.026616268362938875,0.013502521223632446,-0.005612355763461044,-0.017548473084296252
2022-02-01,0.021449889205003438,0.019394587890143023,-0.012050855343445438,0.009632439630712458,0.02417900893424664
2022-02-02,-0.0019556519378258323,0.0025973533135793926,0.009948760670405496,-0.0038059913497811276,-0.006799499996482244
2022-02-03,0.01277049415785682,0.02209909615982589,0.0016480412201636437,-0.006043730936056487,0.01642705339956864
2022-02-04,-0.008371650773743574,-0.011677758252390931,0.004598939986095886,0.011225527148754438,-0.0014906520222863783
2022-02-07,0.0029783860043429257,0.004885465570201816,0.00024524691219518046,0.003408962477068297,-0.012702987094881378
2022-02-08,-0.00555928950883758,-0.0054962051192155754,-0.005080326926196066,-0.0014439427140110878,-0.003262059171605059
2022-02-09,0.019065708379785877,0.028241461322228576,-0.006472573365738935,-0.0025997311688078523,0.010744126572627974
2022-02-10,-0.007419913713915473,-0.007747299849498039,-0.0021765931140679856,-0.01195467305044352,-0.0007235369684650745
2022-02-11,0.00555435501066173,0.0006951754695058588,0.0040991188975787966,-0.0023734580841061875,0.0022118431683436426
2022-02-14,0.007844128151349473,0.007381603545714782,0.0012247357934522174,-0.0029178114198873464,0.0018954984815348895
2022-02-15,-0.004470313170564085,-0.009747838114295707,9.525901044609407e-05,-0.012801704844317335,-0.006051355663494998
2022-02-16,-0.00541850592043605,-0.008074818028944775,0.00023927908685939382,-0.0021882002361958766,-0.001045990091634171
2022-02-17,0.008494204889590271,0.004698611016051177,-0.009635186081125693,-0.010616913233028609,0.0032835712418137998
2022-02-18,-0.0062230558137981095,-0.011757604897616951,-0.006423005761186099,-0.007557750587360142,-0.0015000158035379696
2022-02-21,0.005140353590026777,0.0016054789257675109,-0.003782369846450505,-0.008080290521493514,0.002523345039480423
2022-02-22,-0.012181143610289775,-0.01078309044074041,-0.0070904137296468025,-0.00938129627105851,-0.0034622665073046986
2022-02-23,0.0002060141958700524,0.014144079244867516,0.004232645594552302,-0.009145103174114506,-0.0017717185963234136
2022-02-24,-0.02331495600159742,-0.026320292075596118,0.0013632606860631156,0.0021088540368813017,-0.015972764661928443
2022-02-25,-0.00340119098954296,-0.007991160001605505,0.011800353747987515,0.0012654488752549308,0.004178442369968353
2022-02-28,0.007769821145419199,0.01013130590492026,0.0010222888070568533,0.0033691787088258943,-0.007199422388090921
2022-03-01,-0.005346600729809079,-0.001954757166219487,0.0020875008513059237,-0.012460146375396022,-0.004297756464197311
2022-03-02,0.018449266195065893,0.02579039561671323,-0.003996499501501337,0.006845112586246775,0.008278793177501626
2022-03-03,-0.02244645904192063,-0.030018278738592717,0.015529516843382298,-0.00016895959244411633,-0.017885193711993222
2022-03-04,-0.005598058355298567,0.003585809252818116,0.013216934602486498,0.018288561477492894,-0.0071954921412674625
2022-03-07,0.0015474938649651408,-0.007513957409872871,0.00833671712060198,-0.004806054989210948,-0.0013769840199266334
2022-03-08,-0.015167630331594129,-0.020364284640305274,-0.001110237828823895,-0.00836503144666218,-0.011369898449285987
2022-03-09,-0.008579225539100925,-0.005489318051583887,-0.003640946583050006,-0.0031802997640550043,0.0025796818939775625
2022-03-10,-0.008158356374160753,-0.013549087483174363,0.0007463586821701315,0.007222884254580188,-0.004069321368229234
2022-03-11,-0.008374571535291182,-0.007187078112305345,-0.0038908893361495342,0.0005173550033961926,-0.0016292783968494323
2022-03-14,-0.0036937016536666093,-0.008565773486566727,-0.005056254522697039,0.001997630073109808,0.005923469918501475
2022-03-15,-0.007647692964345538,-0.005693421477717157,-0.010698833716155591,-0.010556681226661343,-0.0013208585392014403
2022-03-16,-0.010916201003782005,-0.01685519899110593,-0.001857888525859136,0.00021308153371244571,-0.006331183465952762
2022-03-17,-0.026858774799899666,-0.04046439681315786,0.0019868994724088172,0.0010682810801951844,-0.029608077092382577
2022-03-18,-0.005996762113819568,-0.00932397141664337,0.00989230476213353,0.0004657020360615015,-0.0037642997052655235
2022-03-21,0.0016950856810495588,-0.00987072169014957,0.0030407161135055866,0.005015125391355443,0.0024026320149609895
2022-03-22,0.04711485247723592,0.039134711938348075,-0.0029028361182660955,0.007263445204839348,0.026173535898920103
2022-03-23,-0.000546146943614906,-0.002913921825150772,-0.003659553803042248,0.0012523106465468664,-0.007562381289415257
2022-03-24,0.009006950010261187,0.0073838604839551415,-0.009647943783004527,-0.00525349501532333,0.013793531357566674
2022-03-25,-0.006424021044194678,-0.004928332167976674,-0.002643758670928449,0.0031040373995745423,0.0012384576116091337
2022-03-28,0.022183305999556938,0.022846787505363342,-0.0017696072620284038,0.004309056088162765,0.0188894872315373
2022-03-29,-0.008625988651304765,-0.0051708235186458534,0.0015054056712184819,-0.0021260062399749407,-0.004204114760686981
2022-03-30,0.003026884757120129,0.002611124164348347,0.0004707271606687688,0.012698862621962181,0.006937946800809197
2022-03-31,0.01042985510996276,0.008695230903361797,-0.008547002715841811,0.006038618327963763,0.012362177168345517
2022-04-01,0.017672048109011785,0.015654042963813536,-0.006433859154144411,-0.011094002741574252,0.008345455643912135
2022-04-04,0.011958846126953367,0.010276234728158789,0.0005623451325241785,0.001435033440005804,0.007658589559096155
2022-04-05,-0.013772296677788008,-0.014314733033604969,-0.014942778928339508,-0.010115117643452683,-0.012038518277429447
2022-04-06,0.014471934198561793,0.019798732367019393,-0.00042333124776112514,0.01326801731455348,0.0028350569073675213
2022-04-07,0.020968358374986697,0.027620839821073582,-0.006409863034868596,0.009022867655359555,0.0068810087730928095
2022-04-08,-0.009894169938332083,-0.01395898719806757,-0.0010634637185471282,-0.009678811979572908,0.0014920723465221752
2022-04-11,-0.0031062528044379797,-0.0013999003151979933,-0.0025190603754118713,-0.015570043731431055,0.000343184692743705
2022-04-12,-0.022947059705037322,-0.02500642928124495,-0.0025312309233885364,0.009661697198290303,-0.006043281124269816
2022-04-13,0.001269045495257765,0.008295886691932517,-0.0048311820068342405,0.0012570920926587375,0.0033276122138286754
2022-04-14,0.00316824097600404,0.01038180038643867,0.004498295441476848,0.003481333793489053,-0.008147815168362434
2022-04-15,-0.011520555543353565,-0.01303868265738641,0.0035305571538885782,-0.009090508158466766,0.0059631856998293205
2022-04-18,0.018196728663042873,0.022834892567090842,-0.003962806331217977,-0.0003282719818053709,0.005400085191801404
2022-04-19,0.0009297662222263504,0.002412200413816338,-0.007813317670727307,-0.0007156178844889086,0.001770175239409622
2022-04-20,-0.022893690694528693,-0.029293370885058078,0.002913806315695522,0.011822337701928493,-0.009524577730391663
2022-04-21,-0.016025778829198697,-0.014534190981577069,-0.005124836525157066,0.002631015904499671,-0.009248851225693274
2022-04-22,-0.0011236342648700502,0.006068422536782338,-0.006908190396042533,-0.014648847773068185,-0.0018344880004334929
2022-04-25,0.0124605462122318,0.00503788491526358,-0.021814179928744022,-0.00860209413897387,0.014697863261710213
2022-04-26,0.014403140996865951,0.012918071163909181,-0.006621833782479159,0.009058829630036083,-0.0008693527482071072
2022-04-27,-0.004662249302196111,-0.003959318926416003,0.004134353295300761,-0.0031816000956913235,-0.003323197003958555
2022-04-28,-0.029859928240955874,-0.03566137123660107,0.010260062108176607,-0.00820544220431434,-0.01804667373221561
2022-04-29,0.005362470009632377,0.0038761993216034907,-0.0005551048862294437,-0.0061519644850195985,0.001603112487059007
2022-05-02,0.00732259403507067,0.00872087245775091,-0.0054760386904885595,0.0006888506544755016,0.009123306064018531
2022-05-03,-0.024599295342929737,-0.020043569993630456,0.005069131399183817,-0.0003440049148458284,-0.007270753810063001
2022-05-04,-0.016460084366765593,-0.021559758567494047,0.002094706137196387,-0.00748689021967326,5.3268552398507076e-05
2022-05-05,-0.010281265125921514,-0.014083430317585141,0.0036330992289324887,-0.008982130330428866,-0.008665930652611141
2022-05-06,0.003809439135002102,0.0022624405571597425,-0.0017831325022978348,-0.0036967210831875177,-0.005876199405260244
2022-05-09,0.003859118536070863,0.013771187412576196,0.00016718662186964166,0.000956585934581323,0.006090117598683081
2022-05-10,-0.015231965958560391,-0.0070075222853821775,0.006291091630177357,0.010481514408993559,-0.012884916241459168
2022-05-11,0.021816743070693898,0.027669804929553295,-0.0018153541475210214,0.0044178465580112895,0.010602150882805406
2022-05-12,0.01440637990168647,0.01623298229888371,-0.015934825331401677,-0.01228824528788013,0.010465294040801142
2022-05-13,0.003719987797986661,0.003682293955383786,0.0065731283043537455,-0.011228073650704211,0.0007244027032372478
2022-05-16,-0.021815750704645857,-0.019247139678415952,0.005600297031895259,0.0006933454646735416,-0.017172503915057275
2022-05-17,0.015353579179893013,0.022195302609644592,0.00023289171636318068,0.0010844726095569027,0.011207208735629203
2022-05-18,-0.008482710815848187,-0.0044104646986980614,0.013008729965403282,0.010992150887745737,-0.01137557709885386
2022-05-19,0.004337007807277235,-0.002440227715706525,0.0016374530094324324,0.005977005760361271,-0.008485001755146439
2022-05-20,-0.013941406126948365,-0.016517318553910483,0.0016158384447053926,-0.010775628483458661,-0.005744793467275458
2022-05-23,0.003017683307286145,0.002173053131843261,-0.0056123733039877,0.006321630622042351,0.012040537288919411
2022-05-24,-0.005802737806158445,-0.009587144261093326,0.004207582567519879,-0.001529781119805467,-0.005020288373614009
2022-05-25,0.008875837820696057,-0.0009496312655264357,0.0047125931418346865,0.005771370091314907,0.0007476031545343475
2022-05-26,-0.001070809850657387,-0.0013554806636679147,-0.010512628015962686,0.006781123181555721,0.002585592386867545
2022-05-27,0.005316025565368502,0.010926884982364313,-0.007170908317342537,0.0008074236202886299,0.0034300164999330265
2022-05-30,0.010161249302597925,-0.0007653851278601213,-0.004575656339059408,-0.0026409771268951655,0.008240117659535789
2022-05-31,0.005640530248418426,0.002171527022051165,-0.006341243497371581,-0.0017395938133257637,-0.000439304312378872
2022-06-01,0.010103804345425522,0.00881896287639812,-0.020962672268613623,-0.00912060066613677,0.004936144737574589
2022-06-02,-0.019575309785531347,-0.02780041554454819,0.005067766989004955,0.00944829428156983,-0.009834372753301342
2022-06-03,-0.0072780406585888765,-0.005310282504750825,-0.0006689493649098297,-0.007237394937054804,-0.009807408832463107
2022-06-06,-0.02102194568102063,-0.024703010659057348,0.006264822927094459,-0.001765478556038857,-0.014830753567712783
2022-06-07,-0.011348952728361374,-0.008843849372707395,-0.004846242785527729,0.0012097539032781444,-0.009782371873944014
2022-06-08,-0.00902922284823642,-0.017739406482692878,-0.0016401030815242764,0.00623956665350088,-0.0016449551067321089
2022-06-09,0.01174106534433642,0.015466998298521441,-0.009631577724683957,-0.004655689681889761,0.0044290948356017715
2022-06-10,0.015966898848468483,0.010571196573333465,0.000642175533017411,0.010978842759091157,0.01781532715784604
2022-06-13,-0.0049162391115539685,-0.001368353468542684,0.01591868577124528,0.0002952345785524012,-0.01488221100997794
2022-06-14,-0.022560120406893164,-0.020303980235202992,-0.005361430738696555,-0.009799268206739112,-0.007806144789329335
2022-06-15,0.0022221064419589687,0.004719416055672456,0.0010580627008756846,0.01007193543578916,-0.004005572869650291
2022-06-16,-0.008123941661502376,-0.012959169287662033,0.006828471525706886,0.008683785202814777,-0.003585285324265827
2022-06-17,0.014201924002679134,0.008779656622014305,0.005929464316747902,0.017510156453759935,0.009715833660126749
2022-06-20,0.02138158690525272,0.01385991526207752,-0.009881607148204368,-0.004104300901445118,0.01705972030744377
2022-06-21,-0.012601688875225748,-0.009369545145412828,0.01229492055015794,0.007201620986492797,-0.007923298504155131
2022-06-22,-0.011854480090808991,-0.017370358802427485,0.010372205301941911,0.008582845056048557,-0.009109188370510115
2022-06-23,-0.0050149145491906865,-0.01649799310698469,-0.006576247253810217,0.012493174236036462,-0.007972860587628205
2022-06-24,0.0022737578546529677,0.007968201137773148,-0.0077927405747731555,-0.0022281465255759567,0.008495595112452844
2022-06-27,0.00014999186288700402,0.015899508719338415,-0.008678892777166228,0.001960428269457475,0.0021471083165965515
2022-06-28,0.0092630418580401,0.0123637208392657,-0.006724985377566382,0.00033302296758312445,-0.0033632758639198677
2022-06-29,0.007238970006856725,0.009405780680695332,0.0022543423942670135,0.00994788721674125,0.005340039054365277
2022-06-30,0.0017770730375793143,-0.002926904264486234,-0.005432704046668235,0.00779440635584014,0.010042943418765828
2022-07-01,-0.0028573252357446486,-0.0028144519228169543,-0.004850195208047469,0.006257343824798823,0.0035339227294787236
2022-07-04,0.02329460923756499,0.020183647436433666,-0.009000040217781896,0.003190198587772901,0.017706559110671347
2022-07-05,-0.002588011650571588,-0.007567611862303457,0.0056330252080191365,0.007973138060152627,-0.007834001892272641
2022-07-06,0.01626531361326595,0.023878816285076026,-0.002723475442819536,0.0015117085087827452,0.012361443040485446
2022-07-07,-0.010340436843075097,-0.010933957112513028,-0.010658739793527695,0.0002923241940273845,-0.010878381807187518
2022-07-08,0.01804103794114799,0.017552725633876845,-0.006253158663498491,-0.0035971618655115493,0.009242482881621987
2022-07-11,0.01702237614177644,0.004620433324441392,0.0019656670424945985,0.008668703009883521,0.0012920638021582352
2022-07-12,-0.012903748716590854,-0.00465189476642998,-0.001477341208508755,-0.013116306695139213,5.507191842855867e-05
2022-07-13,0.004062634515430971,-0.0007857024908900172,-0.0002882537852013634,-0.0062427548647439905,0.007778789509069559
2022-07-14,0.012736451578477602,0.016589499976295535,-0.0007701249000513797,0.014818422482763714,0.007123484010014703
2022-07-15,-0.014182489505049614,-0.012756339639765683,0.016974475516084515,-0.0037571475814772823,-0.013723451212905542
2022-07-18,0.0049973524572174315,0.005068056771360841,-0.007456072687935091,0.006369467999314839,0.017166527079553576
2022-07-19,0.002353577508286888,-0.0024343202533359263,-0.010803891803691103,-0.0012287939330845644,0.009816586061720431
2022-07-20,0.00570201295794458,0.006106971043430722,-0.005164470455749009,-0.009226813197400164,0.00864753690957167
2022-07-21,0.010965259456627028,0.0032881801463923717,0.006074340614046735,0.010161388062930462,0.01138472298112358
2022-07-22,-0.01610553298182138,-0.02478068726095206,0.0024714468304459815,0.0029555335931752504,0.000497794650069564
2022-07-25,0.008472946965781578,0.007762738941709709,-0.00875721456654162,0.007464806091542798,0.001558256757380732
2022-07-26,0.01954162265726786,0.019414297073303367,0.004593644754055869,0.010853523053278184,0.008196229739129115
2022-07-27,-0.0062327564619135195,-0.008560338050417298,0.004093905173103862,0.0013741719620529245,-0.007549547902731027
2022-07-28,-0.0019875769238115867,-0.0017021916374645482,-0.01267474708564286,-0.00214860424077912,-0.0029441368100774283
2022-07-29,-0.013839988838468941,-0.02411313853586153,-0.008552617143961758,-0.014764100017668959,-0.009292086784050397
2022-08-01,0.02343910965031882,0.022272551097964888,-0.0053662208590935625,0.005655770756541466,0.014154792496104652
2022-08-02,-0.0009293215287119237,-0.007555877756500672,0.008545221160424499,0.017894618727163483,-0.011793574849182338
2022-08-03,-0.012288343090636554,-0.014724767593029332,-0.0029452308778914606,0.0005500877510443807,-0.009508069772548913
2022-08-04,0.025980672813679228,0.034418292070439276,-0.004774385244305336,0.009583214803344982,0.021019300284371205
2022-08-05,-0.006767369856698919,-0.011742110967379945,0.0017669483882891438,0.00662819234983281,-0.0032679410161992133
2022-08-08,-0.018923957786291967,-0.024716697629817607,0.004019776205558737,-0.0017704363677646564,-0.00036616580235068335
2022-08-09,-0.016631855308787975,-0.015077428815356859,0.013937606925631212,0.019163153533641016,-0.013992736923458178
2022-08-10,0.005897153432642397,0.00945580496883392,1.4210913795054052e-05,-0.0001295669046355657,0.005504029496217022
2022-08-11,-0.030386953022636224,-0.028872911805336306,0.009175807730054579,-0.004204810089127562,-0.006931769263712801
2022-08-12,-0.008099208225486628,-0.010904770483762743,0.014271981302601522,-0.0016092628707896253,-0.011052791804507743
2022-08-15,-0.0017643050811701998,0.002719302444662878,0.002266553401532554,-0.0098375151653178,-0.004359997002554608
2022-08-16,-0.007288253198546537,-0.00824642593414318,0.004515715683181343,0.0036790574465181045,-0.014480313578293935
2022-08-17,0.012767291850730273,0.015089369066442128,0.005416014233924336,0.007696315219177447,0.011244035769721562
2022-08-18,0.005598543737401524,0.013395651857565352,0.0025971559602388176,0.00019737696912179714,0.01474937652629853
2022-08-19,0.010668445467358704,0.014598851741238828,-0.010392747914409728,-0.01239486165205179,0.009745475839123465
2022-08-22,0.0017462543732188896,-0.0014952896820560862,4.5813120229875145e-05,0.01279792902044654,0.0047174340809556375
2022-08-23,-0.01369210211703286,-0.015308022597044054,-0.0014817455444874493,-0.0059694271091849495,-0.008996990636603978
2022-08-24,-0.005731746991248062,-0.013038823435514709,-5.1842282394749447e-05,-0.00420898644828972,-0.01908905475787812
2022-08-25,0.024635664294019956,0.03241620310015783,-0.00814689066939214,0.000485609976130454,0.00876285464796674
2022-08-26,0.020348674533730383,0.032251062467361244,-0.0032144708708703165,0.008526967198746455,0.012834066745882786
2022-08-29,-0.01604070526651117,-0.019476639597299342,0.004781404893746574,-0.004105232239476239,-0.010858108401212234
2022-08-30,-0.0010967946901093734,-0.0016209950548076695,0.0005639267522250085,-0.007864189467150857,-0.004735806435836024
2022-08-31,-0.015415011188399632,-0.011180311225405463,-0.00846032581290346,0.0014959096607628014,0.002065058668505228
2022-09-01,-0.003626167043791457,-0.01817512697468499,-0.0028768783838132366,-6.934145158704377e-05,-0.007140150966576425
2022-09-02,-0.006182620725698913,0.0017599493624707635,0.006689111694266004,-0.006701856347006131,-0.013343666647276568
2022-09-05,-0.003924207811317253,-0.005383189879877856,0.003987648303355027,-0.002944648191301836,-0.00041988951112305166
2022-09-06,0.02322184848072275,0.029399321548918125,-0.005899695535291387,-0.0001441550647738738,0.011759843235880446
2022-09-07,0.014167690949425736,0.011764675765320008,-0.00381860796826854,0.002021139793003889,0.005480753286005799
2022-09-08,-0.01646958657460921,-0.015905241333053214,0.004139854629295864,0.002081627909133837,-0.0123312283669906
2022-09-09,0.014649855585756573,0.010913445948956074,0.006273662340320266,-0.007072054892529731,0.007873647324605507
2022-09-12,0.005705168190319482,0.0017584393048504445,0.0006596995005249324,0.01162383362479026,-0.009181792457741747
2022-09-13,0.006032937689889776,-0.0072048673923675475,-0.009105745583369802,0.011814870954777087,0.0020260177583242838
2022-09-14,-0.014086559572907671,-0.016205629960148984,0.01644327581520252,-0.009523679689008385,-0.017500756354352616
2022-09-15,0.017969180198155518,0.02947986723118707,-0.004232295315242345,-0.009274324718702681,0.021924123978313934
2022-09-16,0.01913330870099036,0.024261703054344018,-0.009664659555781203,-0.0013113383958569538,0.011671477032200105
2022-09-19,0.003970215655386933,0.01222280223585326,0.005310377627103195,-0.006445200009042262,0.008265847290984977
2022-09-20,0.003757585680157864,0.007802973751214252,0.00855514754992436,-0.004761279290155378,-0.000470930459592256
2022-09-21,-0.006377454616310581,-0.01544775512195798,0.002879071317544158,0.020185270961258904,-0.013974859466942335
2022-09-22,-0.0003873673325936439,0.0030987932320652926,0.0012564134731317352,-0.0009663783302146194,-0.007412206875065048
2022-09-23,0.002793440915281964,-0.0011539624936053208,-0.014817728133984336,0.004123685936126014,0.010454648837538414
2022-09-26,0.0006199317222129576,0.0019222934438060237,0.006660390940869804,0.004305457280289192,0.0035448662347349895
2022-09-27,-0.0035697864104862016,0.003367096443895677,0.0037296076543203815,0.001166991548619864,-0.009359058225396698
2022-09-28,0.003443470251620505,-0.0008688262791619215,-0.0053802928701595,-0.00693957920129154,-0.0028572376655098875
2022-09-29,0.02549725683620354,0.03467192275423452,0.0060632743319574915,-0.003110466973163997,0.012112215148494185
2022-09-30,-0.01552209150244915,-0.02047755653602302,-0.002060174781864696,0.006171734704461093,-0.00961132923937836
2022-10-03,0.012820552004328196,0.01707545076426273,0.011333865321788419,-0.004630008034734531,0.010411121694403206
2022-10-04,0.013757290444808732,0.00942536789648105,0.0020636226911078144,0.006771827543094974,0.005184297692200227
2022-10-05,-0.009887225843663996,-0.014557939816788965,0.014911883362150323,0.004839848449685163,-0.004916415876072653
2022-10-06,-0.009490792580010638,-0.014465725651412171,0.008749465258037761,-0.007668467791558149,-0.00975808371148699
2022-10-07,0.0004083289328667846,0.0010493585972791433,-0.0011538059689455392,0.0024812167401080565,0.004322777124617919
2022-10-10,0.00881565054551196,0.004053167033804484,-0.004680665577663398,0.009564364997333456,0.010542676566446342
2022-10-11,-0.01647431341777277,-0.015753909775092043,-0.007769842333010193,-0.006182439040516698,0.00381929397935408
2022-10-12,-0.011374712607227836,-0.01678666946072687,0.007232716578637847,-0.010038734459950514,-0.011548018709282484
2022-10-13,0.0071572936509810324,0.004201926093539669,-0.003732090714303725,0.005954231966531928,0.006903738106018946
2022-10-14,0.0032018207555448226,0.0015759054843332613,0.001255968139810759,0.0004731763042862525,0.0037096535196692792
2022-10-17,-0.005963184301415739,-0.0074022143429281735,-0.004704687269490904,-0.0031278845791662545,-0.0062780483294213
2022-10-18,-0.01336855740194392,-0.012929681542183092,0.004989912226161513,0.0051821687076863,-0.010373387137847941
2022-10-19,0.0048966341620410685,0.008277868195398053,0.0018163356486691508,-0.005021832342936151,0.002874513472949796
2022-10-20,0.004369683552655937,0.004729514234758242,-0.014123982058316286,-0.0037226957478153737,0.017881396713618578
2022-10-21,-0.004320471225083793,-0.008632160719850313,0.0030148227264578257,0.0033935958634185768,0.0033029943534649614
2022-10-24,-0.015094417870906653,-0.01218836297217166,0.00807981919009844,-0.0012361771168341949,-0.007935483589377026
2022-10-25,0.012353489779180287,0.018045682132894647,-0.009824507982522959,0.003713181930241853,0.008879172722007427
2022-10-26,0.0008744891761861848,0.0013402398066410233,-0.0011198599398024515,0.008587364638938022,0.00046190833855295864
2022-10-27,-0.013434553540598025,-0.01657899618789123,0.004399364735904253,0.008844874155766656,-0.0047567512966113275
2022-10-28,-0.010206423344964527,0.0026809873596298738,0.005835700705266426,0.007880779885578422,-0.0069137625264132346
2022-10-31,0.006400310936465392,0.011475710732110688,0.006408862939225485,0.011003632075399616,0.006664423315716202
2022-11-01,-0.0037810407743293036,-0.0071954058839362066,0.0027146814095383534,0.007894845179400674,-0.003860496314287102
2022-11-02,0.012782063588572638,0.021689715311311492,-0.008174175058583233,-0.008474373459747072,0.00817173587437409
2022-11-03,0.003691352018270357,0.0010838269623173126,0.00712537618052934,0.007219727370914549,0.00021413380672186892
2022-11-04,-0.01723091428642233,-0.02571420792186419,0.005472396986007572,-0.015854702997432864,-0.0054224744602029765
2022-11-07,-0.0018978461324678437,0.015757365923653077,0.01682662467328424,0.0023057814200528196,-0.005256876055593783
2022-11-08,0.011946978168024357,0.02216815449787716,-0.012293013806010758,-0.017644892233081234,0.006141435552481658
2022-11-09,0.006992850998086372,0.01023193442131376,0.005121838675387381,-0.006048218025801344,-0.010258255580296917
2022-11-10,0.010296170343625745,0.0065070282980589315,-0.015763974718348076,-0.002674153157407545,0.013535187675940877
2022-11-11,-0.0014646855854553273,-0.00408424449529865,-0.0008850507266798525,-0.003016557798214241,-0.007943601662781422
2022-11-14,-0.008576168123885182,-0.006344898811428028,0.004569167435734349,0.0010643557202584958,-0.010853448593049741
2022-11-15,-0.002178037945628006,-0.014283005369726558,0.00036008652299846514,0.012349696477222569,-0.00944721434575197
2022-11-16,-0.007031132079813064,-0.005740986591975527,0.009840256384596102,-0.000964464357170624,-0.009910938888154433
2022-11-17,-0.023627077708993,-0.024792179847992687,0.01896997149347414,0.005286839338427284,-0.017198980361896352
2022-11-18,0.0038649877292038256,0.004087559922904989,-0.006079572603116684,0.004439571245662635,0.004898574620090504
2022-11-21,0.00021135902320388778,-0.0051248352526755345,0.007462157054962852,0.008903732701174817,-0.004931470052538313
2022-11-22,0.012021898244183246,0.010173404065974348,-0.008323246960468702,-0.006406195349479467,-0.001382549170622607
2022-11-23,0.005658508565018469,-0.003973764277582525,-0.010240283973270595,-0.017090076803353324,0.004459337084990183
2022-11-24,-0.001803845523262465,-0.003728662940283388,-0.006211419498912177,-0.011372299415075775,0.002962926879464004
2022-11-25,-0.006606623180501853,-0.0053552960018362905,-0.003581339629056574,-0.0016030119590899887,0.004635426003270214
2022-11-28,0.0070339896047134,0.005286959853851624,-0.0004966707936594397,-0.0003374007521081271,0.003687847031204303
2022-11-29,-0.003907332625782044,-0.005095554130348244,0.0022454462035434624,-0.007128763089264089,-0.00824593771157232
2022-11-30,-0.016662510645974533,-0.026664886843131286,-0.004171373350881414,-0.0022192128996851557,-0.012663869795212841
2022-12-01,0.006163373570773155,0.006805823675463134,-0.013844116813537699,0.0004123844945435207,0.011245742632802074
2022-12-02,-0.01192635209801824,-0.010495420333383748,-0.0019429813010915428,-0.0026461444779117766,-0.012377550424430702
2022-12-05,-0.02151727743041492,-0.02519567429431778,0.004646016023912424,-0.004780619395563704,-0.018846695348179652
2022-12-06,-0.004798788745573645,-0.0036731181155697204,0.0011439085081301683,0.0007050242582728336,-0.006310453271878808
2022-12-07,0.014060614976593916,0.008638231808621893,-0.0013717439286626055,0.01195547668081556,0.010120668144031371
2022-12-08,-0.0024302907247779606,-0.005507202405748705,0.0067632904050776025,-0.007926477556045806,-0.008542159895235232
2022-12-09,-0.004770693185900657,0.0016702851929462715,0.004366671195345113,-0.0074541929492118394,-0.0051357888904263686
2022-12-12,-0.007371877729155533,-0.011806992813437125,0.007594376930268039,-0.007969271617238637,0.00256545745832204
2022-12-13,0.009938756282215473,0.016653000428961482,-0.004826716682951369,-0.00217671732533557,-0.0011271247796239181
2022-12-14,-0.0062959488848016365,-0.00404903823487974,0.01001609745243897,-0.005843113868618979,-0.007865079168077988
2022-12-15,-0.0018155906427902678,-0.009607229744436823,0.0033081308460756664,-0.003217641150377707,-0.0032424036666887607
2022-12-16,-0.005423392462942532,-0.010152095434515864,0.0009004681363966137,-0.0015797726505461576,-0.005238497649915651
2022-12-19,-0.008741539460164113,-0.007629399503069007,0.012776892308620193,0.004330463188885719,-0.0023766598812077926
2022-12-20,-0.016682663101841553,-0.01704044393469737,-0.0023524207955554527,-0.01528804791830685,-0.012158039804854174
2022-12-21,0.014302792012962876,0.020564264449536643,-0.0016656810955423492,-0.010332513410355026,0.006768779073794313
2022-12-22,0.0036204001068208267,0.004849038308855077,-0.012315165266718362,-0.011159056844845434,0.0046445841455395355
2022-12-23,0.0064354909142062796,-0.005142412445858792,-0.004031633404192658,0.002541388152062677,0.008506644077037735
2022-12-26,0.008314291010849241,0.012120491217468702,-0.006805660384556977,-0.01603512386448703,0.0038198864721720447
2022-12-27,0.012019581902502722,0.020546703670427414,0.002111838080443908,0.00511402571176902,0.008063911483601909
2022-12-28,-0.006673424961129367,-0.007876431693485487,0.012057131374187569,-0.0033086260401429565,0.001979300515098631
2022-12-29,-0.003864337853904701,0.0031247338475461532,-0.006933404495338385,-0.00028979945593750117,-0.003812526425714319
2022-12-30,-0.01698320630309025,-0.017029576386434132,0.010871364218383315,-0.00528389140399837,-0.01974880369786938
2023-01-02,-0.0011021371720194616,-0.001662705712466561,0.003647658001686849,0.00847724933299822,-0.0017321730457885466
2023-01-03,0.022266039777531155,0.02512922667759127,-0.007864003328435266,-0.01132626408475733,0.011971167567523708
2023-01-04,-0.004036643344933635,0.0009363912596033348,0.004520186159399956,-0.008600107350908241,-0.0022800749446954646
2023-01-05,0.00805837406074864,0.01703341108876644,0.004334327846318527,0.00764833759721967,0.0037878015784348824
2023-01-06,0.0046597440650813955,0.01185731337060902,-0.008756449373733061,-0.006392408913414864,0.0007354381650129044
2023-01-09,0.004549837424713489,0.011633545354538739,-0.0041614113723778875,-0.019844467033456124,0.0011593363477047003
2023-01-10,0.01096168478420888,0.014715440077608109,0.00011306181875176867,-0.00047578645660213085,-0.0011844067474930816
2023-01-11,0.006183531859493609,0.002059405853277451,0.011458838629529993,0.010812197182618326,-0.0030142928639845974
2023-01-12,-0.007336622968663538,-0.008384613559248008,0.0003793281710533837,0.007246187504482968,-0.002759331669522018
2023-01-13,-0.008779580866902337,0.000949160954347326,0.003759424999139736,0.004018437507174727,-0.008291919147423426
2023-01-16,0.004357387532934281,0.006383945325438535,-0.012711592093357019,0.010503202098212894,0.012842225516745227
2023-01-17,-0.004766343793751852,-0.011163872139540563,0.002744191631934763,0.001831482722449176,-0.0014809204259598056
2023-01-18,0.0022989287543290753,0.00524518879090593,0.008708561517478428,0.007789820252432189,-0.006552601067366486
2023-01-19,0.016350754232549426,0.026551627084016968,0.016315163836768048,-0.0001759742554597112,0.0057274975033670735
2023-01-20,-0.024985184438267846,-0.023782380963166865,0.0034838200697563724,0.010706098829230517,-0.01762780091689808
2023-01-23,-0.02027019645560714,-0.024342434294770388,-0.0072560184310104,-0.0006846647161681117,-0.019733118781728395
2023-01-24,0.00034149097419790655,-0.011034122732344854,-0.003344208341567046,0.012839105652403465,0.0027617550680457195
2023-01-25,-0.010361923259579207,-0.0112930067144019,0.0028131503092267223,0.0027825078812930924,-0.013403205809571564
2023-01-26,0.007110807286167968,-0.00720634373190482,-0.007427791872345705,-0.003008513609573375,0.008380595090076826
2023-01-27,0.0002715702321224297,-0.007420638132015306,-0.007053108795213713,-0.00010407595965398457,0.0012719790925206772
2023-01-30,-0.0069494893156289575,-0.01009738478738909,0.005863547494687188,-0.0023832218864450363,-0.005759058247428219
2023-01-31,0.026039239056966514,0.020137240178579874,-0.019221345913777377,0.00416733163883165,0.014587696584633643
2023-02-01,-0.003818850332911443,-0.008384992717386628,-0.0010883053701841675,0.01151804526156584,0.0026769884153262005
2023-02-02,0.010346682142643726,0.003334803464684191,-0.010738092022537784,-0.022506360385211383,0.0030993503597296565
2023-02-03,0.011480438236627902,0.01515874866152791,-0.004077863619051445,-0.00012940888234344914,0.003383958962916002
2023-02-06,0.00245710658882141,0.006839559022505335,-0.010233351528527336,-0.002113184720599737,0.009158046180345495
2023-02-07,-0.004981203467560435,-0.0015018476466293698,0.019244828410000893,0.005495787497290139,-0.005314470226693313
2023-02-08,-0.0088566850039367,-0.00851167602295753,0.0052985894674167705,0.0018040857650589858,-0.011389082871567405
2023-02-09,0.0024763412559054084,0.010680799671246686,0.003029154493010109,0.007643035146754929,-0.0003485865212316222
2023-02-10,0.008998802873084527,0.011191017783426764,-0.008108813053966912,0.0005339970985095886,0.0015085241568617517
2023-02-13,-0.0075945632986175035,-0.007112680587838294,0.003957891082681112,-0.008897861852219777,0.0006173329880328844
2023-02-14,0.006864075339605675,0.003500696697682742,-0.011796068889669546,-0.003986085639334723,0.004036398884078641
2023-02-15,0.0013576854846362738,-0.0005351201158897526,-0.013066562995347229,-0.0076526217865781135,0.002318176734882105
2023-02-16,0.007603932297288705,0.004330632210411404,0.008024071179568921,-0.009061519872064654,0.008521042782712315
2023-02-17,-0.0026918276505372577,0.0018271909494899775,0.0017250998796441523,0.008004009512289712,-0.0035971611990869806
2023-02-20,-0.013183445102133746,-0.006356127150290226,0.0036172480359986897,-0.0005603407316959855,-0.0007622064044868406
2023-02-21,-0.01238346290513322,-0.01002421010383496,-5.7826632100449746e-05,-0.003842534834508811,-0.005885953046627906
2023-02-22,-0.018002662337363234,-0.02359622507425819,0.012658615440875738,0.009106873110451344,-0.012979503194729262
2023-02-23,0.002917481502154717,0.0015169635868840564,0.007495641354595225,0.0023403770761922737,0.0007234407304788642
2023-02-24,0.01375236172970478,0.010495542064794522,0.005616146262188124,-0.005963110795775395,0.014074493847082587
2023-02-27,-0.004472107007423695,-0.0061317148504823745,-0.010732406096949969,-0.008395582423586335,-0.0052438450726021435
2023-02-28,-0.007291756144481671,-0.008579890565498516,0.0077897296864061685,0.0034798515034660626,-0.004133982773671891
2023-03-01,-0.013146232666146748,-0.018942861491138385,0.014107039038125938,-0.001477016132332124,-0.001807668566217965
2023-03-02,-0.002916734386570398,-0.0031180746630864913,0.007426451955359549,0.012014003196379212,-0.0038673414628680094
2023-03-03,-0.004658916642258467,-0.005307398035107492,0.003291654739334361,0.007204198207618803,-0.0031356488177246315
2023-03-06,0.007426635576277844,0.016960701123116345,0.0014178024559184795,0.0028795748543381334,-0.0043328022648396955
2023-03-07,-0.03156876164194876,-0.03175284206454502,0.007932686982551215,-0.006868985482831003,-0.017046666855493345
2023-03-08,-0.0007248447503628995,0.005409968957476055,0.0014108883729691765,-0.006145074548192841,0.004742271093084924
2023-03-09,-0.00260557289935443,9.238325580673868e-05,-0.001966561997728116,-0.006617743603709091,-0.00035465565303919417
2023-03-10,0.00015394372252422144,0.0027979752680707703,-0.0014204414141878393,-0.014744121071664147,-0.0020227472203126692
2023-03-13,0.009525821605725788,0.008592721827696997,-0.004214022786336101,0.007725713452494337,0.0022425828375099155
2023-03-14,-0.018513638618914797,-0.02075266543738338,0.0017499308884843107,-0.00985544664903117,-0.011128881207538913
2023-03-15,0.005898067766961404,0.006279627727258886,0.0003560402918531555,0.014860930720455155,0.001340692021212866
2023-03-16,0.003340183615736035,0.0007911494990159917,-0.006451767881424633,-0.005944474559229446,0.0006348235610097161
2023-03-17,0.004313709570565507,0.017519091252185155,-0.004160786940552697,-0.006048209474453263,0.00341499825617635
2023-03-20,0.004749586184516965,0.006543954795092892,0.006902453417700931,-0.014746339322109808,-0.012471115133186703
2023-03-21,-0.005950538064121791,-0.0003661816142118102,-0.007512515318053996,-0.02768203149078095,0.0017977232702769967
2023-03-22,0.0029238866844325732,-0.002843512612999711,-0.007561236624656576,-0.008856702815089745,0.0037123751921223198
2023-03-23,-0.007515783314196084,-0.0053560826731831905,-0.015487518016047797,-0.014550658869069881,-0.005943056871028901
2023-03-24,-0.0030760881404699064,-0.006253859060267627,0.005444624857987995,-0.01184850398717105,-0.0031146852166927617
2023-03-27,0.0067000370785404665,0.017378532159050712,-0.003628646010645681,0.0006012636944772558,-0.004886841369283524
2023-03-28,-0.028703474451756285,-0.026173239694238674,0.008013073505036156,0.006008906787367228,-0.023990058950251535
2023-03-29,0.00623882567434503,0.016950275851785254,0.0021084385139077083,0.002475389127886925,0.0031568659650127078
2023-03-30,-0.018850577485510948,-0.012795118284159721,0.001970942078637878,-0.00010715094150330504,-0.018330683106835076
2023-03-31,-0.014153515974093365,-0.007317321102621566,0.002425994938622011,0.008004872105931723,-0.007872439995176162
2023-04-03,-0.02210277327549429,-0.018828995940374193,0.0026736094486480982,0.0014305712712976164,-0.011701114985973059
2023-04-04,-0.018517418735314446,-0.018973900888551453,0.018624689162217878,0.007665399620321296,-0.014617478080092625
2023-04-05,0.012904120823482773,0.015006330765204927,-0.0019557540223517343,-0.006760399398462833,0.00834120176142669
2023-04-06,0.012425320997003338,0.008749157711838193,0.0050933293186608926,0.004424098378925045,0.00012145229160965565
2023-04-07,0.011971584923042934,0.011275902183977032,0.001408720915028357,0.0008655073554356577,0.005399992517806887
2023-04-10,0.0059227224520114995,0.007953165995476137,-0.013793529245569345,-0.01316271529549859,0.011571256972832667
2023-04-11,-0.001585639066818567,-0.004575558042265202,-0.008354365368982082,-0.011336943203000797,-0.009806982547027452
2023-04-12,-0.0012153686244183945,-0.004588037099213277,-0.006058134171905437,-0.002679444165472982,0.0027716756216721147
2023-04-13,0.025118375186519337,0.018664901207015024,-0.00029844993130976217,0.01317923881966524,0.008662670942369551
2023-04-14,0.0024388314550323723,0.00010671088659986365,0.00023718640610639844,0.012272660721729,0.004564331885163488
2023-04-17,0.006103300478801304,0.0041898301326322345,-0.011096686756984593,-0.004558955510812194,0.012424800440302773
2023-04-18,-0.01832601427907577,-0.02545904650342787,0.004955446915680115,-0.007881062291495544,-0.015385510643782931
2023-04-19,-0.005083182980738126,-0.012948897178710032,-0.005555591191014382,0.003257806495535244,-0.008435082653111527
2023-04-20,-0.01917446561393805,-0.02403745007644013,0.00920466128243105,-0.0007711796435495809,-0.014965553409329143
2023-04-21,0.0005323055701872846,-0.00900710577754474,0.001878032491125132,0.005253144699444071,-0.0027416651717903145
2023-04-24,0.012071094141557,0.006769897822051573,0.0031640804121571358,0.005674649196734283,0.0033823252810216667
2023-04-25,-0.00023848362441973884,-0.000844518857243562,0.007589616350489895,-0.0049484032724293765,-0.006369497532367957
2023-04-26,0.012435634704869757,0.010079966207841264,0.0019767825892504504,0.01639227895223169,0.003841428908189956
2023-04-27,0.008176347918903665,0.0024458021690768926,0.0018487807343745013,0.004773537188477475,0.006077680349354397
2023-04-28,-0.00774686486442474,-0.01742909549369533,0.004155876937869959,-0.013800950267592735,-0.007416658808754699
2023-05-01,0.011294182397039637,0.01317533787942208,0.00927368468508807,0.013399852954696798,7.693414902525656e-05
2023-05-02,0.00032776055821726404,9.188006050662546e-05,-0.009958527945116065,-0.010998895768244817,-0.0004019033964606358
2023-05-03,-0.02443464603427124,-0.025965930206921686,0.004893302167129323,-0.015166837083440873,-0.011926934146128675
2023-05-04,0.008590472936291515,0.010466146676631939,-0.004133361498928814,0.004165624867817676,0.00930721494771303
2023-05-05,0.003688842836636261,-0.0005651715402482048,0.0002518256259050256,0.01047650000027089,-0.0013966085450253702
2023-05-08,0.025175272069589177,0.02413739690594342,-0.006726083903196787,-0.0026241872754314824,0.01576289039139253
2023-05-09,-0.0209066603116233,-0.025435868680286997,-0.0016383740010681364,-0.003077700758162318,-0.005115079424323566
2023-05-10,0.007752074245374618,-0.004692396132235599,0.009229853566886702,0.009467527014130289,-0.0030441475234407084
2023-05-11,0.00188553502789129,0.002990535961730338,-0.004536846615287184,-0.00015833585594808943,-0.0010606711633618833
2023-05-12,-0.004852343912280273,-0.008973697962176225,-0.008056571749465212,-0.0024880585055753256,0.0026137118222661205
2023-05-15,0.006178603152916467,0.011130513348904438,0.0008939580632323133,-0.003192484817536049,0.0075951289572946876
2023-05-16,-0.01629021047810322,-0.022426681014469294,-0.002269669366054658,0.004923980482035403,-0.0027962914785927056
2023-05-17,0.005847662844539938,0.012158017363134658,-0.006354636617317298,0.00019669240689224843,0.0042706068683993825
2023-05-18,0.010162585246618967,0.010275622608342748,-0.00513262435711113,0.003970760223993519,0.011356651009766223
2023-05-19,-0.00802014233816162,-0.008943399585971987,-0.004517031769190952,-0.022023396475083647,-0.002229336012884342
2023-05-22,0.007306864275055583,0.009280624100711007,-0.013888365315763259,-0.007136969890062488,-0.004572084452594636
2023-05-23,0.016436413291850218,0.011682724054423835,0.0028365750783476704,0.012258723366188466,0.002793231740452177
2023-05-24,-0.013593419415212941,-0.012667838889606825,-0.001472033068140033,-0.0026692955349419097,-0.009159713842616487
2023-05-25,-0.0213739009735876,-0.035179579495488215,0.0056665005057767925,-0.0039669137523403375,-0.0160490504341087
2023-05-26,0.008350366069125424,0.015401236245132819,-0.003175048966317693,-0.003304622687125704,0.008043102617824647
2023-05-29,-0.016283226836394903,-0.016252921231898046,0.007843493325921517,0.005057757001122721,-0.020762279179600693
2023-05-30,-0.009136263237707288,-0.01462516077266917,0.0024863867871593105,0.0036739508492162776,0.002580644475810005
2023-05-31,-0.005939585764416877,-0.009105264544355481,0.008409818741943157,0.004964074039881508,0.0015164441590289944
2023-06-01,0.0034647360361180356,-0.002630116768015635,-0.00990641073646006,-0.014015740058953681,0.007485467095639156
2023-06-02,0.014263161877044097,0.025456312736439807,0.0026244733364993488,0.010849645970910189,0.004106956895256429
2023-06-05,-0.013876989800926281,-0.010230371963769237,0.006757593510042586,0.00022398367078891744,-0.006642629465838745
2023-06-06,0.003878225789498471,0.011206748568866123,0.007818514090988275,0.006869551716769021,0.004880288869528149
2023-06-07,0.0061687506290973105,0.004090753291837173,0.0028077168845181953,-0.007772798179678035,0.007863803135305518
2023-06-08,-0.01433427527719242,-0.013817293692601918,-0.0013219313864220414,0.0006929489927128451,-0.007115471693519111
2023-06-09,-0.019137071497959988,-0.018232138015765474,0.0016833479611096977,0.0033597255853831456,-0.010116571090128874
2023-06-12,0.004745051824656458,-0.00016102165483297172,-0.005493687543418182,-0.003956895376768019,0.008236032406029084
2023-06-13,0.02012852505366587,0.01718675460949132,0.000927060600347583,-0.011450152916032675,0.0032679416497806793
2023-06-14,-0.011505341474241298,-0.019770088318140436,-0.00765369155757088,-0.0009834536321726242,-0.00534784407998125
2023-06-15,0.004552864771261316,0.008675266428765387,0.0008767474790862149,0.005542719617556001,0.0019830004399198843
2023-06-16,-0.014243920659668936,-0.009484399673429861,0.0007161674775918743,-0.010305123173022035,-0.00840413213333203
2023-06-19,-0.010953731031558157,-0.014047385463919648,0.004762439145942992,0.0028660123798283114,-0.011783846866589237
2023-06-20,-0.005852464475384935,-0.0003869336104191909,0.005277101034849814,0.015690536892273215,0.0024687967745421514
2023-06-21,0.013731516822719269,0.0071234584188248455,0.0003051260132149369,0.0034913607615770946,0.003743856329433316
2023-06-22,0.0020161840863903422,0.007350278133751201,0.003160740281193791,-0.0057517272817707845,0.004312628991665303
2023-06-23,-0.007651050504911567,-0.0070232182487028946,0.00025265281501096184,-0.003155401251349252,0.00013036896323707938
2023-06-26,-0.012482324637790775,-0.0027246878552044567,-0.006872262644688343,-0.011292017577677267,-0.002334213425037603
2023-06-27,0.007011769997223719,0.006974670550543117,-0.0022586693709112566,0.003559004926849211,0.002996221802559707
2023-06-28,0.01671817509521887,0.02254956318507237,0.0015515832738863795,-0.00422788894040861,0.00786247404271272
2023-06-29,-0.0036055913846484446,-0.009387592390901861,0.0025766064309885764,-0.0027888139229759767,0.0007184426486152206
2023-06-30,-0.01284229875473198,-0.004351937269251397,-0.0011616292675894829,-0.002713343501037406,-0.0016706026285897165
2023-07-03,-0.006847685162401354,-0.002672475177158854,-0.005332334485223118,0.006713848385543964,-0.0017079397018621737
2023-07-04,-0.007156936895626556,-0.00932334654408584,0.006729811280998654,-0.002728620649418915,-0.009627788570234318
2023-07-05,-0.002658439171004858,-0.009311214212117327,0.011309864332643638,0.0008676552151503611,-0.00014935875548549926
2023-07-06,0.0025136410037732712,-0.002704022892707727,-0.001294756117305797,0.006680068375373912,0.000512503148083213
2023-07-07,0.014317355350212335,0.020972203650401283,0.002579180674845326,-0.0006158058644261042,0.0010635417774444824
2023-07-10,-0.007363051264353534,-0.006826262373411743,0.0054476569867476865,-0.015626992203985165,-0.005504677510760508
2023-07-11,0.0018970707038782131,0.0005133435699727591,0.0073673074566517885,0.00675178308127605,0.0061300109237809415
2023-07-12,-0.0025915262442027867,0.0023622334623372146,0.011422360896992901,0.01318525088224738,-0.009825413856782738
2023-07-13,-0.0030441129305085715,-0.0051612172672227865,0.0036334341312111804,0.006357240345850523,-0.007025415099893054
2023-07-14,0.0008140621670032522,-0.010209292410825656,0.007530922176334225,0.0011172661127595257,-0.0017298209539510204
2023-07-17,-0.003715796567856735,0.0022998011333039384,-0.015982581258616905,-0.008302874845698248,0.0019002496291364768
2023-07-18,-0.005443636651100194,0.003628721574469248,-0.0030433996637004132,0.0020427015397634007,0.0003659338496716198
2023-07-19,0.015138231030426191,0.0125875968566204,-0.008939213005005593,0.00799781300554981,0.012439796325116187
2023-07-20,-0.018539248160121105,-0.022857882531793515,0.00694298052619807,0.006114335449446856,-0.015053738723309524
2023-07-21,-0.034971071877803295,-0.034664766337148,0.001905255623208254,-0.021343794502092416,-0.0339967427131197
2023-07-24,0.009767770322372894,0.011189779040489059,-0.003889885584126007,0.01055452922597432,0.009704000296411991
2023-07-25,0.019395600512662998,0.013176204142455595,-0.006152071995465188,-0.009803075484511928,0.009877848644771883
2023-07-26,-0.0029833902452001283,0.00023596724033244536,0.0014471449556450417,0.004165611114934392,0.002090818442718409
2023-07-27,0.025859144128597706,0.02602549369704673,-0.012834193723335862,0.0017331956208779232,0.012335275381557164
2023-07-28,0.01778352922123843,0.01753367781119935,-0.008358974952086585,-0.003367378453388952,0.015114838448030148
2023-07-31,-0.001892963798777823,-0.005552515243015351,0.010468447769497185,-0.001969863138813258,-0.0037525935637811305
2023-08-01,0.007827673819322764,-0.000549199276079683,-5.741931494724538e-05,-0.005065387615470486,0.008013814035780279
2023-08-02,-0.011551812143027716,-0.008597820405221595,0.010333136174337334,0.007904325474552302,-0.007038381009232528
2023-08-03,-0.0027756113151563935,-0.0061418879460229696,0.009530794816190282,-0.0013962927214398364,-0.009716315025834815
2023-08-04,0.00798442722039396,0.004201663072726028,-0.008490328535013495,-0.012100505958254456,0.0033692467023023593
2023-08-07,-0.0009925802867579185,0.000268440045564292,0.006326853316703006,0.006127300728047925,-0.0030648935129134244
2023-08-08,-0.0023783481165566387,0.00024640077980802016,0.008851584579018568,0.003656542526924183,-0.005932760216485916
2023-08-09,-0.011914392013026546,-0.02071774874990438,0.006395184808873156,0.005964280390794573,-0.004936605701327108
2023-08-10,-0.0015439133562246707,0.006062516123558225,-0.001752342285871539,0.004948410619397216,-0.00012820949888672282
2023-08-11,-0.007300209176152051,-0.004584428770528702,0.00482473620961388,0.002762055308411606,-0.004414849421404744
2023-08-14,-0.00045471698060197053,0.012616592752097552,0.00893775914093724,0.006897955196290914,-0.001350349654354252
2023-08-15,0.01208588640716003,0.01581434802083802,-0.0026949464711306663,-0.0015662682112691096,0.006580515163968502
2023-08-16,-0.03804510883053667,-0.039679546783783694,0.007075613333473809,0.007542669640079367,-0.02114403752511965
2023-08-17,-0.014267561034419543,-0.015587534117638113,-0.002793637950466899,-0.00020138796009159854,-0.00502850498836859
2023-08-18,0.011494075573299211,0.007997519134892491,-0.0032858871831082993,-0.008746765931017808,0.010231346357018571
2023-08-21,0.006226454165281465,0.009403472066146222,-0.0013232840146330407,0.0033069585828427502,0.012374216525582205
2023-08-22,-0.0034211310845041676,-0.0029112877306406637,-0.005775237938438499,-0.009619499386686188,0.00017534855692429553
2023-08-23,0.013247202560422887,0.012812487840901774,-0.0051008083494752336,-0.0024305348930293963,0.005179402488569876
2023-08-24,0.0035396574685058585,-0.004416006277408456,0.006131137902685348,-0.0005443093783439191,0.003725923731844118
2023-08-25,-0.01523998316872651,-0.012687751766323342,0.008587254792949776,0.0029466479954230675,-0.015277450806159294
2023-08-28,0.002994578275176924,-0.0032770794547772814,-0.0030771108829809463,0.008059633565271587,0.006525973301990267
2023-08-29,0.00018219531048519746,-0.005153068008061349,0.00337681375853167,0.0023961865898195554,-0.01350217753760174
2023-08-30,0.009391557915798217,0.009947310068231423,0.005001211209983317,-0.0044140894612429244,-0.013725919135693999
2023-08-31,0.003349006300142222,0.0051943683027834255,-0.011220795785140307,-0.011527566106321736,0.019439312286879274
2023-09-01,-0.0036673273698456404,7.440268336359765e-05,-0.0026416046038841142,-0.01807649857684102,-0.0022444148523263715
2023-09-04,-0.003187254723433262,-0.005615061459001085,-0.00011943269372409575,0.0016865286872583727,-0.0024766493789405842
2023-09-05,-0.015168074015368365,-0.013612773004699,-0.007851412160366774,-0.021826507251057278,-0.001977616398978531
2023-09-06,0.006084243265624282,0.006215500943111387,-0.010313937528628494,-0.008315763271855783,0.004301054148647144
2023-09-07,-0.01915072762288936,-0.024610058898324207,0.008636836875374138,0.011285211501716953,-0.014374117654204368
2023-09-08,0.00907786025179318,-0.0007586039387523087,0.0005575756657841153,-0.002452476331896529,0.005692797941975594
2023-09-11,-0.0029730290188765113,0.004053871737024212,-0.003858151110731445,0.001442764785258876,-0.0016797117747838434
2023-09-12,-0.0018996657361159653,-0.003047754581804363,-0.004874454729515496,-0.0022805304765440475,-9.506113305740519e-05
2023-09-13,0.0028948829808807517,0.003570842051673699,0.00425624025885722,0.009125447872028649,-0.005137265072410678
2023-09-14,0.010425270007089253,0.004680531449890916,0.00020036480623779256,0.00770604456444043,-0.005144282295326899
2023-09-15,0.001115750958352916,-0.001372998494931331,-0.00529814732934844,0.008599399287589892,-0.001497178767579468
2023-09-18,-0.009676523149416598,-0.009970807533804818,0.006851542705510275,-0.0001516618471520772,-0.0004916943977940289
2023-09-19,0.0063717079435690865,-0.005112567552966333,-0.006289483689118321,-0.0036924700944333854,0.006975011407440567
2023-09-20,-0.03149780467648934,-0.019821591861998854,0.013119958915658803,-0.001642625109567447,-0.012751362767969125
2023-09-21,0.0281238486337515,0.03496392654306666,-0.0009505651449172064,0.005087725116804155,0.01422141246712114
2023-09-22,-0.0057095453280588135,-0.010661003702995822,-0.0032772667968337223,-0.011814523715881398,-0.0028608281336594296
2023-09-25,-0.020216010926716644,-0.02065098672321191,0.005196604888682571,-0.0007249632685513287,-0.014554156520427436
2023-09-26,0.036922324442166046,0.04709272304805797,-0.016609240857546618,0.0007124915095133782,0.02043598180668357
2023-09-27,-0.012173756720488968,-0.020419282735882054,0.005070920329169506,-0.004163223212475743,-0.0027624165613992302
2023-09-28,0.011925386574365269,0.02033838671779651,-0.007599316001189117,0.001514752375279312,0.011902059554250917
2023-09-29,-0.005690138101247579,-0.010342017280558525,0.011038835574782349,0.005797749339581137,-0.0025115763926069077
2023-10-02,-0.00986491214193513,-0.017278378571533085,-0.0016938024450422811,-0.0024021127834246625,-0.010674317897137683
2023-10-03,-0.00011813770380459606,-0.00939138768635127,-0.00796289088523292,0.0032426470624458575,0.004991054611936143
2023-10-04,-0.004702521184642397,-0.010631699986049601,-0.0057757736408101095,-0.005141655648992185,0.002280241984954166
2023-10-05,0.011138948296131894,0.009231405864129015,-0.01040210959357913,0.00029445943364417244,0.003945390925198972
2023-10-06,-0.006219031666334429,0.0005965064368018575,0.00758330443394558,0.001955475049081834,-0.01174077958011513
2023-10-09,0.002536758809647907,0.008553436408908374,-0.0023576350196002666,0.008733003682148794,0.009297701561371594
2023-10-10,0.019964793985721683,0.02310370427079364,-0.0014008577285871912,0.013503919667532161,0.013344470173627446
2023-10-11,-0.006014809293482553,-0.008916985721431405,0.0027907026333324906,-0.0092843178746265,-0.004869414919981748
2023-10-12,0.013158565418763046,0.002100430298535446,0.004762180632494284,0.014711962750754816,0.002764533573670376
2023-10-13,0.006520689934461715,0.007016144990473999,0.005942779745542601,0.011001605551518554,-0.0055955500870187745
2023-10-16,0.007047148961570121,0.006435689252360169,-0.0014593941924602042,-0.004563460432792754,0.01331126758722609
2023-10-17,0.012480741838830911,0.009336977633270014,-0.012028893193719751,-0.0048088323581375325,0.01170969659557017
2023-10-18,0.002882470127354676,0.009969611911404328,0.004918931765801852,0.008724507164686413,0.0023683822211756312
2023-10-19,-0.016671584762531885,-0.01896793750529499,0.010852939169548536,0.0010797246642755,-0.008769416853018235
2023-10-20,-0.0038249797829535974,-0.009755908674769822,-0.0003887175267387256,0.0023404354151555645,-0.005591355069816421
2023-10-23,-0.002828534938280022,-0.008190661321678838,0.007135514929131884,0.0009752307209058774,0.004282632546574767
2023-10-24,0.0183449742064909,0.019245584694179977,-0.011138970920091078,-0.016682641712661088,0.004145404555822753
2023-10-25,-0.01648601789878392,-0.010131526787115309,0.005885300165505673,0.0010419481317974373,-0.021680624970148547
2023-10-26,-0.01437559715060714,-0.010562527706222643,0.006096494032573388,-0.0020805072706753017,-0.005796763730804375
2023-10-27,0.01962957367362978,0.01985624734940539,-0.0048554019073458795,0.003328043934511469,0.024286024477679316
2023-10-30,-0.025192275173028307,-0.02329096168817782,0.006313615094933008,0.001523571881735612,-0.01798614823190669
2023-10-31,-0.000587580370301403,0.003272738537313455,0.0199536442015215,0.013440670759709903,-0.009802017482279195
2023-11-01,-0.005085116184272439,-0.007945843089743942,-0.010112335280626902,-0.007139648661703883,0.003810472450284041
2023-11-02,-0.015290785428921542,-0.010659235295423751,0.007685298723152339,-0.006150993282361318,-0.010534199806197764
2023-11-03,0.019179861691692397,0.024611256855269475,-0.0045346039213688015,-0.0006821636651798273,0.01162871086438113
2023-11-06,-0.006141162695307642,-0.018139974235163055,0.013039587972426351,0.0071405053134568994,-0.0048398930465049
2023-11-07,-0.0006948929985229047,-0.004779332599808903,-0.0014207584638126403,-0.01207092640025406,0.011926632891249076
2023-11-08,-0.014814143981068752,-0.021562765992567557,0.0005228998849711804,0.008008393842741974,-0.00776602347104672
2023-11-09,-0.01483362955236555,-0.009039053807886123,0.009203566996457442,0.0039224046680187905,-0.00585898718510467
2023-11-10,0.02873234280698941,0.04282868455207538,-0.010487790082774649,0.011392941470907022,0.02031618676405339
2023-11-13,0.005989149793652993,-0.0028568939869779283,-0.003659893791832679,-0.005000633612215415,0.008045972916782461
2023-11-14,0.01285296600483366,0.0024131068392658555,-0.004770768366059351,0.01067819934510452,0.006579428086321586
2023-11-15,0.008748763740028373,0.011317134460208184,4.238629704886937e-05,-0.0006906247284391576,-0.0020115127942936036
2023-11-16,-0.013458361769100329,-0.010553192472520663,0.0040846501272886705,-0.0025070644387310986,-0.010169770609902895
2023-11-17,-0.0036622661457690214,0.0018134230031301552,-0.0004886635358110014,-0.01185294820852251,0.0022931594331563054
2023-11-20,-0.002458519966376607,-0.002466546805259686,0.010666190353491383,0.0036915829708764653,-0.0024763546484906362
2023-11-21,-0.014147081895579904,-0.016389829445476133,0.007372458164919788,-0.01112668057677435,-0.008391988709373183
2023-11-22,0.0012094928717376757,0.0015247273813512945,0.006160403321305318,0.005201428962384146,0.007049943632449605
2023-11-23,-0.011923074187128435,-0.012051634294497553,0.0037378711868417238,-0.008848346756296352,-0.0020853462717621667
2023-11-24,0.027896079670233817,0.02984848228015484,-0.0041909920375960055,0.004152546060439375,0.011664722432803228
2023-11-27,-0.021849123333624196,-0.027323870571047786,-0.003353454671653861,0.00796024840178344,-0.010971073007925105
2023-11-28,-0.004151031948566049,0.00042321895067856316,-0.005349522553992705,-0.0094727539505874,-0.0002999413645445497
2023-11-29,0.012345227897081767,0.016003218723371432,-0.0013909763441518855,0.0018899604068440858,0.009017311571725865
2023-11-30,0.002419834861551056,-0.0030540211921496413,-0.0009739891955028975,-0.007107702753234918,0.0015819556080587495
2023-12-01,-0.005767775297858897,0.007742478406793382,0.0028079213614385385,-0.01267529037882075,-0.00407624779229766
2023-12-04,0.006232304947654657,0.015870849365194086,-0.004287154267046466,-0.01390362073746394,0.00888996632491946
2023-12-05,-0.016567184470795814,-0.020175233879706413,0.0024812018456144597,-0.002228202734647822,-0.005591719979668599
2023-12-06,-0.008203611387436652,-0.01030712282572878,0.0018984357024746511,0.0006000810083692568,-0.004244039671511989
2023-12-07,0.0052320693026709575,0.0102457811253335,0.00158184524797102,0.004290703253486788,-0.0060017065998464085
2023-12-08,0.0006027323899881653,0.003277922122988162,0.0046681779639129945,-0.0036027792498608954,-0.00444317943186522
2023-12-11,-0.00688920810340318,-0.00445119032335157,0.00856659388987162,-0.0013291316725321336,-0.0008266875406406852
2023-12-12,0.0014817577099751305,0.0009084816526535531,-0.0017795915547017586,0.005264040184882896,0.0030546502906490997
2023-12-13,0.02730990513177165,0.02463659673978701,-0.0044629410581547855,5.1695162009196754e-05,0.010334973905529487
2023-12-14,-0.00013040564441966574,0.0006136646913651129,0.01827344790805076,0.005896167768217861,-0.010902369228544978
2023-12-15,0.003276128609932629,-0.007866875220611497,-0.0026919704332509435,0.0014373776992528604,0.006238522758560653
2023-12-18,0.011683466993134163,0.009777240072137289,-0.00430977767746848,-0.004882309382320783,0.0008664186232345169
2023-12-19,0.0037187373525676146,-0.0029965370543485613,-0.004329234633399092,-0.007427565422132673,0.005610243340562018
2023-12-20,0.021617161191197855,0.016060792512969567,-0.017993721228851133,-0.003082292534405286,0.015636092146715977
2023-12-21,0.0026239116810875727,0.00036743501713907764,-0.0022081177693161294,0.0027376594371402263,0.007493931146207493
2023-12-22,-0.023460585243819394,-0.027205346114118758,0.007264597984218506,-0.007996060224320688,-0.004872559259423702
2023-12-25,-0.007624918562744844,-0.008410646327085035,0.005435831069293692,-0.00361635787941178,-0.01539755694547225
2023-12-26,-0.0051438543229983995,0.00012732283822323914,-0.00012062858309892286,-0.008253145388702003,0.0024742536907517557
2023-12-27,-0.003969298752276633,-0.007059560104438645,0.0016619969267559472,0.006160313068946342,0.010354566672110193
2023-12-28,0.009926833291889077,0.017018677132729254,-0.005049394773284917,-0.008902071565239103,0.0068911058546627215
2023-12-29,0.0012860389831151546,-0.004537296701707547,-0.0020831512725056353,0.003325647921044081,0.0029718345059542503
2024-01-01,0.006051454240611269,0.008091709424832115,-0.00456623486255063,-0.004833810491443255,-0.002158304997671416
2024-01-02,0.02141730047022114,0.023061702732288525,-0.007012826693944122,-0.005832690062635713,0.02860572193122328
2024-01-03,-0.012879936386674746,-0.016177492307799357,0.005707741517713843,0.004790400185715117,-0.0029853842006489937
2024-01-04,0.021691302093231158,0.026059212267100233,-0.011956829426904533,-0.0031752579592287922,0.016050080229653048
2024-01-05,0.024818712498069887,0.01896919260734857,0.00011823389439502558,0.007241620307010907,0.017041536115644386
2024-01-08,-0.0012239365996311838,-0.005935999343986657,0.004481355128547754,0.007232941532650347,0.003352603033370252
2024-01-09,-0.00015965562454362371,-0.0034625013853798506,-0.01002054537452201,0.002569194232180299,0.004784536336616817
2024-01-10,-0.011589391594367511,-0.015394357053467627,-0.00018884626281788416,-0.012900529084079465,-0.01065870512128762
2024-01-11,-0.01360596428167625,-0.016866948359227408,-0.0012748253647249413,-0.014907952678538073,0.00390816584247895
2024-01-12,0.015030488772350768,0.01185835643098621,-0.0027236718069358575,0.005506823445752371,0.014788320729889363
2024-01-15,-0.009823260319920944,-0.004551398964910729,-0.0001670572284678874,-0.012872187992350155,-0.00106957547356624
2024-01-16,0.015489101089469139,0.030824455031157574,-0.009958582235295969,0.0018463938180775638,0.009022506265970287
2024-01-17,0.009400304526288376,0.0020212942689013615,-0.011217053940825448,-0.007348342351843382,0.007782916803042861
2024-01-18,-0.007692975198460265,-0.0046409897570241524,0.008808591484132091,0.006069526623127611,0.00268609570163951
2024-01-19,0.004989919553464116,-0.0013210912750260045,0.006433591114741931,5.82697990427181e-05,0.005481214465998379
2024-01-22,0.018884810598661275,0.02277547852860678,-0.013988482018348136,-0.009443281469452924,0.020504412942446985
2024-01-23,-0.0020294722277137967,-0.001741691581970727,0.005302186468951883,0.006930803978016549,-0.0008143098409253379
2024-01-24,-0.00250402045464559,-0.004403215678917544,0.0058049635201104606,0.006315374714888925,-0.0041836326816030965
2024-01-25,0.012985347755917689,0.013229614850437554,-0.008785742199003303,-0.006728327874664548,0.0035874394771069963
2024-01-26,-0.0032689201992442463,0.0032606277082083755,-0.0034017127138151887,-0.001647097013023068,-0.004061100994650888
2024-01-29,-0.003123708495257251,-0.011638160681836684,-0.0014691362824869846,-0.0013236629579013964,0.0013345052648155045
2024-01-30,0.0026793709590644467,-0.003699548085371691,0.005314402501679673,0.005275644897092278,0.0008473789856777919
2024-01-31,-0.00011018824062166725,-0.0029591297975343524,0.0010695925370031185,0.004431587073178513,-0.00980484589586339
2024-02-01,-0.0064651300481531485,-0.008338097160281928,0.003136074794637156,0.009242779785577882,-0.008217034925962699
2024-02-02,-0.005975542161814104,-0.009225949971969504,-0.003729477370754062,-0.004790552820460403,0.001882997391836419
2024-02-05,-0.012646025944372148,-0.011226044761350635,-0.007009231630843432,-0.009789753748102033,-0.006475261764130727
2024-02-06,0.02009831607496878,0.02006439163113501,-0.01913801721511325,-0.01878318976724887,0.015221609398688735
2024-02-07,0.007365250269478904,0.009965441232135854,-0.0006628155766001843,0.009501138942980332,0.0012996689572082676
2024-02-08,0.010738926672321902,0.002571815626716154,-0.009440294633794553,-0.013974652186478653,0.005936571187745284
2024-02-09,-0.0005551346071961104,3.0214095662565775e-05,0.0006000287155112564,-0.00691912118526771,-0.0015652433310158742
2024-02-12,-0.017969360023268984,-0.011807270614343194,0.003655753995251947,-0.00671924174776047,-0.0014401194077642695
2024-02-13,-0.01490695840259075,-0.022176070914677784,-0.003590739099276821,-0.0037733194714210214,-0.004692584470026794
2024-02-14,0.008876105617414004,0.023639190602423945,-0.014763228258512683,-0.002001905552446257,0.006042367354433446
2024-02-15,-0.007036981786665282,-0.010953628172773934,-0.00418319275520944,0.010165868856731573,0.0020794706131235896
2024-02-16,0.00027835174268849786,0.007711594474663092,-0.008663037845913534,-0.014623434604433312,-0.009239495142208103
2024-02-19,-0.008392974481479451,-0.008121242579794309,0.002941298736468919,0.0006087729548579963,-0.012658262228591847
2024-02-20,0.009637856911368264,0.011659435016422236,0.0021763761110006044,-0.01172849629252174,0.005900816830057107
2024-02-21,-0.014253182879010323,-0.017478472169131884,0.00682480085774941,0.0011400912372937872,-0.01380416803880039
2024-02-22,7.527787421301942e-05,-0.008322517050039582,0.006206727345219268,0.002322462610497123,0.0041076805502300445
2024-02-23,-0.0063183802451525165,-0.00965451471929669,-0.0034138669721939813,0.004463206638229347,-0.006202913624776046
2024-02-26,0.007735145188982118,0.006203927545073452,-0.014556446772903882,-0.008416312742447113,0.0012621801349567184
2024-02-27,0.0004068326841880501,-0.006094929964683776,0.004931386057574007,0.002427569758129199,-0.0022931604355052233
2024-02-28,0.007870705653450992,0.013736710266260815,-0.0016057561822084613,-0.005806284065013579,-0.004978379284214252
2024-02-29,-0.00823259708442216,-0.012222876221330047,0.0024523149065902223,-0.002595041341403235,-0.0013575749173056612
2024-03-01,-0.0073557992552482744,-0.00820820126096125,0.009262593945714813,0.005003657871910856,-0.00649822469246716
2024-03-04,-0.007223333303222125,-0.011227494548903068,-0.003780620962938076,-0.0063939185286131725,0.0011188120873236885
2024-03-05,-0.0026626592555072247,-0.010263932780561235,0.01088017364981599,0.00749337361678611,-0.012035087925701404
2024-03-06,-0.0053021871268898865,-0.0050825964543921255,0.012064509367283528,-0.004500990029877183,-0.0007292279536602288
2024-03-07,0.016793837123668116,0.014576048890041689,-0.006516732764978879,-0.0067439786804569584,0.009005772266209237
2024-03-08,-0.000439079692115174,0.0031481263557135955,0.007298565685547227,-0.003303429223625243,-0.012689789040239749
2024-03-11,-0.00025493735131490555,0.0013369657009894135,0.001796962846698657,-0.0020236423870803218,9.445739191890639e-05
2024-03-12,0.018185337700226973,0.02161344993778645,-0.006864797209842203,-0.0034789186975973494,0.010281388059291475
2024-03-13,0.01964087954196768,0.020075465922841013,-0.005390196937063047,-0.0019842368331371174,0.01737639428506034
2024-03-14,0.0235180470569361,0.02771515321641543,-0.005384861192155388,0.0020869871433920103,0.00079415780547887
2024-03-15,0.008941810371417808,0.010333695073957918,0.00039923719811300076,-0.0036243206084289265,0.002380216459896436
2024-03-18,-0.0049322992380380765,0.000311498063710861,-0.0004413760474608067,0.01364249740322082,0.0003777351509644477
2024-03-19,-0.015308191919948779,-0.017136107792762388,-0.00011414564258595888,-0.01925798135337263,0.0004314738055479319
2024-03-20,0.008437710506640047,0.011982108261169353,-0.0008620175949457787,-0.009608446122963793,0.0019099512323368006
2024-03-21,0.010101369297408153,0.005074242375210638,-0.019041724030075168,-0.0066410299276565155,0.00914706608577502
2024-03-22,0.00162676099697651,0.005743334439583437,0.003982331977693166,0.003230955501582224,0.006443623450705732
2024-03-25,-0.018227637369759776,-0.016795762504011158,0.008989263969077997,-0.009489743802889167,-0.019914596976979154
2024-03-26,-0.008951305517707215,-0.013237517899428262,0.00663548367544959,-0.003013293105953934,-0.011188783831108155
2024-03-27,-0.007339604840334709,-0.0017400668488837074,0.002687108476529222,-0.0025934464385262445,-0.004869738280695631
2024-03-28,0.015504724011918273,0.012531138955954532,0.00365967144344326,0.006608839864665567,0.006066068762706318
2024-03-29,0.03001080597521138,0.026419455464155247,-0.010719397242192886,-0.007085813795717582,0.023046182026910063
2024-04-01,0.02027026720382015,0.030919381007844613,0.0033081083700177137,0.002195122009426888,0.007977306351657738
2024-04-02,-0.02005403726992878,-0.010354119663572936,0.009418318087738617,-0.005374242550858823,-0.005278134016307649
2024-04-03,-0.011673174201120011,-0.010298130011348333,0.002237102106308994,0.003170195623431317,-0.006787276489913903
2024-04-04,-0.01741113469333469,-0.018273274486292054,0.01114196639875346,0.0009912456395266625,-0.007698893556702547
2024-04-05,-0.012546353828088637,-0.013610508993485954,-0.0006080046905988507,0.0030398476128390027,-0.006065138123554958
2024-04-08,0.00828088411603935,0.014856260542877678,0.0027897984302807663,0.0037845437145855977,-0.001561307338098934
2024-04-09,-3.3433328002814854e-05,-0.002960875922028923,-0.0024555930581433853,-0.003351722585284711,-0.0048271403338186495
2024-04-10,-0.02348806306960788,-0.02887652640568907,0.006963009857940844,-0.011092399790646277,-0.014180641975151434
2024-04-11,0.022803221091731576,0.03008882235109072,0.004860938318825047,0.008277302950605536,0.017089184957580904
2024-04-12,-0.00868757676561345,-0.012860068648273958,-0.015152725771379407,0.0016842916476967117,0.007769257485157639
2024-04-15,-0.0066381269441672395,-0.008518319624033219,-0.003101962574519046,0.000593072743897474,0.0034376532891944593
2024-04-16,-0.02091326368657249,-0.020200372345904962,0.004017020805088578,-0.001775326807591569,-0.009274401036891202
2024-04-17,-0.002258429265273854,-0.0029924136655803397,-0.0008007203538737144,0.006624346764390459,0.0014035060251142311
2024-04-18,0.0026470024528483294,-0.0041324144117723,-0.0038220325761574056,0.006787366411463397,0.002410310587088095
2024-04-19,0.00791437763506966,0.018187363007621984,0.0054570506712649505,0.002860366423814731,0.00030559386109721794
2024-04-22,-0.03064259515267078,-0.033813622791777936,0.005913095948373215,-0.0002414160729873123,-0.018187831411792903
2024-04-23,-0.0038446207132415322,-0.01388986708560273,-0.005919496839090706,0.0019982464235711356,0.008488091170034346
2024-04-24,-0.0011703046049474813,0.0005425255488872171,0.0064322446219083765,-0.003975192088400071,-0.00033233861004397194
2024-04-25,-0.008885881275985903,-0.004792344524840227,0.0037996994758930703,0.001374593442239634,-0.00957726657748066
2024-04-26,0.00848438831532942,0.020545098526321474,-0.007232026923419879,-0.00571120381669031,0.007911402621353
2024-04-29,0.009436874543949798,0.007058761544905194,-0.020443051151604993,0.00414289438830503,0.014344966577840153
2024-04-30,-0.020915370365839982,-0.025782807285306436,0.014877983233640106,0.013530403756883734,-0.009551188658856158
2024-05-01,-0.002113349207518352,-0.0018129880476017303,-0.00020942249960865907,0.00791481716443238,-0.005597245015515977
2024-05-02,-0.009669595858610457,-0.004835467342126051,0.0028757769667550584,0.008831316209137652,-0.008971747394209474
2024-05-03,-0.0006573403240659011,-0.005766693445931091,-0.000341793376406834,-0.010556468859477025,-0.003269804898966896
2024-05-06,-0.017235046379137413,-0.014691492214236886,0.009403954246513866,-0.012982459081207973,-0.004232733806502595
2024-05-07,0.029968981517038248,0.03241913729449325,-0.011827697367558019,0.021942512963182257,0.0118238185474339
2024-05-08,0.00024127760242918065,0.0012445330215015392,0.008414759284197097,0.006006208474029021,-0.00466447774417798
2024-05-09,-0.011414212444655474,-0.014126782145914217,-0.0034760801871746515,-0.0028864526856373263,-0.008106334878827233
2024-05-10,-0.017928453519477007,-0.012356401292691088,0.0023720945276198176,-0.012986640440711131,-0.010687613819446527
2024-05-13,0.0008204587916119051,-0.0087019874504728,0.000787444135931572,-0.005870379630511346,0.008940127400569953
2024-05-14,0.006287526144920817,0.004554417325985766,-0.006529483408792465,-0.0019194039150753114,0.008151348163549855
2024-05-15,-0.00030592954302239596,-0.0015198837024037156,0.00031159118061876496,-0.004273529795990745,-0.002214924242771092
2024-05-16,-0.02502950926686005,-0.02152231000405242,0.009020570553357471,-0.007655531639470462,-0.0049310924265057055
2024-05-17,0.0010441977647086386,-0.004564399368138949,0.004426986151880467,0.00587822356456445,0.00134976202208002
2024-05-20,-0.0051090672558190865,-0.003011926561693651,-1.3861766983058885e-05,0.002822046385492829,-0.012743120407098348
2024-05-21,-0.005206481555750269,0.003860928591369015,-0.0023598992268410407,-0.007954553317857648,-0.004206444978115811
2024-05-22,-0.01457767363066372,-0.027763223917892012,0.0010509940641659984,0.0006409372184471094,-0.008542656270636599
2024-05-23,-0.001738542743374642,-0.0016298767733513874,0.0068462496808293135,0.0009896352321885529,-0.005788098431560367
2024-05-24,-0.0033735058186570356,-0.00044210340735143357,0.01002247859008781,-0.0017750067369543014,-0.0037707351351194103
2024-05-27,0.004060289303231515,-0.0010880897557883494,-0.0015415599928574285,-0.010005933992545884,-0.007444621177641724
2024-05-28,0.004400956894707084,0.002617427912908883,-0.0001298519732342478,0.0009671254075302104,-0.0030419265284624096
2024-05-29,-0.0005430516235720378,-0.0073487259658206764,0.008047846726921387,-0.00593862171276057,-0.0038651158804666494
2024-05-30,-0.012507259056566982,-0.010294638632450065,0.0015675102501256748,-0.006084036079750213,-0.00221566779007273
2024-05-31,0.0003531671001306262,0.0032138202278156236,-0.005884414400617676,-0.013313574217500925,0.0022156754534381103
2024-06-03,-0.0038261562659367746,-0.0006695835762448635,0.0008876194753813082,0.0006421346475279205,-0.010803745504975261
2024-06-04,0.02266124327537108,0.02342189549305013,-0.0017081849856720821,-0.002596471809851821,0.013673309556979677
2024-06-05,-0.015634137162296943,-0.01430020896059405,0.0021637476350096522,-0.0022116890442637404,-0.004777674208137347
2024-06-06,-0.014790483734643362,-0.019630827468386545,0.006312135232077892,0.016141938713656902,-0.00990053900940458
2024-06-07,0.0070936334150871905,0.007026896038117369,0.01015690107890203,-0.007569447712386422,0.0012892614772969711
2024-06-10,-0.019506528402744732,-0.03469020697982215,0.005448999550112406,0.0017933050838771507,-0.013548102595274879
2024-06-11,-0.0012743290804770378,0.015632146132063752,0.0006097425124358081,0.0011510109744602762,-0.0035936249899980364
2024-06-12,0.003542790900487238,0.0024954414532301914,-0.003628750178770307,0.01304280128294775,0.009308502970672311
2024-06-13,0.0016409597687907682,-0.010881584626634936,-0.004076096275738779,0.020932192913127885,0.0005239296933131543
2024-06-14,0.013238610864643898,0.022121174124169272,-0.0012371747087998209,-0.005599362462695361,-0.005774151424311263
2024-06-17,0.008209958503307455,0.004341572430079777,-0.0015539468804580917,-0.007771054019198779,0.0028801086364562333
2024-06-18,0.0004046286588126389,0.0019080360038352838,-0.006879121495032472,0.006030270896265177,-0.0010111564169676475
2024-06-19,-0.020093633525438945,-0.02216536256822677,0.005422242796738385,-0.00024792995578582725,-0.004448718907845709
2024-06-20,-0.0028373860408303126,-0.003701796793314085,-0.006191436445393324,0.003217066015195577,0.0012165175605781341
2024-06-21,-0.005040332727529951,-0.01586063484750927,0.00915304017648319,-0.0047839569601254624,-0.008735763861348925
2024-06-24,0.004300134132912039,-0.0019498649723961876,-0.011147488678950244,-0.01862518644355907,0.008474488145336119
2024-06-25,-0.006542234936715863,0.009039513635472398,-0.0026915348064576916,-0.011766879284662852,-0.0052289955845998505
2024-06-26,0.002917615861661869,0.0005516358661392063,0.0027582924116680728,-0.005270805399764569,-0.006887306644982587
2024-06-27,-0.02157857687290929,-0.03536143938495206,0.0010908324396008925,-0.003914060830621343,-0.015353973473648388
2024-06-28,0.014920869566245944,0.022753092848839775,-0.005254004673378777,-0.013875765459663202,0.006047174764257035
2024-07-01,-0.0071978567270047375,-0.011331305137034215,-0.0028505718556972332,-0.0068345731591659565,-0.005289747825686425
2024-07-02,-0.00762649318578668,-0.007042733533069255,0.004370544423090676,-0.006662206382869149,0.001704817309884962
2024-07-03,-0.01176074762208737,-0.021499843108783265,0.004473817174333112,-0.005108557307877942,-0.005957824081140452
2024-07-04,-0.028844023213206366,-0.023319044919268637,0.012599915101990744,-0.012732275994105207,-0.026054177308454874
2024-07-05,0.020067190849170333,0.01749288674203411,-0.010905418236322115,-0.01704911470026504,0.010859304242750773
2024-07-08,-0.002732635378029034,0.0009927796844301211,-0.0075527394780563,-0.015605883990349146,0.0029352976402856595
2024-07-09,0.012080760854724778,0.0043459950041596345,0.002603471954647946,0.004955901598557541,0.011127131180124806
2024-07-10,-0.0008426443382113988,-0.014743816563977859,-0.002255993250896668,0.009068984519743712,-0.005068905141991792
2024-07-11,-0.004655579626889427,-0.005963408150619217,-0.016924583639864783,0.004951990185084601,-0.002693350888535188
2024-07-12,0.0060688251896735875,0.006038155632400437,0.006178727353545116,0.006764068130519412,0.0002997067173290138
2024-07-15,-0.010722181110231363,-0.0071307816667986025,-0.008356782455824989,-0.00123998401114699,-0.00904577777029873
2024-07-16,0.01502740394347968,0.0170144410946016,0.00016076077104544456,0.003344909219328632,-0.0016814122001969063
2024-07-17,-0.010328749960744062,-0.007396887464707642,0.004156489712256531,0.008039600840547294,-0.003945673743674582
2024-07-18,-0.011600422688431918,-0.01681901045772533,0.0032019999076799296,-0.017538363874620096,0.0017281428231640578
2024-07-19,0.005300960836530687,0.012422261361848255,-0.010480300237654203,0.005007883643088767,0.017919654581244122
2024-07-22,-0.015850540264527813,-0.01278034186069372,0.004636121141282172,-0.013333208898959142,-0.006774508791441931
2024-07-23,0.01000323845804818,0.0074385138305806744,0.004263009516795192,-0.008387915881153184,-0.004343634086124119
2024-07-24,0.0016391687470650284,0.0018986598459272764,-0.004873123747770963,0.004379862629827513,0.005086648549067872
2024-07-25,0.010297668851208192,0.010377199218427618,0.0009711185540365881,-0.0009212930093647997,0.01606324161621183
2024-07-26,-0.00975054924146383,0.0010858764689124975,0.004055061761569351,-0.012320009413698088,0.0015553112067402965
2024-07-29,0.0015108166607395081,0.006291606119879332,0.007734655225357806,0.005221138793015181,-0.0041965598935641505
2024-07-30,0.011708560532031002,0.012571333665763748,0.001194117667656192,-0.013492149430081543,0.007872056506518428
2024-07-31,-0.007663029901740362,0.0008464881674580002,0.006892170732867218,0.0017353052327838637,-0.002744145484085143
2024-08-01,-0.011981290234520619,-0.0039533408111422285,0.016520419686941862,0.006014389269170603,-0.0015074410750717307
2024-08-02,-0.0068297783840704064,-0.011704276968537394,0.0015633729923569743,0.003315421953548258,-0.006173820047339079
2024-08-05,0.006453218284421806,0.008607569573689541,-0.007719007784084719,0.001696582318701203,0.010129682144748254
2024-08-06,0.0020576318110846915,0.008532940151954957,-0.007414400785094812,-0.00011533247465897914,-0.0030171763069157653
2024-08-07,-0.01336897629879705,-0.017811195170690002,-0.0027349419063310795,-0.007170510247360679,-0.007560172692013686
2024-08-08,0.010045853835976613,0.00902039605665797,-0.01269724875265122,0.00555136009862553,0.00405409779089747
2024-08-09,-0.0007046451252555447,0.0016937628683984668,0.001698040146598953,0.008381532317323713,0.0020158882743036384
2024-08-12,-0.010335714956365295,0.0008597917797271609,0.005245170766573878,-0.0027933216388777273,-0.0010604795838438244
2024-08-13,0.0029934113511608665,0.00540343619812116,0.014962124122404311,0.00422450592115309,-0.004002406262013524
2024-08-14,0.0013989421441495656,0.007380785972013756,-0.009089626204055627,-0.019109059782019117,-0.00011138162466726717
2024-08-15,-0.019607075508711446,-0.02337591657579967,0.008015239237773641,-0.006719321143292647,-0.020116867087160668
2024-08-16,0.0008320459405841757,0.005625715419816957,-0.010240119455229594,0.001403408579562162,0.007787287893359048
2024-08-19,0.011449021225879536,0.018974242841149232,0.011434701292887229,0.003051780060756844,0.0037523068648967375
2024-08-20,-0.004997261198976307,-0.005352880355701119,0.010849957830365332,-0.006620603250594147,-0.010218678748288513
2024-08-21,0.016526171238054735,0.023334884934641906,-0.005977955096559288,0.006182913698993591,0.01226220918748
2024-08-22,0.018003295308011855,0.019732360452164196,0.001700489536602458,0.023811005830966264,0.012449002927730367
2024-08-23,0.0005919379895381235,0.0045993100906452445,-0.001989307464542245,0.01659514292814398,0.0022582454842249616
2024-08-26,-0.0032751998427061543,-0.008100687251439904,0.0071787536042916015,0.00953631092958368,-0.006304113134466558
2024-08-27,0.006917416141469073,-0.0008525375848590875,-0.0015811023777695262,0.005354333795245002,0.0129322016288465
2024-08-28,-0.009249825632744273,-0.01694228427942662,-0.003919249756548139,-0.012238773762660285,0.003000182316591201
2024-08-29,0.01858367154028844,0.021703456699776316,0.0029146935295198766,0.005379168444968439,0.008420659152000997
2024-08-30,-0.00399645142864514,-0.005992595524587343,-0.008769276512493054,-0.002055151338424533,-3.784453279907725e-05
2024-09-02,0.00894432868893451,0.01011339617945077,-0.003303375137078663,-0.006290959217933147,0.005776172869293149
2024-09-03,0.008858846769793944,0.003235157959060042,-0.0024755323423729667,0.003387953597956773,0.0011355442027571295
2024-09-04,-0.0070542756588960025,-0.006306260451889746,-0.005059939970555004,-0.00094557999239288,-0.007066668032365728
2024-09-05,0.012754244316398598,0.026516882151566373,-0.0072836114304973025,0.0014033140169262207,0.005130392694826658
2024-09-06,0.012491450085573473,0.00646519776966088,-0.001057323579304916,-0.0035520237184911052,0.005231406132469369
2024-09-09,-0.012372303301767685,-0.00876748608660949,-0.0014602672111207787,0.0005269212374016264,-0.007624460039109429
2024-09-10,-0.0013736684615863553,-0.0006636886104379462,-0.004289478329631036,-0.0005479862380870244,0.008716481267333525
2024-09-11,-0.009337137429992572,-0.003592306126302966,0.012483217427382431,-0.0038130780071255438,-0.01577179071373686
2024-09-12,0.0036235308020611764,0.0008857095830191677,0.010342163832888392,0.005612351348087687,-0.005251107300663231
2024-09-13,-0.013765914132140537,-0.008795261821731466,0.000721720943135812,-0.002891981280467754,-0.0019094484407503325
2024-09-16,-0.005811100223169963,-0.006489252489438527,0.0013944400651046817,0.004649350445702352,-0.00010011673162266249
2024-09-17,-0.0026413647750579425,-0.002485831558429561,-0.0015810623926103477,-0.012278082389997705,0.0002559132346228533
2024-09-18,0.022706301129996814,0.019522589305332325,-0.011306567150853201,-0.006122267268914786,0.018277994332259937
2024-09-19,0.005381825450357281,0.004906618998872428,-0.007220582447409024,-0.001097540618453858,-0.0038041941503329972
2024-09-20,0.0017211188022899187,0.006629263880373987,-0.007707046172739175,-0.015064529194647663,0.011395321842675978
2024-09-23,-0.007341115674055019,-0.0016466807395927301,0.0016587521145828776,-0.0028966026626087724,-0.0016396715098798578
2024-09-24,-0.010607986280957288,-0.01065891239246709,0.0004915705105550318,-0.011803665228985835,-0.003933785762776273
2024-09-25,-0.003159693682534994,-0.0042529773354557845,-0.006795114690449861,0.008728546703219785,0.005033562993854156
2024-09-26,0.011569870610063744,0.010742396377149958,-0.01398092050497004,0.011400336210694717,0.009469561870571703
2024-09-27,-0.008985597552240645,-0.0073576107262404156,0.009873228015979374,0.0017986246463226275,-0.00022595537905662546
2024-09-30,0.012995999262202422,0.008043089529677158,-0.008257178214171183,0.0071903498272054165,-0.005874107455170226
2024-10-01,-0.0017934683179798654,-0.009775755556520684,-0.003363057591254215,-0.002702067975627248,-0.0023293063379428857
2024-10-02,-0.006627135025351303,-0.013132995267331476,0.015332793270837768,0.019955112409387854,-0.01366424307964533
2024-10-03,0.018985401015642805,0.01818585372460955,-0.004422493790617496,0.0016183446120117972,0.007309147979729345
2024-10-04,0.011806228123273761,0.013362739580147838,-0.0059876161732578944,-0.01012728665487558,0.002693958202432752
2024-10-07,-0.019696561387225163,-0.02107390702647706,-0.0022674444399202044,-0.006599787721019665,-0.002233607764387556
2024-10-08,0.014391594875059028,0.015269879796115519,-0.004339203675985647,0.015057712944771526,0.011611401380429156
2024-10-09,-0.003933677518518275,-0.012046504725246958,0.0026171481054110884,0.007788610578239464,-0.006314929739419332
2024-10-10,0.00349443306165639,0.001755816799294746,-0.002283057738720919,-0.018628231070421594,0.0008014605138448423
2024-10-11,0.011632431628896652,0.009021061068138431,-0.003110144896324916,-0.0042174560020104375,0.008530967301797504
2024-10-14,-0.0025982783704340835,-0.007942302828833953,0.008402322399781587,0.010712683991544198,-0.006866025598230774
2024-10-15,0.005973459713013329,0.009360216247668848,0.00275448356255803,-0.010946176914387394,0.007695121473183753
2024-10-16,-0.006836387555108777,-0.009301073352409754,0.017989187398580072,0.008605767845562816,-0.010324602543631354
2024-10-17,-0.026463532473070872,-0.02077875442127949,-0.0005787632003564639,-0.013908272454203714,-0.015149288308780925
2024-10-18,0.016996941500403512,0.02248604112904634,-0.004974139359382855,0.0027945016285845776,0.007042736717825651
2024-10-21,0.0016758442747842098,0.0022011277547927827,0.005631957313470081,0.009794062473293185,0.0022096324405127027
2024-10-22,-0.004348170690553228,-0.0005967636747824419,0.001019686641157801,-0.009159152062233247,-0.004670207415044587
2024-10-23,0.0010143238054118944,0.006082931416947867,-0.0008553589001384462,-0.010021129926718912,0.0010886487404754724
2024-10-24,0.0013614724806786287,0.0024809782953661807,0.0054785704466157464,0.009963835726959405,-0.003751515274656825
2024-10-25,-0.007393721496587321,-0.013643349343059835,0.005656946131868038,0.012691563103234332,-0.007022330429489893
2024-10-28,-0.0028971667766999176,0.004938400501100897,0.004796634040593348,0.0034089493723563507,-0.008797132342458075
2024-10-29,0.008144736831353028,0.0036439792762932343,-0.009757687451743404,-0.0042394425367061695,0.0033407404602955005
2024-10-30,-0.002659196332620472,-0.010760664266288612,0.005788378777643657,0.011566237928601841,-0.01354016474755357
2024-10-31,0.011741493667998603,0.00815528183142957,0.0017574364799512268,0.003094073889376116,0.005586030345646306
2024-11-01,-0.0022211717930546247,0.0042667219134979095,-0.006393115871807602,0.0004991186728002049,0.00678903129401852
2024-11-04,0.008596080966484928,0.021981750803715946,-0.004135665818813667,0.0050921058768189035,0.0055637077478009256
2024-11-05,0.014800872916232034,0.015844081843242354,-0.006303119407225801,0.010009399230627977,0.006803430395077662
2024-11-06,-0.016952709106806674,-0.021031772725828363,0.007987617024473016,0.010974407629564665,-0.010165224325974541
2024-11-07,0.015818364806808306,0.009526266618469288,-0.0077349215808103534,-0.0011772118832369654,0.009239496690198312
2024-11-08,0.0010091326590023581,0.004874065360073977,-0.0026127534324279053,-0.00042868587280795394,0.0011216917046828966
2024-11-11,-0.011110678846693799,-0.012549134833480476,0.001953729952748471,-0.0024200680636303467,-0.0061241369705535235
2024-11-12,0.0009080824873606336,-0.0013972666367543561,0.0074174734234715165,-0.005218873364377522,-0.005589352852586166
2024-11-13,0.03335956349068267,0.03011062132319745,-0.01780979122793158,0.0054036526658619325,0.010537619973433901
2024-11-14,-0.002823286919669267,0.008743506601629666,-0.007567818671518671,-0.020333649527406735,-0.007381525535280015
2024-11-15,0.010780314820163827,0.01774236028660866,-0.005335929886488345,0.003996010738657223,0.014783822887709673
2024-11-18,0.021448156973157904,0.0216694153500963,-0.020098646706806715,-0.01010644788745479,0.013842573618787676
2024-11-19,-0.0031072655589406873,-0.004365889373847671,0.0076629281191605385,0.012258408437467559,-0.00439560218744005
2024-11-20,0.013181818512621825,0.0161109219852014,-0.0028416980557805856,0.007798219277026514,0.008134573759288293
2024-11-21,0.024693734125173148,0.018612251547330736,-0.01056081274313946,0.0006169661007349446,0.01755249735718436
2024-11-22,0.015215525845237068,0.016197459623876587,-0.012857483730929337,0.003960835389668913,0.015378777184075279
2024-11-25,-0.023302303912552873,-0.025032012270357982,-0.0037787351104667474,-0.01086727600649079,-0.01601917151156631
2024-11-26,0.009711176378903829,0.01106435977510921,-0.010476712512054955,0.004059895648757634,0.00014552794065560644
2024-11-27,0.0039613654856513235,-0.00021449453701269296,-0.00380929095843556,0.003682040240249342,0.0057413446449918045
2024-11-28,0.016043628882671523,0.016768847377622097,-0.002354777762298416,-0.0011758674515711222,0.009810531284209872
2024-11-29,0.005273832576102141,0.005121168221332507,-0.012666356123825414,-0.001587481499086134,0.008002983687415545
2024-12-02,-0.00816208171617541,-0.015807882405557822,0.010544956822950435,0.007561058375777532,-0.008401330223707764
2024-12-03,-0.01364439459776985,-0.019154163998554498,0.011186830746978007,0.0037428049965268664,-0.013083160664289765
2024-12-04,0.0061162707746958735,0.002096310883185772,0.007237615220090292,0.014938286931878502,-0.001231716117811725
2024-12-05,-0.007544042964370325,-0.02246259531233603,-0.008827453347407777,-0.012773789923510841,-0.0016094159658037396
2024-12-06,-0.003914804453296315,-0.011583553581742595,-0.0015386444518764926,0.0036032034110080402,0.0010025822728732569
2024-12-09,-0.022796043370306576,-0.025171516596256535,-0.0027005684744846096,0.0015269686854067646,-0.006761404066519541
2024-12-10,-0.010776326715893502,-0.01576977117442424,-0.000506244549686398,-0.018457026905910775,-0.004082439740633696
2024-12-11,-0.0032741345560815685,0.0018089742092756136,-0.005385281740387457,-0.008285263299664882,-0.008293591862828782
2024-12-12,-0.012051486761931038,-0.019420628674978596,0.008642317107194517,-0.002953718428693159,-0.008145316686578745
2024-12-13,-0.004569160846341653,-0.011869607053076145,-0.0006186061603146302,0.004492571203203434,-0.008907139293084135
2024-12-16,0.009709353488776546,0.005759075538311292,-0.006069663742996181,0.0040658236950390815,0.0029041797938875557
2024-12-17,0.0004508983120303873,-0.001242699396026239,0.0004954174337418601,-0.01730660619465598,-0.010140889019488274
2024-12-18,0.007391604072562058,0.01362452111845912,-0.006975162225849967,-0.0041840665975849045,0.007409866089416901
2024-12-19,0.00831861121990445,-0.002196932570772293,-0.008927599389749102,-0.0028107538411693105,0.009935059427456197
2024-12-20,0.029981165804657938,0.030928749806712508,-0.016762215083311112,0.0020034083929013043,0.026976441153224104
2024-12-23,0.001296169451754011,-0.003583429059913026,0.005069462903934919,0.008066147507093042,-0.006287072541603319
2024-12-24,0.004577107410412103,0.01038461553837953,0.006757404834272598,0.002235102736684611,-0.0011166217367622442
2024-12-25,0.014727285864975152,0.009167309172659123,-0.001872126271706384,-0.007243215649630259,0.01340807070243627
2024-12-26,-0.0030965461873339382,0.003636908595759023,0.004640605157345716,-0.008972154304847072,0.004989134669994671
2024-12-27,0.018614943197132753,0.024821018870541306,-0.009088957668162805,-0.0032789777039266676,0.012913171721797075
2024-12-30,-0.0084445247919772,0.00022187373449280857,0.004142344348383192,-0.021646711958539663,-0.003601503970903676
2024-12-31,-0.004177888761807758,-0.004895378571717216,-0.0012422194109280354,0.004836836195074166,0.004291392685052613
